"REF_DATE","GEO","DGUID","Supply of processing plant products","UOM","UOM_ID","SCALAR_FACTOR","SCALAR_ID","VECTOR","COORDINATE","VALUE","STATUS","SYMBOL","TERMINATED","DECIMALS"
"1989-01","Canada","2016A000011124","Propane","Cubic metres","72","thousands","3","v18135","1.4","581.6","","","","1"
"1989-01","Canada","2016A000011124","Butane","Cubic metres","72","thousands","3","v18140","1.5","300.3","","","","1"
"1989-01","Canada","2016A000011124","Ethane","Cubic metres","72","thousands","3","v18145","1.6","675.8","","","","1"
"1989-01","Canada","2016A000011124","Sulphur","Tonnes","288","units","0","v18150","1.7","525855","","","","0"
"1989-01","Canada","2016A000011124","Gas use (reprocessing), shrinkage","Cubic metres","72","millions","6","v18132","1.1","284.1","","","t","1"
"1989-01","Canada","2016A000011124","Gas use (reprocessing), flared","Cubic metres","72","millions","6","v18133","1.2","1.7","","","t","1"
"1989-01","Canada","2016A000011124","Gas use (reprocessing), plant fuel","Cubic metres","72","millions","6","v18134","1.3","33.0","","","t","1"
"1989-01","Manitoba","2016A000246","Propane","Cubic metres","72","thousands","3","v18136","2.4","0.4","","","","1"
"1989-01","Manitoba","2016A000246","Butane","Cubic metres","72","thousands","3","v18141","2.5","0.2","","","","1"
"1989-01","Saskatchewan","2016A000247","Propane","Cubic metres","72","thousands","3","v18137","3.4","5.2","","","","1"
"1989-01","Saskatchewan","2016A000247","Butane","Cubic metres","72","thousands","3","v18142","3.5","4.0","","","","1"
"1989-01","Alberta","2016A000248","Propane","Cubic metres","72","thousands","3","v18138","4.4","550.7","","","","1"
"1989-01","Alberta","2016A000248","Butane","Cubic metres","72","thousands","3","v18143","4.5","281.2","","","","1"
"1989-01","Alberta","2016A000248","Ethane","Cubic metres","72","thousands","3","v18148","4.6","675.8","","","","1"
"1989-01","Alberta","2016A000248","Sulphur","Tonnes","288","units","0","v18153","4.7","480661","","","","0"
"1989-01","British Columbia","2016A000259","Propane","Cubic metres","72","thousands","3","v18139","5.4","25.3","","","","1"
"1989-01","British Columbia","2016A000259","Butane","Cubic metres","72","thousands","3","v18144","5.5","14.9","","","","1"
"1989-01","British Columbia","2016A000259","Ethane","Cubic metres","72","thousands","3","v18149","5.6","0.0","","","","1"
"1989-01","British Columbia","2016A000259","Sulphur","Tonnes","288","units","0","v18154","5.7","45194","","","","0"
"1989-02","Canada","2016A000011124","Propane","Cubic metres","72","thousands","3","v18135","1.4","527.4","","","","1"
"1989-02","Canada","2016A000011124","Butane","Cubic metres","72","thousands","3","v18140","1.5","255.3","","","","1"
"1989-02","Canada","2016A000011124","Ethane","Cubic metres","72","thousands","3","v18145","1.6","615.5","","","","1"
"1989-02","Canada","2016A000011124","Sulphur","Tonnes","288","units","0","v18150","1.7","463515","","","","0"
"1989-02","Canada","2016A000011124","Gas use (reprocessing), shrinkage","Cubic metres","72","millions","6","v18132","1.1","258.6","","","t","1"
"1989-02","Canada","2016A000011124","Gas use (reprocessing), flared","Cubic metres","72","millions","6","v18133","1.2","1.6","","","t","1"
"1989-02","Canada","2016A000011124","Gas use (reprocessing), plant fuel","Cubic metres","72","millions","6","v18134","1.3","30.3","","","t","1"
"1989-02","Manitoba","2016A000246","Propane","Cubic metres","72","thousands","3","v18136","2.4","0.4","","","","1"
"1989-02","Manitoba","2016A000246","Butane","Cubic metres","72","thousands","3","v18141","2.5","0.2","","","","1"
"1989-02","Saskatchewan","2016A000247","Propane","Cubic metres","72","thousands","3","v18137","3.4","4.3","","","","1"
"1989-02","Saskatchewan","2016A000247","Butane","Cubic metres","72","thousands","3","v18142","3.5","4.3","","","","1"
"1989-02","Alberta","2016A000248","Propane","Cubic metres","72","thousands","3","v18138","4.4","498.3","","","","1"
"1989-02","Alberta","2016A000248","Butane","Cubic metres","72","thousands","3","v18143","4.5","237.0","","","","1"
"1989-02","Alberta","2016A000248","Ethane","Cubic metres","72","thousands","3","v18148","4.6","615.5","","","","1"
"1989-02","Alberta","2016A000248","Sulphur","Tonnes","288","units","0","v18153","4.7","421035","","","","0"
"1989-02","British Columbia","2016A000259","Propane","Cubic metres","72","thousands","3","v18139","5.4","24.4","","","","1"
"1989-02","British Columbia","2016A000259","Butane","Cubic metres","72","thousands","3","v18144","5.5","13.8","","","","1"
"1989-02","British Columbia","2016A000259","Ethane","Cubic metres","72","thousands","3","v18149","5.6","0.0","","","","1"
"1989-02","British Columbia","2016A000259","Sulphur","Tonnes","288","units","0","v18154","5.7","42480","","","","0"
"1989-03","Canada","2016A000011124","Propane","Cubic metres","72","thousands","3","v18135","1.4","555.0","","","","1"
"1989-03","Canada","2016A000011124","Butane","Cubic metres","72","thousands","3","v18140","1.5","305.4","","","","1"
"1989-03","Canada","2016A000011124","Ethane","Cubic metres","72","thousands","3","v18145","1.6","658.6","","","","1"
"1989-03","Canada","2016A000011124","Sulphur","Tonnes","288","units","0","v18150","1.7","509717","","","","0"
"1989-03","Canada","2016A000011124","Gas use (reprocessing), shrinkage","Cubic metres","72","millions","6","v18132","1.1","278.5","","","t","1"
"1989-03","Canada","2016A000011124","Gas use (reprocessing), flared","Cubic metres","72","millions","6","v18133","1.2","1.8","","","t","1"
"1989-03","Canada","2016A000011124","Gas use (reprocessing), plant fuel","Cubic metres","72","millions","6","v18134","1.3","33.2","","","t","1"
"1989-03","Manitoba","2016A000246","Propane","Cubic metres","72","thousands","3","v18136","2.4","0.3","","","","1"
"1989-03","Manitoba","2016A000246","Butane","Cubic metres","72","thousands","3","v18141","2.5","0.2","","","","1"
"1989-03","Saskatchewan","2016A000247","Propane","Cubic metres","72","thousands","3","v18137","3.4","4.0","","","","1"
"1989-03","Saskatchewan","2016A000247","Butane","Cubic metres","72","thousands","3","v18142","3.5","3.5","","","","1"
"1989-03","Alberta","2016A000248","Propane","Cubic metres","72","thousands","3","v18138","4.4","522.5","","","","1"
"1989-03","Alberta","2016A000248","Butane","Cubic metres","72","thousands","3","v18143","4.5","286.4","","","","1"
"1989-03","Alberta","2016A000248","Ethane","Cubic metres","72","thousands","3","v18148","4.6","658.6","","","","1"
"1989-03","Alberta","2016A000248","Sulphur","Tonnes","288","units","0","v18153","4.7","469634","","","","0"
"1989-03","British Columbia","2016A000259","Propane","Cubic metres","72","thousands","3","v18139","5.4","28.2","","","","1"
"1989-03","British Columbia","2016A000259","Butane","Cubic metres","72","thousands","3","v18144","5.5","15.3","","","","1"
"1989-03","British Columbia","2016A000259","Ethane","Cubic metres","72","thousands","3","v18149","5.6","0.0","","","","1"
"1989-03","British Columbia","2016A000259","Sulphur","Tonnes","288","units","0","v18154","5.7","40083","","","","0"
"1989-04","Canada","2016A000011124","Propane","Cubic metres","72","thousands","3","v18135","1.4","512.3","","","","1"
"1989-04","Canada","2016A000011124","Butane","Cubic metres","72","thousands","3","v18140","1.5","262.4","","","","1"
"1989-04","Canada","2016A000011124","Ethane","Cubic metres","72","thousands","3","v18145","1.6","612.9","","","","1"
"1989-04","Canada","2016A000011124","Sulphur","Tonnes","288","units","0","v18150","1.7","478768","","","","0"
"1989-04","Canada","2016A000011124","Gas use (reprocessing), shrinkage","Cubic metres","72","millions","6","v18132","1.1","252.5","","","t","1"
"1989-04","Canada","2016A000011124","Gas use (reprocessing), flared","Cubic metres","72","millions","6","v18133","1.2","2.3","","","t","1"
"1989-04","Canada","2016A000011124","Gas use (reprocessing), plant fuel","Cubic metres","72","millions","6","v18134","1.3","29.4","","","t","1"
"1989-04","Manitoba","2016A000246","Propane","Cubic metres","72","thousands","3","v18136","2.4","0.1","","","","1"
"1989-04","Manitoba","2016A000246","Butane","Cubic metres","72","thousands","3","v18141","2.5","0.1","","","","1"
"1989-04","Saskatchewan","2016A000247","Propane","Cubic metres","72","thousands","3","v18137","3.4","4.1","","","","1"
"1989-04","Saskatchewan","2016A000247","Butane","Cubic metres","72","thousands","3","v18142","3.5","3.6","","","","1"
"1989-04","Alberta","2016A000248","Propane","Cubic metres","72","thousands","3","v18138","4.4","488.4","","","","1"
"1989-04","Alberta","2016A000248","Butane","Cubic metres","72","thousands","3","v18143","4.5","246.0","","","","1"
"1989-04","Alberta","2016A000248","Ethane","Cubic metres","72","thousands","3","v18148","4.6","612.9","","","","1"
"1989-04","Alberta","2016A000248","Sulphur","Tonnes","288","units","0","v18153","4.7","442401","","","","0"
"1989-04","British Columbia","2016A000259","Propane","Cubic metres","72","thousands","3","v18139","5.4","19.7","","","","1"
"1989-04","British Columbia","2016A000259","Butane","Cubic metres","72","thousands","3","v18144","5.5","12.7","","","","1"
"1989-04","British Columbia","2016A000259","Ethane","Cubic metres","72","thousands","3","v18149","5.6","0.0","","","","1"
"1989-04","British Columbia","2016A000259","Sulphur","Tonnes","288","units","0","v18154","5.7","36367","","","","0"
"1989-05","Canada","2016A000011124","Propane","Cubic metres","72","thousands","3","v18135","1.4","514.7","","","","1"
"1989-05","Canada","2016A000011124","Butane","Cubic metres","72","thousands","3","v18140","1.5","283.1","","","","1"
"1989-05","Canada","2016A000011124","Ethane","Cubic metres","72","thousands","3","v18145","1.6","539.8","","","","1"
"1989-05","Canada","2016A000011124","Sulphur","Tonnes","288","units","0","v18150","1.7","446028","","","","0"
"1989-05","Canada","2016A000011124","Gas use (reprocessing), shrinkage","Cubic metres","72","millions","6","v18132","1.1","243.5","","","t","1"
"1989-05","Canada","2016A000011124","Gas use (reprocessing), flared","Cubic metres","72","millions","6","v18133","1.2","2.5","","","t","1"
"1989-05","Canada","2016A000011124","Gas use (reprocessing), plant fuel","Cubic metres","72","millions","6","v18134","1.3","26.2","","","t","1"
"1989-05","Manitoba","2016A000246","Propane","Cubic metres","72","thousands","3","v18136","2.4","0.4","","","","1"
"1989-05","Manitoba","2016A000246","Butane","Cubic metres","72","thousands","3","v18141","2.5","0.1","","","","1"
"1989-05","Saskatchewan","2016A000247","Propane","Cubic metres","72","thousands","3","v18137","3.4","3.1","","","","1"
"1989-05","Saskatchewan","2016A000247","Butane","Cubic metres","72","thousands","3","v18142","3.5","2.9","","","","1"
"1989-05","Alberta","2016A000248","Propane","Cubic metres","72","thousands","3","v18138","4.4","491.8","","","","1"
"1989-05","Alberta","2016A000248","Butane","Cubic metres","72","thousands","3","v18143","4.5","267.6","","","","1"
"1989-05","Alberta","2016A000248","Ethane","Cubic metres","72","thousands","3","v18148","4.6","539.8","","","","1"
"1989-05","Alberta","2016A000248","Sulphur","Tonnes","288","units","0","v18153","4.7","419193","","","","0"
"1989-05","British Columbia","2016A000259","Propane","Cubic metres","72","thousands","3","v18139","5.4","19.4","","","","1"
"1989-05","British Columbia","2016A000259","Butane","Cubic metres","72","thousands","3","v18144","5.5","12.5","","","","1"
"1989-05","British Columbia","2016A000259","Ethane","Cubic metres","72","thousands","3","v18149","5.6","0.0","","","","1"
"1989-05","British Columbia","2016A000259","Sulphur","Tonnes","288","units","0","v18154","5.7","26835","","","","0"
"1989-06","Canada","2016A000011124","Propane","Cubic metres","72","thousands","3","v18135","1.4","476.6","","","","1"
"1989-06","Canada","2016A000011124","Butane","Cubic metres","72","thousands","3","v18140","1.5","269.3","","","","1"
"1989-06","Canada","2016A000011124","Ethane","Cubic metres","72","thousands","3","v18145","1.6","495.6","","","","1"
"1989-06","Canada","2016A000011124","Sulphur","Tonnes","288","units","0","v18150","1.7","429199","","","","0"
"1989-06","Canada","2016A000011124","Gas use (reprocessing), shrinkage","Cubic metres","72","millions","6","v18132","1.1","223.2","","","t","1"
"1989-06","Canada","2016A000011124","Gas use (reprocessing), flared","Cubic metres","72","millions","6","v18133","1.2","1.9","","","t","1"
"1989-06","Canada","2016A000011124","Gas use (reprocessing), plant fuel","Cubic metres","72","millions","6","v18134","1.3","24.7","","","t","1"
"1989-06","Manitoba","2016A000246","Propane","Cubic metres","72","thousands","3","v18136","2.4","0.3","","","","1"
"1989-06","Manitoba","2016A000246","Butane","Cubic metres","72","thousands","3","v18141","2.5","0.1","","","","1"
"1989-06","Saskatchewan","2016A000247","Propane","Cubic metres","72","thousands","3","v18137","3.4","3.7","","","","1"
"1989-06","Saskatchewan","2016A000247","Butane","Cubic metres","72","thousands","3","v18142","3.5","3.5","","","","1"
"1989-06","Alberta","2016A000248","Propane","Cubic metres","72","thousands","3","v18138","4.4","450.0","","","","1"
"1989-06","Alberta","2016A000248","Butane","Cubic metres","72","thousands","3","v18143","4.5","252.4","","","","1"
"1989-06","Alberta","2016A000248","Ethane","Cubic metres","72","thousands","3","v18148","4.6","495.6","","","","1"
"1989-06","Alberta","2016A000248","Sulphur","Tonnes","288","units","0","v18153","4.7","399369","","","","0"
"1989-06","British Columbia","2016A000259","Propane","Cubic metres","72","thousands","3","v18139","5.4","22.6","","","","1"
"1989-06","British Columbia","2016A000259","Butane","Cubic metres","72","thousands","3","v18144","5.5","13.3","","","","1"
"1989-06","British Columbia","2016A000259","Ethane","Cubic metres","72","thousands","3","v18149","5.6","0.0","","","","1"
"1989-06","British Columbia","2016A000259","Sulphur","Tonnes","288","units","0","v18154","5.7","29830","","","","0"
"1989-07","Canada","2016A000011124","Propane","Cubic metres","72","thousands","3","v18135","1.4","520.1","","","","1"
"1989-07","Canada","2016A000011124","Butane","Cubic metres","72","thousands","3","v18140","1.5","282.3","","","","1"
"1989-07","Canada","2016A000011124","Ethane","Cubic metres","72","thousands","3","v18145","1.6","467.9","","","","1"
"1989-07","Canada","2016A000011124","Sulphur","Tonnes","288","units","0","v18150","1.7","443749","","","","0"
"1989-07","Canada","2016A000011124","Gas use (reprocessing), shrinkage","Cubic metres","72","millions","6","v18132","1.1","226.3","","","t","1"
"1989-07","Canada","2016A000011124","Gas use (reprocessing), flared","Cubic metres","72","millions","6","v18133","1.2","1.8","","","t","1"
"1989-07","Canada","2016A000011124","Gas use (reprocessing), plant fuel","Cubic metres","72","millions","6","v18134","1.3","24.9","","","t","1"
"1989-07","Manitoba","2016A000246","Propane","Cubic metres","72","thousands","3","v18136","2.4","0.4","","","","1"
"1989-07","Manitoba","2016A000246","Butane","Cubic metres","72","thousands","3","v18141","2.5","0.1","","","","1"
"1989-07","Saskatchewan","2016A000247","Propane","Cubic metres","72","thousands","3","v18137","3.4","4.4","","","","1"
"1989-07","Saskatchewan","2016A000247","Butane","Cubic metres","72","thousands","3","v18142","3.5","3.5","","","","1"
"1989-07","Alberta","2016A000248","Propane","Cubic metres","72","thousands","3","v18138","4.4","495.8","","","","1"
"1989-07","Alberta","2016A000248","Butane","Cubic metres","72","thousands","3","v18143","4.5","267.2","","","","1"
"1989-07","Alberta","2016A000248","Ethane","Cubic metres","72","thousands","3","v18148","4.6","467.9","","","","1"
"1989-07","Alberta","2016A000248","Sulphur","Tonnes","288","units","0","v18153","4.7","415177","","","","0"
"1989-07","British Columbia","2016A000259","Propane","Cubic metres","72","thousands","3","v18139","5.4","19.5","","","","1"
"1989-07","British Columbia","2016A000259","Butane","Cubic metres","72","thousands","3","v18144","5.5","11.5","","","","1"
"1989-07","British Columbia","2016A000259","Ethane","Cubic metres","72","thousands","3","v18149","5.6","0.0","","","","1"
"1989-07","British Columbia","2016A000259","Sulphur","Tonnes","288","units","0","v18154","5.7","28572","","","","0"
"1989-08","Canada","2016A000011124","Propane","Cubic metres","72","thousands","3","v18135","1.4","494.8","","","","1"
"1989-08","Canada","2016A000011124","Butane","Cubic metres","72","thousands","3","v18140","1.5","276.2","","","","1"
"1989-08","Canada","2016A000011124","Ethane","Cubic metres","72","thousands","3","v18145","1.6","462.1","","","","1"
"1989-08","Canada","2016A000011124","Sulphur","Tonnes","288","units","0","v18150","1.7","443199","","","","0"
"1989-08","Canada","2016A000011124","Gas use (reprocessing), shrinkage","Cubic metres","72","millions","6","v18132","1.1","209.1","","","t","1"
"1989-08","Canada","2016A000011124","Gas use (reprocessing), flared","Cubic metres","72","millions","6","v18133","1.2","1.8","","","t","1"
"1989-08","Canada","2016A000011124","Gas use (reprocessing), plant fuel","Cubic metres","72","millions","6","v18134","1.3","25.2","","","t","1"
"1989-08","Manitoba","2016A000246","Propane","Cubic metres","72","thousands","3","v18136","2.4","0.3","","","","1"
"1989-08","Manitoba","2016A000246","Butane","Cubic metres","72","thousands","3","v18141","2.5","0.1","","","","1"
"1989-08","Saskatchewan","2016A000247","Propane","Cubic metres","72","thousands","3","v18137","3.4","4.2","","","","1"
"1989-08","Saskatchewan","2016A000247","Butane","Cubic metres","72","thousands","3","v18142","3.5","3.8","","","","1"
"1989-08","Alberta","2016A000248","Propane","Cubic metres","72","thousands","3","v18138","4.4","472.0","","","","1"
"1989-08","Alberta","2016A000248","Butane","Cubic metres","72","thousands","3","v18143","4.5","261.5","","","","1"
"1989-08","Alberta","2016A000248","Ethane","Cubic metres","72","thousands","3","v18148","4.6","462.1","","","","1"
"1989-08","Alberta","2016A000248","Sulphur","Tonnes","288","units","0","v18153","4.7","421200","","","","0"
"1989-08","British Columbia","2016A000259","Propane","Cubic metres","72","thousands","3","v18139","5.4","18.3","","","","1"
"1989-08","British Columbia","2016A000259","Butane","Cubic metres","72","thousands","3","v18144","5.5","10.8","","","","1"
"1989-08","British Columbia","2016A000259","Ethane","Cubic metres","72","thousands","3","v18149","5.6","0.0","","","","1"
"1989-08","British Columbia","2016A000259","Sulphur","Tonnes","288","units","0","v18154","5.7","21999","","","","0"
"1989-09","Canada","2016A000011124","Propane","Cubic metres","72","thousands","3","v18135","1.4","487.7","","","","1"
"1989-09","Canada","2016A000011124","Butane","Cubic metres","72","thousands","3","v18140","1.5","262.9","","","","1"
"1989-09","Canada","2016A000011124","Ethane","Cubic metres","72","thousands","3","v18145","1.6","433.3","","","","1"
"1989-09","Canada","2016A000011124","Sulphur","Tonnes","288","units","0","v18150","1.7","394306","","","","0"
"1989-09","Canada","2016A000011124","Gas use (reprocessing), shrinkage","Cubic metres","72","millions","6","v18132","1.1","207.3","","","t","1"
"1989-09","Canada","2016A000011124","Gas use (reprocessing), flared","Cubic metres","72","millions","6","v18133","1.2","1.3","","","t","1"
"1989-09","Canada","2016A000011124","Gas use (reprocessing), plant fuel","Cubic metres","72","millions","6","v18134","1.3","22.5","","","t","1"
"1989-09","Manitoba","2016A000246","Propane","Cubic metres","72","thousands","3","v18136","2.4","0.4","","","","1"
"1989-09","Manitoba","2016A000246","Butane","Cubic metres","72","thousands","3","v18141","2.5","0.1","","","","1"
"1989-09","Saskatchewan","2016A000247","Propane","Cubic metres","72","thousands","3","v18137","3.4","3.9","","","","1"
"1989-09","Saskatchewan","2016A000247","Butane","Cubic metres","72","thousands","3","v18142","3.5","3.5","","","","1"
"1989-09","Alberta","2016A000248","Propane","Cubic metres","72","thousands","3","v18138","4.4","463.4","","","","1"
"1989-09","Alberta","2016A000248","Butane","Cubic metres","72","thousands","3","v18143","4.5","247.9","","","","1"
"1989-09","Alberta","2016A000248","Ethane","Cubic metres","72","thousands","3","v18148","4.6","433.3","","","","1"
"1989-09","Alberta","2016A000248","Sulphur","Tonnes","288","units","0","v18153","4.7","376537","","","","0"
"1989-09","British Columbia","2016A000259","Propane","Cubic metres","72","thousands","3","v18139","5.4","20.0","","","","1"
"1989-09","British Columbia","2016A000259","Butane","Cubic metres","72","thousands","3","v18144","5.5","11.4","","","","1"
"1989-09","British Columbia","2016A000259","Ethane","Cubic metres","72","thousands","3","v18149","5.6","0.0","","","","1"
"1989-09","British Columbia","2016A000259","Sulphur","Tonnes","288","units","0","v18154","5.7","17769","","","","0"
"1989-10","Canada","2016A000011124","Propane","Cubic metres","72","thousands","3","v18135","1.4","528.6","","","","1"
"1989-10","Canada","2016A000011124","Butane","Cubic metres","72","thousands","3","v18140","1.5","299.8","","","","1"
"1989-10","Canada","2016A000011124","Ethane","Cubic metres","72","thousands","3","v18145","1.6","398.3","","","","1"
"1989-10","Canada","2016A000011124","Sulphur","Tonnes","288","units","0","v18150","1.7","475348","","","","0"
"1989-10","Canada","2016A000011124","Gas use (reprocessing), shrinkage","Cubic metres","72","millions","6","v18132","1.1","198.6","","","t","1"
"1989-10","Canada","2016A000011124","Gas use (reprocessing), flared","Cubic metres","72","millions","6","v18133","1.2","1.9","","","t","1"
"1989-10","Canada","2016A000011124","Gas use (reprocessing), plant fuel","Cubic metres","72","millions","6","v18134","1.3","27.0","","","t","1"
"1989-10","Manitoba","2016A000246","Propane","Cubic metres","72","thousands","3","v18136","2.4","0.4","","","","1"
"1989-10","Manitoba","2016A000246","Butane","Cubic metres","72","thousands","3","v18141","2.5","0.1","","","","1"
"1989-10","Saskatchewan","2016A000247","Propane","Cubic metres","72","thousands","3","v18137","3.4","4.2","","","","1"
"1989-10","Saskatchewan","2016A000247","Butane","Cubic metres","72","thousands","3","v18142","3.5","3.9","","","","1"
"1989-10","Alberta","2016A000248","Propane","Cubic metres","72","thousands","3","v18138","4.4","497.7","","","","1"
"1989-10","Alberta","2016A000248","Butane","Cubic metres","72","thousands","3","v18143","4.5","279.9","","","","1"
"1989-10","Alberta","2016A000248","Ethane","Cubic metres","72","thousands","3","v18148","4.6","398.3","","","","1"
"1989-10","Alberta","2016A000248","Sulphur","Tonnes","288","units","0","v18153","4.7","443014","","","","0"
"1989-10","British Columbia","2016A000259","Propane","Cubic metres","72","thousands","3","v18139","5.4","26.3","","","","1"
"1989-10","British Columbia","2016A000259","Butane","Cubic metres","72","thousands","3","v18144","5.5","15.9","","","","1"
"1989-10","British Columbia","2016A000259","Ethane","Cubic metres","72","thousands","3","v18149","5.6","0.0","","","","1"
"1989-10","British Columbia","2016A000259","Sulphur","Tonnes","288","units","0","v18154","5.7","32334","","","","0"
"1989-11","Canada","2016A000011124","Propane","Cubic metres","72","thousands","3","v18135","1.4","566.5","","","","1"
"1989-11","Canada","2016A000011124","Butane","Cubic metres","72","thousands","3","v18140","1.5","329.4","","","","1"
"1989-11","Canada","2016A000011124","Ethane","Cubic metres","72","thousands","3","v18145","1.6","579.2","","","","1"
"1989-11","Canada","2016A000011124","Sulphur","Tonnes","288","units","0","v18150","1.7","468551","","","","0"
"1989-11","Canada","2016A000011124","Gas use (reprocessing), shrinkage","Cubic metres","72","millions","6","v18132","1.1","253.6","","","t","1"
"1989-11","Canada","2016A000011124","Gas use (reprocessing), flared","Cubic metres","72","millions","6","v18133","1.2","1.7","","","t","1"
"1989-11","Canada","2016A000011124","Gas use (reprocessing), plant fuel","Cubic metres","72","millions","6","v18134","1.3","31.7","","","t","1"
"1989-11","Manitoba","2016A000246","Propane","Cubic metres","72","thousands","3","v18136","2.4","0.3","","","","1"
"1989-11","Manitoba","2016A000246","Butane","Cubic metres","72","thousands","3","v18141","2.5","0.1","","","","1"
"1989-11","Saskatchewan","2016A000247","Propane","Cubic metres","72","thousands","3","v18137","3.4","4.9","","","","1"
"1989-11","Saskatchewan","2016A000247","Butane","Cubic metres","72","thousands","3","v18142","3.5","4.1","","","","1"
"1989-11","Alberta","2016A000248","Propane","Cubic metres","72","thousands","3","v18138","4.4","537.0","","","","1"
"1989-11","Alberta","2016A000248","Butane","Cubic metres","72","thousands","3","v18143","4.5","307.0","","","","1"
"1989-11","Alberta","2016A000248","Ethane","Cubic metres","72","thousands","3","v18148","4.6","579.2","","","","1"
"1989-11","Alberta","2016A000248","Sulphur","Tonnes","288","units","0","v18153","4.7","424166","","","","0"
"1989-11","British Columbia","2016A000259","Propane","Cubic metres","72","thousands","3","v18139","5.4","24.3","","","","1"
"1989-11","British Columbia","2016A000259","Butane","Cubic metres","72","thousands","3","v18144","5.5","18.2","","","","1"
"1989-11","British Columbia","2016A000259","Ethane","Cubic metres","72","thousands","3","v18149","5.6","0.0","","","","1"
"1989-11","British Columbia","2016A000259","Sulphur","Tonnes","288","units","0","v18154","5.7","44385","","","","0"
"1989-12","Canada","2016A000011124","Propane","Cubic metres","72","thousands","3","v18135","1.4","620.5","","","","1"
"1989-12","Canada","2016A000011124","Butane","Cubic metres","72","thousands","3","v18140","1.5","305.0","","","","1"
"1989-12","Canada","2016A000011124","Ethane","Cubic metres","72","thousands","3","v18145","1.6","609.0","","","","1"
"1989-12","Canada","2016A000011124","Sulphur","Tonnes","288","units","0","v18150","1.7","511776","","","","0"
"1989-12","Canada","2016A000011124","Gas use (reprocessing), shrinkage","Cubic metres","72","millions","6","v18132","1.1","283.6","","","t","1"
"1989-12","Canada","2016A000011124","Gas use (reprocessing), flared","Cubic metres","72","millions","6","v18133","1.2","1.8","","","t","1"
"1989-12","Canada","2016A000011124","Gas use (reprocessing), plant fuel","Cubic metres","72","millions","6","v18134","1.3","33.3","","","t","1"
"1989-12","Manitoba","2016A000246","Propane","Cubic metres","72","thousands","3","v18136","2.4","0.5","","","","1"
"1989-12","Manitoba","2016A000246","Butane","Cubic metres","72","thousands","3","v18141","2.5","0.2","","","","1"
"1989-12","Saskatchewan","2016A000247","Propane","Cubic metres","72","thousands","3","v18137","3.4","5.3","","","","1"
"1989-12","Saskatchewan","2016A000247","Butane","Cubic metres","72","thousands","3","v18142","3.5","4.2","","","","1"
"1989-12","Alberta","2016A000248","Propane","Cubic metres","72","thousands","3","v18138","4.4","589.2","","","","1"
"1989-12","Alberta","2016A000248","Butane","Cubic metres","72","thousands","3","v18143","4.5","282.7","","","","1"
"1989-12","Alberta","2016A000248","Ethane","Cubic metres","72","thousands","3","v18148","4.6","609.0","","","","1"
"1989-12","Alberta","2016A000248","Sulphur","Tonnes","288","units","0","v18153","4.7","472251","","","","0"
"1989-12","British Columbia","2016A000259","Propane","Cubic metres","72","thousands","3","v18139","5.4","25.5","","","","1"
"1989-12","British Columbia","2016A000259","Butane","Cubic metres","72","thousands","3","v18144","5.5","17.9","","","","1"
"1989-12","British Columbia","2016A000259","Ethane","Cubic metres","72","thousands","3","v18149","5.6","0.0","","","","1"
"1989-12","British Columbia","2016A000259","Sulphur","Tonnes","288","units","0","v18154","5.7","39525","","","","0"
"1990-01","Canada","2016A000011124","Propane","Cubic metres","72","thousands","3","v18135","1.4","592.9","","","","1"
"1990-01","Canada","2016A000011124","Butane","Cubic metres","72","thousands","3","v18140","1.5","320.6","","","","1"
"1990-01","Canada","2016A000011124","Ethane","Cubic metres","72","thousands","3","v18145","1.6","621.4","","","","1"
"1990-01","Canada","2016A000011124","Sulphur","Tonnes","288","units","0","v18150","1.7","488380","","","","0"
"1990-01","Canada","2016A000011124","Gas use (reprocessing), shrinkage","Cubic metres","72","millions","6","v18132","1.1","283.2","","","t","1"
"1990-01","Canada","2016A000011124","Gas use (reprocessing), flared","Cubic metres","72","millions","6","v18133","1.2","1.7","","","t","1"
"1990-01","Canada","2016A000011124","Gas use (reprocessing), plant fuel","Cubic metres","72","millions","6","v18134","1.3","29.8","","","t","1"
"1990-01","Manitoba","2016A000246","Propane","Cubic metres","72","thousands","3","v18136","2.4","0.5","","","","1"
"1990-01","Manitoba","2016A000246","Butane","Cubic metres","72","thousands","3","v18141","2.5","0.2","","","","1"
"1990-01","Saskatchewan","2016A000247","Propane","Cubic metres","72","thousands","3","v18137","3.4","4.3","","","","1"
"1990-01","Saskatchewan","2016A000247","Butane","Cubic metres","72","thousands","3","v18142","3.5","3.7","","","","1"
"1990-01","Alberta","2016A000248","Propane","Cubic metres","72","thousands","3","v18138","4.4","558.2","","","","1"
"1990-01","Alberta","2016A000248","Butane","Cubic metres","72","thousands","3","v18143","4.5","299.7","","","","1"
"1990-01","Alberta","2016A000248","Ethane","Cubic metres","72","thousands","3","v18148","4.6","621.4","","","","1"
"1990-01","Alberta","2016A000248","Sulphur","Tonnes","288","units","0","v18153","4.7","446743","","","","0"
"1990-01","British Columbia","2016A000259","Propane","Cubic metres","72","thousands","3","v18139","5.4","29.9","","","","1"
"1990-01","British Columbia","2016A000259","Butane","Cubic metres","72","thousands","3","v18144","5.5","17.0","","","","1"
"1990-01","British Columbia","2016A000259","Ethane","Cubic metres","72","thousands","3","v18149","5.6","0.0","","","","1"
"1990-01","British Columbia","2016A000259","Sulphur","Tonnes","288","units","0","v18154","5.7","41637","","","","0"
"1990-02","Canada","2016A000011124","Propane","Cubic metres","72","thousands","3","v18135","1.4","530.3","","","","1"
"1990-02","Canada","2016A000011124","Butane","Cubic metres","72","thousands","3","v18140","1.5","294.0","","","","1"
"1990-02","Canada","2016A000011124","Ethane","Cubic metres","72","thousands","3","v18145","1.6","548.3","","","","1"
"1990-02","Canada","2016A000011124","Sulphur","Tonnes","288","units","0","v18150","1.7","435662","","","","0"
"1990-02","Canada","2016A000011124","Gas use (reprocessing), shrinkage","Cubic metres","72","millions","6","v18132","1.1","258.1","","","t","1"
"1990-02","Canada","2016A000011124","Gas use (reprocessing), flared","Cubic metres","72","millions","6","v18133","1.2","1.5","","","t","1"
"1990-02","Canada","2016A000011124","Gas use (reprocessing), plant fuel","Cubic metres","72","millions","6","v18134","1.3","30.0","","","t","1"
"1990-02","Manitoba","2016A000246","Propane","Cubic metres","72","thousands","3","v18136","2.4","0.5","","","","1"
"1990-02","Manitoba","2016A000246","Butane","Cubic metres","72","thousands","3","v18141","2.5","0.2","","","","1"
"1990-02","Saskatchewan","2016A000247","Propane","Cubic metres","72","thousands","3","v18137","3.4","4.4","","","","1"
"1990-02","Saskatchewan","2016A000247","Butane","Cubic metres","72","thousands","3","v18142","3.5","3.7","","","","1"
"1990-02","Alberta","2016A000248","Propane","Cubic metres","72","thousands","3","v18138","4.4","498.6","","","","1"
"1990-02","Alberta","2016A000248","Butane","Cubic metres","72","thousands","3","v18143","4.5","275.5","","","","1"
"1990-02","Alberta","2016A000248","Ethane","Cubic metres","72","thousands","3","v18148","4.6","548.3","","","","1"
"1990-02","Alberta","2016A000248","Sulphur","Tonnes","288","units","0","v18153","4.7","395293","","","","0"
"1990-02","British Columbia","2016A000259","Propane","Cubic metres","72","thousands","3","v18139","5.4","26.8","","","","1"
"1990-02","British Columbia","2016A000259","Butane","Cubic metres","72","thousands","3","v18144","5.5","14.6","","","","1"
"1990-02","British Columbia","2016A000259","Ethane","Cubic metres","72","thousands","3","v18149","5.6","0.0","","","","1"
"1990-02","British Columbia","2016A000259","Sulphur","Tonnes","288","units","0","v18154","5.7","40369","","","","0"
"1990-03","Canada","2016A000011124","Propane","Cubic metres","72","thousands","3","v18135","1.4","568.6","","","","1"
"1990-03","Canada","2016A000011124","Butane","Cubic metres","72","thousands","3","v18140","1.5","315.4","","","","1"
"1990-03","Canada","2016A000011124","Ethane","Cubic metres","72","thousands","3","v18145","1.6","646.0","","","","1"
"1990-03","Canada","2016A000011124","Sulphur","Tonnes","288","units","0","v18150","1.7","499793","","","","0"
"1990-03","Canada","2016A000011124","Gas use (reprocessing), shrinkage","Cubic metres","72","millions","6","v18132","1.1","279.4","","","t","1"
"1990-03","Canada","2016A000011124","Gas use (reprocessing), flared","Cubic metres","72","millions","6","v18133","1.2","1.6","","","t","1"
"1990-03","Canada","2016A000011124","Gas use (reprocessing), plant fuel","Cubic metres","72","millions","6","v18134","1.3","32.1","","","t","1"
"1990-03","Manitoba","2016A000246","Propane","Cubic metres","72","thousands","3","v18136","2.4","0.5","","","","1"
"1990-03","Manitoba","2016A000246","Butane","Cubic metres","72","thousands","3","v18141","2.5","0.2","","","","1"
"1990-03","Saskatchewan","2016A000247","Propane","Cubic metres","72","thousands","3","v18137","3.4","4.2","","","","1"
"1990-03","Saskatchewan","2016A000247","Butane","Cubic metres","72","thousands","3","v18142","3.5","3.6","","","","1"
"1990-03","Alberta","2016A000248","Propane","Cubic metres","72","thousands","3","v18138","4.4","544.2","","","","1"
"1990-03","Alberta","2016A000248","Butane","Cubic metres","72","thousands","3","v18143","4.5","299.4","","","","1"
"1990-03","Alberta","2016A000248","Ethane","Cubic metres","72","thousands","3","v18148","4.6","646.0","","","","1"
"1990-03","Alberta","2016A000248","Sulphur","Tonnes","288","units","0","v18153","4.7","461203","","","","0"
"1990-03","British Columbia","2016A000259","Propane","Cubic metres","72","thousands","3","v18139","5.4","19.7","","","","1"
"1990-03","British Columbia","2016A000259","Butane","Cubic metres","72","thousands","3","v18144","5.5","12.2","","","","1"
"1990-03","British Columbia","2016A000259","Ethane","Cubic metres","72","thousands","3","v18149","5.6","0.0","","","","1"
"1990-03","British Columbia","2016A000259","Sulphur","Tonnes","288","units","0","v18154","5.7","38590","","","","0"
"1990-04","Canada","2016A000011124","Propane","Cubic metres","72","thousands","3","v18135","1.4","543.6","","","","1"
"1990-04","Canada","2016A000011124","Butane","Cubic metres","72","thousands","3","v18140","1.5","285.0","","","","1"
"1990-04","Canada","2016A000011124","Ethane","Cubic metres","72","thousands","3","v18145","1.6","573.2","","","","1"
"1990-04","Canada","2016A000011124","Sulphur","Tonnes","288","units","0","v18150","1.7","490642","","","","0"
"1990-04","Canada","2016A000011124","Gas use (reprocessing), shrinkage","Cubic metres","72","millions","6","v18132","1.1","251.8","","","t","1"
"1990-04","Canada","2016A000011124","Gas use (reprocessing), flared","Cubic metres","72","millions","6","v18133","1.2","1.3","","","t","1"
"1990-04","Canada","2016A000011124","Gas use (reprocessing), plant fuel","Cubic metres","72","millions","6","v18134","1.3","30.3","","","t","1"
"1990-04","Manitoba","2016A000246","Propane","Cubic metres","72","thousands","3","v18136","2.4","0.5","","","","1"
"1990-04","Manitoba","2016A000246","Butane","Cubic metres","72","thousands","3","v18141","2.5","0.2","","","","1"
"1990-04","Saskatchewan","2016A000247","Propane","Cubic metres","72","thousands","3","v18137","3.4","4.3","","","","1"
"1990-04","Saskatchewan","2016A000247","Butane","Cubic metres","72","thousands","3","v18142","3.5","3.5","","","","1"
"1990-04","Alberta","2016A000248","Propane","Cubic metres","72","thousands","3","v18138","4.4","516.7","","","","1"
"1990-04","Alberta","2016A000248","Butane","Cubic metres","72","thousands","3","v18143","4.5","269.0","","","","1"
"1990-04","Alberta","2016A000248","Ethane","Cubic metres","72","thousands","3","v18148","4.6","573.2","","","","1"
"1990-04","Alberta","2016A000248","Sulphur","Tonnes","288","units","0","v18153","4.7","453937","","","","0"
"1990-04","British Columbia","2016A000259","Propane","Cubic metres","72","thousands","3","v18139","5.4","22.1","","","","1"
"1990-04","British Columbia","2016A000259","Butane","Cubic metres","72","thousands","3","v18144","5.5","12.3","","","","1"
"1990-04","British Columbia","2016A000259","Ethane","Cubic metres","72","thousands","3","v18149","5.6","0.0","","","","1"
"1990-04","British Columbia","2016A000259","Sulphur","Tonnes","288","units","0","v18154","5.7","36705","","","","0"
"1990-05","Canada","2016A000011124","Propane","Cubic metres","72","thousands","3","v18135","1.4","521.8","","","","1"
"1990-05","Canada","2016A000011124","Butane","Cubic metres","72","thousands","3","v18140","1.5","271.4","","","","1"
"1990-05","Canada","2016A000011124","Ethane","Cubic metres","72","thousands","3","v18145","1.6","570.3","","","","1"
"1990-05","Canada","2016A000011124","Sulphur","Tonnes","288","units","0","v18150","1.7","437558","","","","0"
"1990-05","Canada","2016A000011124","Gas use (reprocessing), shrinkage","Cubic metres","72","millions","6","v18132","1.1","248.8","","","t","1"
"1990-05","Canada","2016A000011124","Gas use (reprocessing), flared","Cubic metres","72","millions","6","v18133","1.2","1.8","","","t","1"
"1990-05","Canada","2016A000011124","Gas use (reprocessing), plant fuel","Cubic metres","72","millions","6","v18134","1.3","29.6","","","t","1"
"1990-05","Manitoba","2016A000246","Propane","Cubic metres","72","thousands","3","v18136","2.4","0.5","","","","1"
"1990-05","Manitoba","2016A000246","Butane","Cubic metres","72","thousands","3","v18141","2.5","0.2","","","","1"
"1990-05","Saskatchewan","2016A000247","Propane","Cubic metres","72","thousands","3","v18137","3.4","4.4","","","","1"
"1990-05","Saskatchewan","2016A000247","Butane","Cubic metres","72","thousands","3","v18142","3.5","3.8","","","","1"
"1990-05","Alberta","2016A000248","Propane","Cubic metres","72","thousands","3","v18138","4.4","498.9","","","","1"
"1990-05","Alberta","2016A000248","Butane","Cubic metres","72","thousands","3","v18143","4.5","256.0","","","","1"
"1990-05","Alberta","2016A000248","Ethane","Cubic metres","72","thousands","3","v18148","4.6","570.3","","","","1"
"1990-05","Alberta","2016A000248","Sulphur","Tonnes","288","units","0","v18153","4.7","409891","","","","0"
"1990-05","British Columbia","2016A000259","Propane","Cubic metres","72","thousands","3","v18139","5.4","18.0","","","","1"
"1990-05","British Columbia","2016A000259","Butane","Cubic metres","72","thousands","3","v18144","5.5","11.4","","","","1"
"1990-05","British Columbia","2016A000259","Ethane","Cubic metres","72","thousands","3","v18149","5.6","0.0","","","","1"
"1990-05","British Columbia","2016A000259","Sulphur","Tonnes","288","units","0","v18154","5.7","27667","","","","0"
"1990-06","Canada","2016A000011124","Propane","Cubic metres","72","thousands","3","v18135","1.4","535.0","","","","1"
"1990-06","Canada","2016A000011124","Butane","Cubic metres","72","thousands","3","v18140","1.5","239.1","","","","1"
"1990-06","Canada","2016A000011124","Ethane","Cubic metres","72","thousands","3","v18145","1.6","513.7","","","","1"
"1990-06","Canada","2016A000011124","Sulphur","Tonnes","288","units","0","v18150","1.7","367949","","","","0"
"1990-06","Canada","2016A000011124","Gas use (reprocessing), shrinkage","Cubic metres","72","millions","6","v18132","1.1","231.3","","","t","1"
"1990-06","Canada","2016A000011124","Gas use (reprocessing), flared","Cubic metres","72","millions","6","v18133","1.2","1.8","","","t","1"
"1990-06","Canada","2016A000011124","Gas use (reprocessing), plant fuel","Cubic metres","72","millions","6","v18134","1.3","24.5","","","t","1"
"1990-06","Manitoba","2016A000246","Propane","Cubic metres","72","thousands","3","v18136","2.4","0.5","","","","1"
"1990-06","Manitoba","2016A000246","Butane","Cubic metres","72","thousands","3","v18141","2.5","0.2","","","","1"
"1990-06","Saskatchewan","2016A000247","Propane","Cubic metres","72","thousands","3","v18137","3.4","4.2","","","","1"
"1990-06","Saskatchewan","2016A000247","Butane","Cubic metres","72","thousands","3","v18142","3.5","3.8","","","","1"
"1990-06","Alberta","2016A000248","Propane","Cubic metres","72","thousands","3","v18138","4.4","511.3","","","","1"
"1990-06","Alberta","2016A000248","Butane","Cubic metres","72","thousands","3","v18143","4.5","224.6","","","","1"
"1990-06","Alberta","2016A000248","Ethane","Cubic metres","72","thousands","3","v18148","4.6","513.7","","","","1"
"1990-06","Alberta","2016A000248","Sulphur","Tonnes","288","units","0","v18153","4.7","337903","","","","0"
"1990-06","British Columbia","2016A000259","Propane","Cubic metres","72","thousands","3","v18139","5.4","19.0","","","","1"
"1990-06","British Columbia","2016A000259","Butane","Cubic metres","72","thousands","3","v18144","5.5","10.5","","","","1"
"1990-06","British Columbia","2016A000259","Ethane","Cubic metres","72","thousands","3","v18149","5.6","0.0","","","","1"
"1990-06","British Columbia","2016A000259","Sulphur","Tonnes","288","units","0","v18154","5.7","30046","","","","0"
"1990-07","Canada","2016A000011124","Propane","Cubic metres","72","thousands","3","v18135","1.4","585.5","","","","1"
"1990-07","Canada","2016A000011124","Butane","Cubic metres","72","thousands","3","v18140","1.5","218.0","","","","1"
"1990-07","Canada","2016A000011124","Ethane","Cubic metres","72","thousands","3","v18145","1.6","574.1","","","","1"
"1990-07","Canada","2016A000011124","Sulphur","Tonnes","288","units","0","v18150","1.7","458938","","","","0"
"1990-07","Canada","2016A000011124","Gas use (reprocessing), shrinkage","Cubic metres","72","millions","6","v18132","1.1","248.6","","","t","1"
"1990-07","Canada","2016A000011124","Gas use (reprocessing), flared","Cubic metres","72","millions","6","v18133","1.2","1.7","","","t","1"
"1990-07","Canada","2016A000011124","Gas use (reprocessing), plant fuel","Cubic metres","72","millions","6","v18134","1.3","25.4","","","t","1"
"1990-07","Manitoba","2016A000246","Propane","Cubic metres","72","thousands","3","v18136","2.4","0.5","","","","1"
"1990-07","Manitoba","2016A000246","Butane","Cubic metres","72","thousands","3","v18141","2.5","0.2","","","","1"
"1990-07","Saskatchewan","2016A000247","Propane","Cubic metres","72","thousands","3","v18137","3.4","4.3","","","","1"
"1990-07","Saskatchewan","2016A000247","Butane","Cubic metres","72","thousands","3","v18142","3.5","3.8","","","","1"
"1990-07","Alberta","2016A000248","Propane","Cubic metres","72","thousands","3","v18138","4.4","564.8","","","","1"
"1990-07","Alberta","2016A000248","Butane","Cubic metres","72","thousands","3","v18143","4.5","206.4","","","","1"
"1990-07","Alberta","2016A000248","Ethane","Cubic metres","72","thousands","3","v18148","4.6","574.1","","","","1"
"1990-07","Alberta","2016A000248","Sulphur","Tonnes","288","units","0","v18153","4.7","432772","","","","0"
"1990-07","British Columbia","2016A000259","Propane","Cubic metres","72","thousands","3","v18139","5.4","15.9","","","","1"
"1990-07","British Columbia","2016A000259","Butane","Cubic metres","72","thousands","3","v18144","5.5","7.6","","","","1"
"1990-07","British Columbia","2016A000259","Ethane","Cubic metres","72","thousands","3","v18149","5.6","0.0","","","","1"
"1990-07","British Columbia","2016A000259","Sulphur","Tonnes","288","units","0","v18154","5.7","26166","","","","0"
"1990-08","Canada","2016A000011124","Propane","Cubic metres","72","thousands","3","v18135","1.4","559.5","","","","1"
"1990-08","Canada","2016A000011124","Butane","Cubic metres","72","thousands","3","v18140","1.5","267.0","","","","1"
"1990-08","Canada","2016A000011124","Ethane","Cubic metres","72","thousands","3","v18145","1.6","556.8","","","","1"
"1990-08","Canada","2016A000011124","Sulphur","Tonnes","288","units","0","v18150","1.7","479653","","","","0"
"1990-08","Canada","2016A000011124","Gas use (reprocessing), shrinkage","Cubic metres","72","millions","6","v18132","1.1","234.5","","","t","1"
"1990-08","Canada","2016A000011124","Gas use (reprocessing), flared","Cubic metres","72","millions","6","v18133","1.2","1.8","","","t","1"
"1990-08","Canada","2016A000011124","Gas use (reprocessing), plant fuel","Cubic metres","72","millions","6","v18134","1.3","25.1","","","t","1"
"1990-08","Manitoba","2016A000246","Propane","Cubic metres","72","thousands","3","v18136","2.4","0.4","","","","1"
"1990-08","Manitoba","2016A000246","Butane","Cubic metres","72","thousands","3","v18141","2.5","0.2","","","","1"
"1990-08","Saskatchewan","2016A000247","Propane","Cubic metres","72","thousands","3","v18137","3.4","5.0","","","","1"
"1990-08","Saskatchewan","2016A000247","Butane","Cubic metres","72","thousands","3","v18142","3.5","4.5","","","","1"
"1990-08","Alberta","2016A000248","Propane","Cubic metres","72","thousands","3","v18138","4.4","538.2","","","","1"
"1990-08","Alberta","2016A000248","Butane","Cubic metres","72","thousands","3","v18143","4.5","252.9","","","","1"
"1990-08","Alberta","2016A000248","Ethane","Cubic metres","72","thousands","3","v18148","4.6","556.8","","","","1"
"1990-08","Alberta","2016A000248","Sulphur","Tonnes","288","units","0","v18153","4.7","455103","","","","0"
"1990-08","British Columbia","2016A000259","Propane","Cubic metres","72","thousands","3","v18139","5.4","15.9","","","","1"
"1990-08","British Columbia","2016A000259","Butane","Cubic metres","72","thousands","3","v18144","5.5","9.4","","","","1"
"1990-08","British Columbia","2016A000259","Ethane","Cubic metres","72","thousands","3","v18149","5.6","0.0","","","","1"
"1990-08","British Columbia","2016A000259","Sulphur","Tonnes","288","units","0","v18154","5.7","24550","","","","0"
"1990-09","Canada","2016A000011124","Propane","Cubic metres","72","thousands","3","v18135","1.4","475.5","","","","1"
"1990-09","Canada","2016A000011124","Butane","Cubic metres","72","thousands","3","v18140","1.5","253.4","","","","1"
"1990-09","Canada","2016A000011124","Ethane","Cubic metres","72","thousands","3","v18145","1.6","506.3","","","","1"
"1990-09","Canada","2016A000011124","Sulphur","Tonnes","288","units","0","v18150","1.7","451915","","","","0"
"1990-09","Canada","2016A000011124","Gas use (reprocessing), shrinkage","Cubic metres","72","millions","6","v18132","1.1","217.4","","","t","1"
"1990-09","Canada","2016A000011124","Gas use (reprocessing), flared","Cubic metres","72","millions","6","v18133","1.2","1.7","","","t","1"
"1990-09","Canada","2016A000011124","Gas use (reprocessing), plant fuel","Cubic metres","72","millions","6","v18134","1.3","25.6","","","t","1"
"1990-09","Manitoba","2016A000246","Propane","Cubic metres","72","thousands","3","v18136","2.4","0.4","","","","1"
"1990-09","Manitoba","2016A000246","Butane","Cubic metres","72","thousands","3","v18141","2.5","0.2","","","","1"
"1990-09","Saskatchewan","2016A000247","Propane","Cubic metres","72","thousands","3","v18137","3.4","4.4","","","","1"
"1990-09","Saskatchewan","2016A000247","Butane","Cubic metres","72","thousands","3","v18142","3.5","3.9","","","","1"
"1990-09","Alberta","2016A000248","Propane","Cubic metres","72","thousands","3","v18138","4.4","447.6","","","","1"
"1990-09","Alberta","2016A000248","Butane","Cubic metres","72","thousands","3","v18143","4.5","236.7","","","","1"
"1990-09","Alberta","2016A000248","Ethane","Cubic metres","72","thousands","3","v18148","4.6","506.3","","","","1"
"1990-09","Alberta","2016A000248","Sulphur","Tonnes","288","units","0","v18153","4.7","422960","","","","0"
"1990-09","British Columbia","2016A000259","Propane","Cubic metres","72","thousands","3","v18139","5.4","23.1","","","","1"
"1990-09","British Columbia","2016A000259","Butane","Cubic metres","72","thousands","3","v18144","5.5","12.6","","","","1"
"1990-09","British Columbia","2016A000259","Ethane","Cubic metres","72","thousands","3","v18149","5.6","0.0","","","","1"
"1990-09","British Columbia","2016A000259","Sulphur","Tonnes","288","units","0","v18154","5.7","28955","","","","0"
"1990-10","Canada","2016A000011124","Propane","Cubic metres","72","thousands","3","v18135","1.4","602.6","","","","1"
"1990-10","Canada","2016A000011124","Butane","Cubic metres","72","thousands","3","v18140","1.5","312.8","","","","1"
"1990-10","Canada","2016A000011124","Ethane","Cubic metres","72","thousands","3","v18145","1.6","649.5","","","","1"
"1990-10","Canada","2016A000011124","Sulphur","Tonnes","288","units","0","v18150","1.7","513056","","","","0"
"1990-10","Canada","2016A000011124","Gas use (reprocessing), shrinkage","Cubic metres","72","millions","6","v18132","1.1","271.5","","","t","1"
"1990-10","Canada","2016A000011124","Gas use (reprocessing), flared","Cubic metres","72","millions","6","v18133","1.2","1.7","","","t","1"
"1990-10","Canada","2016A000011124","Gas use (reprocessing), plant fuel","Cubic metres","72","millions","6","v18134","1.3","27.7","","","t","1"
"1990-10","Manitoba","2016A000246","Propane","Cubic metres","72","thousands","3","v18136","2.4","0.4","","","","1"
"1990-10","Manitoba","2016A000246","Butane","Cubic metres","72","thousands","3","v18141","2.5","0.2","","","","1"
"1990-10","Saskatchewan","2016A000247","Propane","Cubic metres","72","thousands","3","v18137","3.4","3.3","","","","1"
"1990-10","Saskatchewan","2016A000247","Butane","Cubic metres","72","thousands","3","v18142","3.5","2.8","","","","1"
"1990-10","Alberta","2016A000248","Propane","Cubic metres","72","thousands","3","v18138","4.4","573.3","","","","1"
"1990-10","Alberta","2016A000248","Butane","Cubic metres","72","thousands","3","v18143","4.5","294.7","","","","1"
"1990-10","Alberta","2016A000248","Ethane","Cubic metres","72","thousands","3","v18148","4.6","649.5","","","","1"
"1990-10","Alberta","2016A000248","Sulphur","Tonnes","288","units","0","v18153","4.7","473517","","","","0"
"1990-10","British Columbia","2016A000259","Propane","Cubic metres","72","thousands","3","v18139","5.4","25.6","","","","1"
"1990-10","British Columbia","2016A000259","Butane","Cubic metres","72","thousands","3","v18144","5.5","15.1","","","","1"
"1990-10","British Columbia","2016A000259","Ethane","Cubic metres","72","thousands","3","v18149","5.6","0.0","","","","1"
"1990-10","British Columbia","2016A000259","Sulphur","Tonnes","288","units","0","v18154","5.7","39539","","","","0"
"1990-11","Canada","2016A000011124","Propane","Cubic metres","72","thousands","3","v18135","1.4","613.3","","","","1"
"1990-11","Canada","2016A000011124","Butane","Cubic metres","72","thousands","3","v18140","1.5","317.4","","","","1"
"1990-11","Canada","2016A000011124","Ethane","Cubic metres","72","thousands","3","v18145","1.6","654.5","","","","1"
"1990-11","Canada","2016A000011124","Sulphur","Tonnes","288","units","0","v18150","1.7","504537","","","","0"
"1990-11","Canada","2016A000011124","Gas use (reprocessing), shrinkage","Cubic metres","72","millions","6","v18132","1.1","277.5","","","t","1"
"1990-11","Canada","2016A000011124","Gas use (reprocessing), flared","Cubic metres","72","millions","6","v18133","1.2","1.8","","","t","1"
"1990-11","Canada","2016A000011124","Gas use (reprocessing), plant fuel","Cubic metres","72","millions","6","v18134","1.3","28.9","","","t","1"
"1990-11","Manitoba","2016A000246","Propane","Cubic metres","72","thousands","3","v18136","2.4","0.4","","","","1"
"1990-11","Manitoba","2016A000246","Butane","Cubic metres","72","thousands","3","v18141","2.5","0.2","","","","1"
"1990-11","Saskatchewan","2016A000247","Propane","Cubic metres","72","thousands","3","v18137","3.4","4.2","","","","1"
"1990-11","Saskatchewan","2016A000247","Butane","Cubic metres","72","thousands","3","v18142","3.5","3.6","","","","1"
"1990-11","Alberta","2016A000248","Propane","Cubic metres","72","thousands","3","v18138","4.4","582.5","","","","1"
"1990-11","Alberta","2016A000248","Butane","Cubic metres","72","thousands","3","v18143","4.5","298.1","","","","1"
"1990-11","Alberta","2016A000248","Ethane","Cubic metres","72","thousands","3","v18148","4.6","654.5","","","","1"
"1990-11","Alberta","2016A000248","Sulphur","Tonnes","288","units","0","v18153","4.7","465945","","","","0"
"1990-11","British Columbia","2016A000259","Propane","Cubic metres","72","thousands","3","v18139","5.4","26.2","","","","1"
"1990-11","British Columbia","2016A000259","Butane","Cubic metres","72","thousands","3","v18144","5.5","15.5","","","","1"
"1990-11","British Columbia","2016A000259","Ethane","Cubic metres","72","thousands","3","v18149","5.6","0.0","","","","1"
"1990-11","British Columbia","2016A000259","Sulphur","Tonnes","288","units","0","v18154","5.7","38592","","","","0"
"1990-12","Canada","2016A000011124","Propane","Cubic metres","72","thousands","3","v18135","1.4","620.1","","","","1"
"1990-12","Canada","2016A000011124","Butane","Cubic metres","72","thousands","3","v18140","1.5","343.4","","","","1"
"1990-12","Canada","2016A000011124","Ethane","Cubic metres","72","thousands","3","v18145","1.6","691.7","","","","1"
"1990-12","Canada","2016A000011124","Sulphur","Tonnes","288","units","0","v18150","1.7","554190","","","","0"
"1990-12","Canada","2016A000011124","Gas use (reprocessing), shrinkage","Cubic metres","72","millions","6","v18132","1.1","290.7","","","t","1"
"1990-12","Canada","2016A000011124","Gas use (reprocessing), flared","Cubic metres","72","millions","6","v18133","1.2","1.7","","","t","1"
"1990-12","Canada","2016A000011124","Gas use (reprocessing), plant fuel","Cubic metres","72","millions","6","v18134","1.3","34.0","","","t","1"
"1990-12","Manitoba","2016A000246","Propane","Cubic metres","72","thousands","3","v18136","2.4","0.4","","","","1"
"1990-12","Manitoba","2016A000246","Butane","Cubic metres","72","thousands","3","v18141","2.5","0.1","","","","1"
"1990-12","Saskatchewan","2016A000247","Propane","Cubic metres","72","thousands","3","v18137","3.4","4.5","","","","1"
"1990-12","Saskatchewan","2016A000247","Butane","Cubic metres","72","thousands","3","v18142","3.5","3.8","","","","1"
"1990-12","Alberta","2016A000248","Propane","Cubic metres","72","thousands","3","v18138","4.4","586.2","","","","1"
"1990-12","Alberta","2016A000248","Butane","Cubic metres","72","thousands","3","v18143","4.5","322.4","","","","1"
"1990-12","Alberta","2016A000248","Ethane","Cubic metres","72","thousands","3","v18148","4.6","691.7","","","","1"
"1990-12","Alberta","2016A000248","Sulphur","Tonnes","288","units","0","v18153","4.7","513780","","","","0"
"1990-12","British Columbia","2016A000259","Propane","Cubic metres","72","thousands","3","v18139","5.4","29.0","","","","1"
"1990-12","British Columbia","2016A000259","Butane","Cubic metres","72","thousands","3","v18144","5.5","17.1","","","","1"
"1990-12","British Columbia","2016A000259","Ethane","Cubic metres","72","thousands","3","v18149","5.6","0.0","","","","1"
"1990-12","British Columbia","2016A000259","Sulphur","Tonnes","288","units","0","v18154","5.7","40410","","","","0"
"1991-01","Canada","2016A000011124","Propane","Cubic metres","72","thousands","3","v18135","1.4","619.9","","","","1"
"1991-01","Canada","2016A000011124","Butane","Cubic metres","72","thousands","3","v18140","1.5","337.8","","","","1"
"1991-01","Canada","2016A000011124","Ethane","Cubic metres","72","thousands","3","v18145","1.6","685.5","","","","1"
"1991-01","Canada","2016A000011124","Sulphur","Tonnes","288","units","0","v18150","1.7","541800","","","","0"
"1991-01","Canada","2016A000011124","Gas use (reprocessing), shrinkage","Cubic metres","72","millions","6","v18132","1.1","287.1","","","t","1"
"1991-01","Canada","2016A000011124","Gas use (reprocessing), flared","Cubic metres","72","millions","6","v18133","1.2","1.6","","","t","1"
"1991-01","Canada","2016A000011124","Gas use (reprocessing), plant fuel","Cubic metres","72","millions","6","v18134","1.3","34.3","","","t","1"
"1991-01","Manitoba","2016A000246","Propane","Cubic metres","72","thousands","3","v18136","2.4","0.3","","","","1"
"1991-01","Manitoba","2016A000246","Butane","Cubic metres","72","thousands","3","v18141","2.5","0.1","","","","1"
"1991-01","Saskatchewan","2016A000247","Propane","Cubic metres","72","thousands","3","v18137","3.4","4.6","","","","1"
"1991-01","Saskatchewan","2016A000247","Butane","Cubic metres","72","thousands","3","v18142","3.5","3.9","","","","1"
"1991-01","Alberta","2016A000248","Propane","Cubic metres","72","thousands","3","v18138","4.4","585.6","","","","1"
"1991-01","Alberta","2016A000248","Butane","Cubic metres","72","thousands","3","v18143","4.5","317.7","","","","1"
"1991-01","Alberta","2016A000248","Ethane","Cubic metres","72","thousands","3","v18148","4.6","685.5","","","","1"
"1991-01","Alberta","2016A000248","Sulphur","Tonnes","288","units","0","v18153","4.7","515369","","","","0"
"1991-01","British Columbia","2016A000259","Propane","Cubic metres","72","thousands","3","v18139","5.4","29.4","","","","1"
"1991-01","British Columbia","2016A000259","Butane","Cubic metres","72","thousands","3","v18144","5.5","16.1","","","","1"
"1991-01","British Columbia","2016A000259","Ethane","Cubic metres","72","thousands","3","v18149","5.6","0.0","","","","1"
"1991-01","British Columbia","2016A000259","Sulphur","Tonnes","288","units","0","v18154","5.7","26431","","","","0"
"1991-02","Canada","2016A000011124","Propane","Cubic metres","72","thousands","3","v18135","1.4","547.7","","","","1"
"1991-02","Canada","2016A000011124","Butane","Cubic metres","72","thousands","3","v18140","1.5","304.7","","","","1"
"1991-02","Canada","2016A000011124","Ethane","Cubic metres","72","thousands","3","v18145","1.6","655.2","","","","1"
"1991-02","Canada","2016A000011124","Sulphur","Tonnes","288","units","0","v18150","1.7","508608","","","","0"
"1991-02","Canada","2016A000011124","Gas use (reprocessing), shrinkage","Cubic metres","72","millions","6","v18132","1.1","260.2","","","t","1"
"1991-02","Canada","2016A000011124","Gas use (reprocessing), flared","Cubic metres","72","millions","6","v18133","1.2","1.4","","","t","1"
"1991-02","Canada","2016A000011124","Gas use (reprocessing), plant fuel","Cubic metres","72","millions","6","v18134","1.3","26.8","","","t","1"
"1991-02","Manitoba","2016A000246","Propane","Cubic metres","72","thousands","3","v18136","2.4","0.3","","","","1"
"1991-02","Manitoba","2016A000246","Butane","Cubic metres","72","thousands","3","v18141","2.5","0.1","","","","1"
"1991-02","Saskatchewan","2016A000247","Propane","Cubic metres","72","thousands","3","v18137","3.4","4.9","","","","1"
"1991-02","Saskatchewan","2016A000247","Butane","Cubic metres","72","thousands","3","v18142","3.5","4.2","","","","1"
"1991-02","Alberta","2016A000248","Propane","Cubic metres","72","thousands","3","v18138","4.4","518.8","","","","1"
"1991-02","Alberta","2016A000248","Butane","Cubic metres","72","thousands","3","v18143","4.5","286.5","","","","1"
"1991-02","Alberta","2016A000248","Ethane","Cubic metres","72","thousands","3","v18148","4.6","655.2","","","","1"
"1991-02","Alberta","2016A000248","Sulphur","Tonnes","288","units","0","v18153","4.7","474845","","","","0"
"1991-02","British Columbia","2016A000259","Propane","Cubic metres","72","thousands","3","v18139","5.4","23.7","","","","1"
"1991-02","British Columbia","2016A000259","Butane","Cubic metres","72","thousands","3","v18144","5.5","13.9","","","","1"
"1991-02","British Columbia","2016A000259","Ethane","Cubic metres","72","thousands","3","v18149","5.6","0.0","","","","1"
"1991-02","British Columbia","2016A000259","Sulphur","Tonnes","288","units","0","v18154","5.7","33763","","","","0"
"1991-03","Canada","2016A000011124","Propane","Cubic metres","72","thousands","3","v18135","1.4","587.7","","","","1"
"1991-03","Canada","2016A000011124","Butane","Cubic metres","72","thousands","3","v18140","1.5","356.6","","","","1"
"1991-03","Canada","2016A000011124","Ethane","Cubic metres","72","thousands","3","v18145","1.6","688.5","","","","1"
"1991-03","Canada","2016A000011124","Sulphur","Tonnes","288","units","0","v18150","1.7","551283","","","","0"
"1991-03","Canada","2016A000011124","Gas use (reprocessing), shrinkage","Cubic metres","72","millions","6","v18132","1.1","282.0","","","t","1"
"1991-03","Canada","2016A000011124","Gas use (reprocessing), flared","Cubic metres","72","millions","6","v18133","1.2","1.7","","","t","1"
"1991-03","Canada","2016A000011124","Gas use (reprocessing), plant fuel","Cubic metres","72","millions","6","v18134","1.3","28.5","","","t","1"
"1991-03","Manitoba","2016A000246","Propane","Cubic metres","72","thousands","3","v18136","2.4","0.2","","","","1"
"1991-03","Manitoba","2016A000246","Butane","Cubic metres","72","thousands","3","v18141","2.5","0.1","","","","1"
"1991-03","Saskatchewan","2016A000247","Propane","Cubic metres","72","thousands","3","v18137","3.4","4.4","","","","1"
"1991-03","Saskatchewan","2016A000247","Butane","Cubic metres","72","thousands","3","v18142","3.5","3.8","","","","1"
"1991-03","Alberta","2016A000248","Propane","Cubic metres","72","thousands","3","v18138","4.4","559.8","","","","1"
"1991-03","Alberta","2016A000248","Butane","Cubic metres","72","thousands","3","v18143","4.5","338.7","","","","1"
"1991-03","Alberta","2016A000248","Ethane","Cubic metres","72","thousands","3","v18148","4.6","688.5","","","","1"
"1991-03","Alberta","2016A000248","Sulphur","Tonnes","288","units","0","v18153","4.7","509863","","","","0"
"1991-03","British Columbia","2016A000259","Propane","Cubic metres","72","thousands","3","v18139","5.4","23.3","","","","1"
"1991-03","British Columbia","2016A000259","Butane","Cubic metres","72","thousands","3","v18144","5.5","14.0","","","","1"
"1991-03","British Columbia","2016A000259","Ethane","Cubic metres","72","thousands","3","v18149","5.6","0.0","","","","1"
"1991-03","British Columbia","2016A000259","Sulphur","Tonnes","288","units","0","v18154","5.7","41420","","","","0"
"1991-04","Canada","2016A000011124","Propane","Cubic metres","72","thousands","3","v18135","1.4","575.6","","","","1"
"1991-04","Canada","2016A000011124","Butane","Cubic metres","72","thousands","3","v18140","1.5","307.5","","","","1"
"1991-04","Canada","2016A000011124","Ethane","Cubic metres","72","thousands","3","v18145","1.6","634.5","","","","1"
"1991-04","Canada","2016A000011124","Sulphur","Tonnes","288","units","0","v18150","1.7","497073","","","","0"
"1991-04","Canada","2016A000011124","Gas use (reprocessing), shrinkage","Cubic metres","72","millions","6","v18132","1.1","254.4","","","t","1"
"1991-04","Canada","2016A000011124","Gas use (reprocessing), flared","Cubic metres","72","millions","6","v18133","1.2","1.4","","","t","1"
"1991-04","Canada","2016A000011124","Gas use (reprocessing), plant fuel","Cubic metres","72","millions","6","v18134","1.3","23.9","","","t","1"
"1991-04","Manitoba","2016A000246","Propane","Cubic metres","72","thousands","3","v18136","2.4","0.1","","","","1"
"1991-04","Manitoba","2016A000246","Butane","Cubic metres","72","thousands","3","v18141","2.5","0.1","","","","1"
"1991-04","Saskatchewan","2016A000247","Propane","Cubic metres","72","thousands","3","v18137","3.4","4.1","","","","1"
"1991-04","Saskatchewan","2016A000247","Butane","Cubic metres","72","thousands","3","v18142","3.5","3.5","","","","1"
"1991-04","Alberta","2016A000248","Propane","Cubic metres","72","thousands","3","v18138","4.4","547.1","","","","1"
"1991-04","Alberta","2016A000248","Butane","Cubic metres","72","thousands","3","v18143","4.5","289.7","","","","1"
"1991-04","Alberta","2016A000248","Ethane","Cubic metres","72","thousands","3","v18148","4.6","634.5","","","","1"
"1991-04","Alberta","2016A000248","Sulphur","Tonnes","288","units","0","v18153","4.7","458950","","","","0"
"1991-04","British Columbia","2016A000259","Propane","Cubic metres","72","thousands","3","v18139","5.4","24.3","","","","1"
"1991-04","British Columbia","2016A000259","Butane","Cubic metres","72","thousands","3","v18144","5.5","14.2","","","","1"
"1991-04","British Columbia","2016A000259","Ethane","Cubic metres","72","thousands","3","v18149","5.6","0.0","","","","1"
"1991-04","British Columbia","2016A000259","Sulphur","Tonnes","288","units","0","v18154","5.7","38123","","","","0"
"1991-05","Canada","2016A000011124","Propane","Cubic metres","72","thousands","3","v18135","1.4","533.4","","","","1"
"1991-05","Canada","2016A000011124","Butane","Cubic metres","72","thousands","3","v18140","1.5","277.7","","","","1"
"1991-05","Canada","2016A000011124","Ethane","Cubic metres","72","thousands","3","v18145","1.6","546.0","","","","1"
"1991-05","Canada","2016A000011124","Sulphur","Tonnes","288","units","0","v18150","1.7","419152","","","","0"
"1991-05","Canada","2016A000011124","Gas use (reprocessing), shrinkage","Cubic metres","72","millions","6","v18132","1.1","234.3","","","t","1"
"1991-05","Canada","2016A000011124","Gas use (reprocessing), flared","Cubic metres","72","millions","6","v18133","1.2","0.8","","","t","1"
"1991-05","Canada","2016A000011124","Gas use (reprocessing), plant fuel","Cubic metres","72","millions","6","v18134","1.3","16.1","","","t","1"
"1991-05","Manitoba","2016A000246","Propane","Cubic metres","72","thousands","3","v18136","2.4","0.3","","","","1"
"1991-05","Manitoba","2016A000246","Butane","Cubic metres","72","thousands","3","v18141","2.5","0.1","","","","1"
"1991-05","Saskatchewan","2016A000247","Propane","Cubic metres","72","thousands","3","v18137","3.4","4.0","","","","1"
"1991-05","Saskatchewan","2016A000247","Butane","Cubic metres","72","thousands","3","v18142","3.5","3.5","","","","1"
"1991-05","Alberta","2016A000248","Propane","Cubic metres","72","thousands","3","v18138","4.4","506.6","","","","1"
"1991-05","Alberta","2016A000248","Butane","Cubic metres","72","thousands","3","v18143","4.5","260.3","","","","1"
"1991-05","Alberta","2016A000248","Ethane","Cubic metres","72","thousands","3","v18148","4.6","546.0","","","","1"
"1991-05","Alberta","2016A000248","Sulphur","Tonnes","288","units","0","v18153","4.7","374990","","","","0"
"1991-05","British Columbia","2016A000259","Propane","Cubic metres","72","thousands","3","v18139","5.4","22.5","","","","1"
"1991-05","British Columbia","2016A000259","Butane","Cubic metres","72","thousands","3","v18144","5.5","13.8","","","","1"
"1991-05","British Columbia","2016A000259","Ethane","Cubic metres","72","thousands","3","v18149","5.6","0.0","","","","1"
"1991-05","British Columbia","2016A000259","Sulphur","Tonnes","288","units","0","v18154","5.7","44162","","","","0"
"1991-06","Canada","2016A000011124","Propane","Cubic metres","72","thousands","3","v18135","1.4","521.3","","","","1"
"1991-06","Canada","2016A000011124","Butane","Cubic metres","72","thousands","3","v18140","1.5","307.1","","","","1"
"1991-06","Canada","2016A000011124","Ethane","Cubic metres","72","thousands","3","v18145","1.6","598.3","","","","1"
"1991-06","Canada","2016A000011124","Sulphur","Tonnes","288","units","0","v18150","1.7","468842","","","","0"
"1991-06","Canada","2016A000011124","Gas use (reprocessing), shrinkage","Cubic metres","72","millions","6","v18132","1.1","245.4","","","t","1"
"1991-06","Canada","2016A000011124","Gas use (reprocessing), flared","Cubic metres","72","millions","6","v18133","1.2","1.3","","","t","1"
"1991-06","Canada","2016A000011124","Gas use (reprocessing), plant fuel","Cubic metres","72","millions","6","v18134","1.3","23.7","","","t","1"
"1991-06","Manitoba","2016A000246","Propane","Cubic metres","72","thousands","3","v18136","2.4","0.2","","","","1"
"1991-06","Manitoba","2016A000246","Butane","Cubic metres","72","thousands","3","v18141","2.5","0.1","","","","1"
"1991-06","Saskatchewan","2016A000247","Propane","Cubic metres","72","thousands","3","v18137","3.4","3.6","","","","1"
"1991-06","Saskatchewan","2016A000247","Butane","Cubic metres","72","thousands","3","v18142","3.5","3.1","","","","1"
"1991-06","Alberta","2016A000248","Propane","Cubic metres","72","thousands","3","v18138","4.4","494.5","","","","1"
"1991-06","Alberta","2016A000248","Butane","Cubic metres","72","thousands","3","v18143","4.5","289.7","","","","1"
"1991-06","Alberta","2016A000248","Ethane","Cubic metres","72","thousands","3","v18148","4.6","598.3","","","","1"
"1991-06","Alberta","2016A000248","Sulphur","Tonnes","288","units","0","v18153","4.7","438866","","","","0"
"1991-06","British Columbia","2016A000259","Propane","Cubic metres","72","thousands","3","v18139","5.4","23.0","","","","1"
"1991-06","British Columbia","2016A000259","Butane","Cubic metres","72","thousands","3","v18144","5.5","14.2","","","","1"
"1991-06","British Columbia","2016A000259","Ethane","Cubic metres","72","thousands","3","v18149","5.6","0.0","","","","1"
"1991-06","British Columbia","2016A000259","Sulphur","Tonnes","288","units","0","v18154","5.7","29976","","","","0"
"1991-07","Canada","2016A000011124","Propane","Cubic metres","72","thousands","3","v18135","1.4","516.3","","","","1"
"1991-07","Canada","2016A000011124","Butane","Cubic metres","72","thousands","3","v18140","1.5","268.7","","","","1"
"1991-07","Canada","2016A000011124","Ethane","Cubic metres","72","thousands","3","v18145","1.6","579.8","","","","1"
"1991-07","Canada","2016A000011124","Sulphur","Tonnes","288","units","0","v18150","1.7","472403","","","","0"
"1991-07","Canada","2016A000011124","Gas use (reprocessing), shrinkage","Cubic metres","72","millions","6","v18132","1.1","245.8","","","t","1"
"1991-07","Canada","2016A000011124","Gas use (reprocessing), flared","Cubic metres","72","millions","6","v18133","1.2","1.5","","","t","1"
"1991-07","Canada","2016A000011124","Gas use (reprocessing), plant fuel","Cubic metres","72","millions","6","v18134","1.3","25.6","","","t","1"
"1991-07","Manitoba","2016A000246","Propane","Cubic metres","72","thousands","3","v18136","2.4","0.3","","","","1"
"1991-07","Manitoba","2016A000246","Butane","Cubic metres","72","thousands","3","v18141","2.5","0.1","","","","1"
"1991-07","Saskatchewan","2016A000247","Propane","Cubic metres","72","thousands","3","v18137","3.4","3.7","","","","1"
"1991-07","Saskatchewan","2016A000247","Butane","Cubic metres","72","thousands","3","v18142","3.5","3.2","","","","1"
"1991-07","Alberta","2016A000248","Propane","Cubic metres","72","thousands","3","v18138","4.4","491.6","","","","1"
"1991-07","Alberta","2016A000248","Butane","Cubic metres","72","thousands","3","v18143","4.5","253.1","","","","1"
"1991-07","Alberta","2016A000248","Ethane","Cubic metres","72","thousands","3","v18148","4.6","579.8","","","","1"
"1991-07","Alberta","2016A000248","Sulphur","Tonnes","288","units","0","v18153","4.7","446988","","","","0"
"1991-07","British Columbia","2016A000259","Propane","Cubic metres","72","thousands","3","v18139","5.4","20.7","","","","1"
"1991-07","British Columbia","2016A000259","Butane","Cubic metres","72","thousands","3","v18144","5.5","12.3","","","","1"
"1991-07","British Columbia","2016A000259","Ethane","Cubic metres","72","thousands","3","v18149","5.6","0.0","","","","1"
"1991-07","British Columbia","2016A000259","Sulphur","Tonnes","288","units","0","v18154","5.7","25415","","","","0"
"1991-08","Canada","2016A000011124","Propane","Cubic metres","72","thousands","3","v18135","1.4","557.8","","","","1"
"1991-08","Canada","2016A000011124","Butane","Cubic metres","72","thousands","3","v18140","1.5","242.4","","","","1"
"1991-08","Canada","2016A000011124","Ethane","Cubic metres","72","thousands","3","v18145","1.6","526.4","","","","1"
"1991-08","Canada","2016A000011124","Sulphur","Tonnes","288","units","0","v18150","1.7","482636","","","","0"
"1991-08","Canada","2016A000011124","Gas use (reprocessing), shrinkage","Cubic metres","72","millions","6","v18132","1.1","243.2","","","t","1"
"1991-08","Canada","2016A000011124","Gas use (reprocessing), flared","Cubic metres","72","millions","6","v18133","1.2","1.4","","","t","1"
"1991-08","Canada","2016A000011124","Gas use (reprocessing), plant fuel","Cubic metres","72","millions","6","v18134","1.3","24.5","","","t","1"
"1991-08","Manitoba","2016A000246","Propane","Cubic metres","72","thousands","3","v18136","2.4","0.3","","","","1"
"1991-08","Manitoba","2016A000246","Butane","Cubic metres","72","thousands","3","v18141","2.5","0.1","","","","1"
"1991-08","Saskatchewan","2016A000247","Propane","Cubic metres","72","thousands","3","v18137","3.4","3.5","","","","1"
"1991-08","Saskatchewan","2016A000247","Butane","Cubic metres","72","thousands","3","v18142","3.5","3.0","","","","1"
"1991-08","Alberta","2016A000248","Propane","Cubic metres","72","thousands","3","v18138","4.4","550.1","","","","1"
"1991-08","Alberta","2016A000248","Butane","Cubic metres","72","thousands","3","v18143","4.5","236.4","","","","1"
"1991-08","Alberta","2016A000248","Ethane","Cubic metres","72","thousands","3","v18148","4.6","526.4","","","","1"
"1991-08","Alberta","2016A000248","Sulphur","Tonnes","288","units","0","v18153","4.7","447720","","","","0"
"1991-08","British Columbia","2016A000259","Propane","Cubic metres","72","thousands","3","v18139","5.4","3.9","","","","1"
"1991-08","British Columbia","2016A000259","Butane","Cubic metres","72","thousands","3","v18144","5.5","2.9","","","","1"
"1991-08","British Columbia","2016A000259","Ethane","Cubic metres","72","thousands","3","v18149","5.6","0.0","","","","1"
"1991-08","British Columbia","2016A000259","Sulphur","Tonnes","288","units","0","v18154","5.7","34916","","","","0"
"1991-09","Canada","2016A000011124","Propane","Cubic metres","72","thousands","3","v18135","1.4","540.8","","","","1"
"1991-09","Canada","2016A000011124","Butane","Cubic metres","72","thousands","3","v18140","1.5","295.6","","","","1"
"1991-09","Canada","2016A000011124","Ethane","Cubic metres","72","thousands","3","v18145","1.6","583.2","","","","1"
"1991-09","Canada","2016A000011124","Sulphur","Tonnes","288","units","0","v18150","1.7","465767","","","","0"
"1991-09","Canada","2016A000011124","Gas use (reprocessing), shrinkage","Cubic metres","72","millions","6","v18132","1.1","245.9","","","t","1"
"1991-09","Canada","2016A000011124","Gas use (reprocessing), flared","Cubic metres","72","millions","6","v18133","1.2","1.0","","","t","1"
"1991-09","Canada","2016A000011124","Gas use (reprocessing), plant fuel","Cubic metres","72","millions","6","v18134","1.3","22.2","","","t","1"
"1991-09","Manitoba","2016A000246","Propane","Cubic metres","72","thousands","3","v18136","2.4","0.3","","","","1"
"1991-09","Manitoba","2016A000246","Butane","Cubic metres","72","thousands","3","v18141","2.5","0.1","","","","1"
"1991-09","Saskatchewan","2016A000247","Propane","Cubic metres","72","thousands","3","v18137","3.4","3.5","","","","1"
"1991-09","Saskatchewan","2016A000247","Butane","Cubic metres","72","thousands","3","v18142","3.5","3.0","","","","1"
"1991-09","Alberta","2016A000248","Propane","Cubic metres","72","thousands","3","v18138","4.4","513.2","","","","1"
"1991-09","Alberta","2016A000248","Butane","Cubic metres","72","thousands","3","v18143","4.5","279.1","","","","1"
"1991-09","Alberta","2016A000248","Ethane","Cubic metres","72","thousands","3","v18148","4.6","583.2","","","","1"
"1991-09","Alberta","2016A000248","Sulphur","Tonnes","288","units","0","v18153","4.7","429982","","","","0"
"1991-09","British Columbia","2016A000259","Propane","Cubic metres","72","thousands","3","v18139","5.4","23.8","","","","1"
"1991-09","British Columbia","2016A000259","Butane","Cubic metres","72","thousands","3","v18144","5.5","13.4","","","","1"
"1991-09","British Columbia","2016A000259","Ethane","Cubic metres","72","thousands","3","v18149","5.6","0.0","","","","1"
"1991-09","British Columbia","2016A000259","Sulphur","Tonnes","288","units","0","v18154","5.7","35785","","","","0"
"1991-10","Canada","2016A000011124","Propane","Cubic metres","72","thousands","3","v18135","1.4","593.5","","","","1"
"1991-10","Canada","2016A000011124","Butane","Cubic metres","72","thousands","3","v18140","1.5","333.9","","","","1"
"1991-10","Canada","2016A000011124","Ethane","Cubic metres","72","thousands","3","v18145","1.6","651.9","","","","1"
"1991-10","Canada","2016A000011124","Sulphur","Tonnes","288","units","0","v18150","1.7","514573","","","","0"
"1991-10","Canada","2016A000011124","Gas use (reprocessing), shrinkage","Cubic metres","72","millions","6","v18132","1.1","274.8","","","t","1"
"1991-10","Canada","2016A000011124","Gas use (reprocessing), flared","Cubic metres","72","millions","6","v18133","1.2","1.2","","","t","1"
"1991-10","Canada","2016A000011124","Gas use (reprocessing), plant fuel","Cubic metres","72","millions","6","v18134","1.3","24.4","","","t","1"
"1991-10","Manitoba","2016A000246","Propane","Cubic metres","72","thousands","3","v18136","2.4","0.3","","","","1"
"1991-10","Manitoba","2016A000246","Butane","Cubic metres","72","thousands","3","v18141","2.5","0.1","","","","1"
"1991-10","Saskatchewan","2016A000247","Propane","Cubic metres","72","thousands","3","v18137","3.4","4.1","","","","1"
"1991-10","Saskatchewan","2016A000247","Butane","Cubic metres","72","thousands","3","v18142","3.5","3.5","","","","1"
"1991-10","Alberta","2016A000248","Propane","Cubic metres","72","thousands","3","v18138","4.4","567.0","","","","1"
"1991-10","Alberta","2016A000248","Butane","Cubic metres","72","thousands","3","v18143","4.5","315.3","","","","1"
"1991-10","Alberta","2016A000248","Ethane","Cubic metres","72","thousands","3","v18148","4.6","651.9","","","","1"
"1991-10","Alberta","2016A000248","Sulphur","Tonnes","288","units","0","v18153","4.7","474567","","","","0"
"1991-10","British Columbia","2016A000259","Propane","Cubic metres","72","thousands","3","v18139","5.4","22.1","","","","1"
"1991-10","British Columbia","2016A000259","Butane","Cubic metres","72","thousands","3","v18144","5.5","15.0","","","","1"
"1991-10","British Columbia","2016A000259","Ethane","Cubic metres","72","thousands","3","v18149","5.6","0.0","","","","1"
"1991-10","British Columbia","2016A000259","Sulphur","Tonnes","288","units","0","v18154","5.7","40006","","","","0"
"1991-11","Canada","2016A000011124","Propane","Cubic metres","72","thousands","3","v18135","1.4","604.0","","","","1"
"1991-11","Canada","2016A000011124","Butane","Cubic metres","72","thousands","3","v18140","1.5","332.3","","","","1"
"1991-11","Canada","2016A000011124","Ethane","Cubic metres","72","thousands","3","v18145","1.6","667.6","","","","1"
"1991-11","Canada","2016A000011124","Sulphur","Tonnes","288","units","0","v18150","1.7","552495","","","","0"
"1991-11","Canada","2016A000011124","Gas use (reprocessing), shrinkage","Cubic metres","72","millions","6","v18132","1.1","272.5","","","t","1"
"1991-11","Canada","2016A000011124","Gas use (reprocessing), flared","Cubic metres","72","millions","6","v18133","1.2","1.0","","","t","1"
"1991-11","Canada","2016A000011124","Gas use (reprocessing), plant fuel","Cubic metres","72","millions","6","v18134","1.3","24.7","","","t","1"
"1991-11","Manitoba","2016A000246","Propane","Cubic metres","72","thousands","3","v18136","2.4","0.3","","","","1"
"1991-11","Manitoba","2016A000246","Butane","Cubic metres","72","thousands","3","v18141","2.5","0.1","","","","1"
"1991-11","Saskatchewan","2016A000247","Propane","Cubic metres","72","thousands","3","v18137","3.4","4.4","","","","1"
"1991-11","Saskatchewan","2016A000247","Butane","Cubic metres","72","thousands","3","v18142","3.5","3.6","","","","1"
"1991-11","Alberta","2016A000248","Propane","Cubic metres","72","thousands","3","v18138","4.4","571.0","","","","1"
"1991-11","Alberta","2016A000248","Butane","Cubic metres","72","thousands","3","v18143","4.5","312.9","","","","1"
"1991-11","Alberta","2016A000248","Ethane","Cubic metres","72","thousands","3","v18148","4.6","667.6","","","","1"
"1991-11","Alberta","2016A000248","Sulphur","Tonnes","288","units","0","v18153","4.7","502977","","","","0"
"1991-11","British Columbia","2016A000259","Propane","Cubic metres","72","thousands","3","v18139","5.4","28.3","","","","1"
"1991-11","British Columbia","2016A000259","Butane","Cubic metres","72","thousands","3","v18144","5.5","15.7","","","","1"
"1991-11","British Columbia","2016A000259","Ethane","Cubic metres","72","thousands","3","v18149","5.6","0.0","","","","1"
"1991-11","British Columbia","2016A000259","Sulphur","Tonnes","288","units","0","v18154","5.7","49518","","","","0"
"1991-12","Canada","2016A000011124","Propane","Cubic metres","72","thousands","3","v18135","1.4","683.0","","","","1"
"1991-12","Canada","2016A000011124","Butane","Cubic metres","72","thousands","3","v18140","1.5","383.7","","","","1"
"1991-12","Canada","2016A000011124","Ethane","Cubic metres","72","thousands","3","v18145","1.6","720.6","","","","1"
"1991-12","Canada","2016A000011124","Sulphur","Tonnes","288","units","0","v18150","1.7","568887","","","","0"
"1991-12","Canada","2016A000011124","Gas use (reprocessing), shrinkage","Cubic metres","72","millions","6","v18132","1.1","300.5","","","t","1"
"1991-12","Canada","2016A000011124","Gas use (reprocessing), flared","Cubic metres","72","millions","6","v18133","1.2","1.4","","","t","1"
"1991-12","Canada","2016A000011124","Gas use (reprocessing), plant fuel","Cubic metres","72","millions","6","v18134","1.3","28.3","","","t","1"
"1991-12","Manitoba","2016A000246","Propane","Cubic metres","72","thousands","3","v18136","2.4","0.3","","","","1"
"1991-12","Manitoba","2016A000246","Butane","Cubic metres","72","thousands","3","v18141","2.5","0.1","","","","1"
"1991-12","Saskatchewan","2016A000247","Propane","Cubic metres","72","thousands","3","v18137","3.4","4.6","","","","1"
"1991-12","Saskatchewan","2016A000247","Butane","Cubic metres","72","thousands","3","v18142","3.5","3.9","","","","1"
"1991-12","Alberta","2016A000248","Propane","Cubic metres","72","thousands","3","v18138","4.4","648.5","","","","1"
"1991-12","Alberta","2016A000248","Butane","Cubic metres","72","thousands","3","v18143","4.5","362.9","","","","1"
"1991-12","Alberta","2016A000248","Ethane","Cubic metres","72","thousands","3","v18148","4.6","720.6","","","","1"
"1991-12","Alberta","2016A000248","Sulphur","Tonnes","288","units","0","v18153","4.7","516046","","","","0"
"1991-12","British Columbia","2016A000259","Propane","Cubic metres","72","thousands","3","v18139","5.4","29.6","","","","1"
"1991-12","British Columbia","2016A000259","Butane","Cubic metres","72","thousands","3","v18144","5.5","16.8","","","","1"
"1991-12","British Columbia","2016A000259","Ethane","Cubic metres","72","thousands","3","v18149","5.6","0.0","","","","1"
"1991-12","British Columbia","2016A000259","Sulphur","Tonnes","288","units","0","v18154","5.7","52841","","","","0"
"1992-01","Canada","2016A000011124","Propane","Cubic metres","72","thousands","3","v18135","1.4","675.1","","","","1"
"1992-01","Canada","2016A000011124","Butane","Cubic metres","72","thousands","3","v18140","1.5","350.2","","","","1"
"1992-01","Canada","2016A000011124","Ethane","Cubic metres","72","thousands","3","v18145","1.6","654.6","","","","1"
"1992-01","Canada","2016A000011124","Sulphur","Tonnes","288","units","0","v18150","1.7","546929","","","","0"
"1992-01","Canada","2016A000011124","Gas use (reprocessing), shrinkage","Cubic metres","72","millions","6","v18132","1.1","293.5","","","t","1"
"1992-01","Canada","2016A000011124","Gas use (reprocessing), flared","Cubic metres","72","millions","6","v18133","1.2","1.7","","","t","1"
"1992-01","Canada","2016A000011124","Gas use (reprocessing), plant fuel","Cubic metres","72","millions","6","v18134","1.3","30.9","","","t","1"
"1992-01","Manitoba","2016A000246","Propane","Cubic metres","72","thousands","3","v18136","2.4","0.3","","","","1"
"1992-01","Manitoba","2016A000246","Butane","Cubic metres","72","thousands","3","v18141","2.5","0.1","","","","1"
"1992-01","Saskatchewan","2016A000247","Propane","Cubic metres","72","thousands","3","v18137","3.4","4.6","","","","1"
"1992-01","Saskatchewan","2016A000247","Butane","Cubic metres","72","thousands","3","v18142","3.5","3.9","","","","1"
"1992-01","Alberta","2016A000248","Propane","Cubic metres","72","thousands","3","v18138","4.4","645.6","","","","1"
"1992-01","Alberta","2016A000248","Butane","Cubic metres","72","thousands","3","v18143","4.5","329.1","","","","1"
"1992-01","Alberta","2016A000248","Ethane","Cubic metres","72","thousands","3","v18148","4.6","654.6","","","","1"
"1992-01","Alberta","2016A000248","Sulphur","Tonnes","288","units","0","v18153","4.7","496203","","","","0"
"1992-01","British Columbia","2016A000259","Propane","Cubic metres","72","thousands","3","v18139","5.4","24.6","","","","1"
"1992-01","British Columbia","2016A000259","Butane","Cubic metres","72","thousands","3","v18144","5.5","17.1","","","","1"
"1992-01","British Columbia","2016A000259","Ethane","Cubic metres","72","thousands","3","v18149","5.6","0.0","","","","1"
"1992-01","British Columbia","2016A000259","Sulphur","Tonnes","288","units","0","v18154","5.7","50726","","","","0"
"1992-02","Canada","2016A000011124","Propane","Cubic metres","72","thousands","3","v18135","1.4","643.0","","","","1"
"1992-02","Canada","2016A000011124","Butane","Cubic metres","72","thousands","3","v18140","1.5","345.0","","","","1"
"1992-02","Canada","2016A000011124","Ethane","Cubic metres","72","thousands","3","v18145","1.6","599.7","","","","1"
"1992-02","Canada","2016A000011124","Sulphur","Tonnes","288","units","0","v18150","1.7","500576","","","","0"
"1992-02","Canada","2016A000011124","Gas use (reprocessing), shrinkage","Cubic metres","72","millions","6","v18132","1.1","270.9","","","t","1"
"1992-02","Canada","2016A000011124","Gas use (reprocessing), flared","Cubic metres","72","millions","6","v18133","1.2","1.3","","","t","1"
"1992-02","Canada","2016A000011124","Gas use (reprocessing), plant fuel","Cubic metres","72","millions","6","v18134","1.3","28.2","","","t","1"
"1992-02","Manitoba","2016A000246","Propane","Cubic metres","72","thousands","3","v18136","2.4","0.2","","","","1"
"1992-02","Manitoba","2016A000246","Butane","Cubic metres","72","thousands","3","v18141","2.5","0.1","","","","1"
"1992-02","Saskatchewan","2016A000247","Propane","Cubic metres","72","thousands","3","v18137","3.4","4.9","","","","1"
"1992-02","Saskatchewan","2016A000247","Butane","Cubic metres","72","thousands","3","v18142","3.5","4.3","","","","1"
"1992-02","Alberta","2016A000248","Propane","Cubic metres","72","thousands","3","v18138","4.4","615.3","","","","1"
"1992-02","Alberta","2016A000248","Butane","Cubic metres","72","thousands","3","v18143","4.5","324.4","","","","1"
"1992-02","Alberta","2016A000248","Ethane","Cubic metres","72","thousands","3","v18148","4.6","599.7","","","","1"
"1992-02","Alberta","2016A000248","Sulphur","Tonnes","288","units","0","v18153","4.7","452218","","","","0"
"1992-02","British Columbia","2016A000259","Propane","Cubic metres","72","thousands","3","v18139","5.4","22.6","","","","1"
"1992-02","British Columbia","2016A000259","Butane","Cubic metres","72","thousands","3","v18144","5.5","16.2","","","","1"
"1992-02","British Columbia","2016A000259","Ethane","Cubic metres","72","thousands","3","v18149","5.6","0.0","","","","1"
"1992-02","British Columbia","2016A000259","Sulphur","Tonnes","288","units","0","v18154","5.7","48358","","","","0"
"1992-03","Canada","2016A000011124","Propane","Cubic metres","72","thousands","3","v18135","1.4","655.0","","","","1"
"1992-03","Canada","2016A000011124","Butane","Cubic metres","72","thousands","3","v18140","1.5","361.7","","","","1"
"1992-03","Canada","2016A000011124","Ethane","Cubic metres","72","thousands","3","v18145","1.6","638.7","","","","1"
"1992-03","Canada","2016A000011124","Sulphur","Tonnes","288","units","0","v18150","1.7","563868","","","","0"
"1992-03","Canada","2016A000011124","Gas use (reprocessing), shrinkage","Cubic metres","72","millions","6","v18132","1.1","271.8","","","t","1"
"1992-03","Canada","2016A000011124","Gas use (reprocessing), flared","Cubic metres","72","millions","6","v18133","1.2","1.4","","","t","1"
"1992-03","Canada","2016A000011124","Gas use (reprocessing), plant fuel","Cubic metres","72","millions","6","v18134","1.3","29.0","","","t","1"
"1992-03","Manitoba","2016A000246","Propane","Cubic metres","72","thousands","3","v18136","2.4","0.2","","","","1"
"1992-03","Manitoba","2016A000246","Butane","Cubic metres","72","thousands","3","v18141","2.5","0.1","","","","1"
"1992-03","Saskatchewan","2016A000247","Propane","Cubic metres","72","thousands","3","v18137","3.4","4.5","","","","1"
"1992-03","Saskatchewan","2016A000247","Butane","Cubic metres","72","thousands","3","v18142","3.5","4.0","","","","1"
"1992-03","Alberta","2016A000248","Propane","Cubic metres","72","thousands","3","v18138","4.4","628.7","","","","1"
"1992-03","Alberta","2016A000248","Butane","Cubic metres","72","thousands","3","v18143","4.5","340.4","","","","1"
"1992-03","Alberta","2016A000248","Ethane","Cubic metres","72","thousands","3","v18148","4.6","638.7","","","","1"
"1992-03","Alberta","2016A000248","Sulphur","Tonnes","288","units","0","v18153","4.7","516868","","","","0"
"1992-03","British Columbia","2016A000259","Propane","Cubic metres","72","thousands","3","v18139","5.4","21.6","","","","1"
"1992-03","British Columbia","2016A000259","Butane","Cubic metres","72","thousands","3","v18144","5.5","17.2","","","","1"
"1992-03","British Columbia","2016A000259","Ethane","Cubic metres","72","thousands","3","v18149","5.6","0.0","","","","1"
"1992-03","British Columbia","2016A000259","Sulphur","Tonnes","288","units","0","v18154","5.7","47000","","","","0"
"1992-04","Canada","2016A000011124","Propane","Cubic metres","72","thousands","3","v18135","1.4","647.8","","","","1"
"1992-04","Canada","2016A000011124","Butane","Cubic metres","72","thousands","3","v18140","1.5","352.5","","","","1"
"1992-04","Canada","2016A000011124","Ethane","Cubic metres","72","thousands","3","v18145","1.6","588.2","","","","1"
"1992-04","Canada","2016A000011124","Sulphur","Tonnes","288","units","0","v18150","1.7","512807","","","","0"
"1992-04","Canada","2016A000011124","Gas use (reprocessing), shrinkage","Cubic metres","72","millions","6","v18132","1.1","257.4","","","t","1"
"1992-04","Canada","2016A000011124","Gas use (reprocessing), flared","Cubic metres","72","millions","6","v18133","1.2","1.6","","","t","1"
"1992-04","Canada","2016A000011124","Gas use (reprocessing), plant fuel","Cubic metres","72","millions","6","v18134","1.3","27.6","","","t","1"
"1992-04","Manitoba","2016A000246","Propane","Cubic metres","72","thousands","3","v18136","2.4","0.3","","","","1"
"1992-04","Manitoba","2016A000246","Butane","Cubic metres","72","thousands","3","v18141","2.5","0.1","","","","1"
"1992-04","Saskatchewan","2016A000247","Propane","Cubic metres","72","thousands","3","v18137","3.4","4.4","","","","1"
"1992-04","Saskatchewan","2016A000247","Butane","Cubic metres","72","thousands","3","v18142","3.5","3.8","","","","1"
"1992-04","Alberta","2016A000248","Propane","Cubic metres","72","thousands","3","v18138","4.4","623.4","","","","1"
"1992-04","Alberta","2016A000248","Butane","Cubic metres","72","thousands","3","v18143","4.5","333.2","","","","1"
"1992-04","Alberta","2016A000248","Ethane","Cubic metres","72","thousands","3","v18148","4.6","588.2","","","","1"
"1992-04","Alberta","2016A000248","Sulphur","Tonnes","288","units","0","v18153","4.7","470699","","","","0"
"1992-04","British Columbia","2016A000259","Propane","Cubic metres","72","thousands","3","v18139","5.4","19.7","","","","1"
"1992-04","British Columbia","2016A000259","Butane","Cubic metres","72","thousands","3","v18144","5.5","15.4","","","","1"
"1992-04","British Columbia","2016A000259","Ethane","Cubic metres","72","thousands","3","v18149","5.6","0.0","","","","1"
"1992-04","British Columbia","2016A000259","Sulphur","Tonnes","288","units","0","v18154","5.7","42108","","","","0"
"1992-05","Canada","2016A000011124","Propane","Cubic metres","72","thousands","3","v18135","1.4","618.0","","","","1"
"1992-05","Canada","2016A000011124","Butane","Cubic metres","72","thousands","3","v18140","1.5","328.5","","","","1"
"1992-05","Canada","2016A000011124","Ethane","Cubic metres","72","thousands","3","v18145","1.6","552.3","","","","1"
"1992-05","Canada","2016A000011124","Sulphur","Tonnes","288","units","0","v18150","1.7","471168","","","","0"
"1992-05","Canada","2016A000011124","Gas use (reprocessing), shrinkage","Cubic metres","72","millions","6","v18132","1.1","247.1","","","t","1"
"1992-05","Canada","2016A000011124","Gas use (reprocessing), flared","Cubic metres","72","millions","6","v18133","1.2","1.9","","","t","1"
"1992-05","Canada","2016A000011124","Gas use (reprocessing), plant fuel","Cubic metres","72","millions","6","v18134","1.3","28.3","","","t","1"
"1992-05","Manitoba","2016A000246","Propane","Cubic metres","72","thousands","3","v18136","2.4","0.3","","","","1"
"1992-05","Manitoba","2016A000246","Butane","Cubic metres","72","thousands","3","v18141","2.5","0.1","","","","1"
"1992-05","Saskatchewan","2016A000247","Propane","Cubic metres","72","thousands","3","v18137","3.4","4.3","","","","1"
"1992-05","Saskatchewan","2016A000247","Butane","Cubic metres","72","thousands","3","v18142","3.5","3.7","","","","1"
"1992-05","Alberta","2016A000248","Propane","Cubic metres","72","thousands","3","v18138","4.4","599.3","","","","1"
"1992-05","Alberta","2016A000248","Butane","Cubic metres","72","thousands","3","v18143","4.5","313.3","","","","1"
"1992-05","Alberta","2016A000248","Ethane","Cubic metres","72","thousands","3","v18148","4.6","552.3","","","","1"
"1992-05","Alberta","2016A000248","Sulphur","Tonnes","288","units","0","v18153","4.7","442564","","","","0"
"1992-05","British Columbia","2016A000259","Propane","Cubic metres","72","thousands","3","v18139","5.4","14.1","","","","1"
"1992-05","British Columbia","2016A000259","Butane","Cubic metres","72","thousands","3","v18144","5.5","11.4","","","","1"
"1992-05","British Columbia","2016A000259","Ethane","Cubic metres","72","thousands","3","v18149","5.6","0.0","","","","1"
"1992-05","British Columbia","2016A000259","Sulphur","Tonnes","288","units","0","v18154","5.7","28604","","","","0"
"1992-06","Canada","2016A000011124","Propane","Cubic metres","72","thousands","3","v18135","1.4","658.9","","","","1"
"1992-06","Canada","2016A000011124","Butane","Cubic metres","72","thousands","3","v18140","1.5","254.9","","","","1"
"1992-06","Canada","2016A000011124","Ethane","Cubic metres","72","thousands","3","v18145","1.6","482.4","","","","1"
"1992-06","Canada","2016A000011124","Sulphur","Tonnes","288","units","0","v18150","1.7","475167","","","","0"
"1992-06","Canada","2016A000011124","Gas use (reprocessing), shrinkage","Cubic metres","72","millions","6","v18132","1.1","232.5","","","t","1"
"1992-06","Canada","2016A000011124","Gas use (reprocessing), flared","Cubic metres","72","millions","6","v18133","1.2","1.6","","","t","1"
"1992-06","Canada","2016A000011124","Gas use (reprocessing), plant fuel","Cubic metres","72","millions","6","v18134","1.3","23.6","","","t","1"
"1992-06","Manitoba","2016A000246","Propane","Cubic metres","72","thousands","3","v18136","2.4","0.3","","","","1"
"1992-06","Manitoba","2016A000246","Butane","Cubic metres","72","thousands","3","v18141","2.5","0.1","","","","1"
"1992-06","Saskatchewan","2016A000247","Propane","Cubic metres","72","thousands","3","v18137","3.4","3.9","","","","1"
"1992-06","Saskatchewan","2016A000247","Butane","Cubic metres","72","thousands","3","v18142","3.5","3.4","","","","1"
"1992-06","Alberta","2016A000248","Propane","Cubic metres","72","thousands","3","v18138","4.4","630.6","","","","1"
"1992-06","Alberta","2016A000248","Butane","Cubic metres","72","thousands","3","v18143","4.5","238.1","","","","1"
"1992-06","Alberta","2016A000248","Ethane","Cubic metres","72","thousands","3","v18148","4.6","482.4","","","","1"
"1992-06","Alberta","2016A000248","Sulphur","Tonnes","288","units","0","v18153","4.7","439788","","","","0"
"1992-06","British Columbia","2016A000259","Propane","Cubic metres","72","thousands","3","v18139","5.4","24.1","","","","1"
"1992-06","British Columbia","2016A000259","Butane","Cubic metres","72","thousands","3","v18144","5.5","13.3","","","","1"
"1992-06","British Columbia","2016A000259","Ethane","Cubic metres","72","thousands","3","v18149","5.6","0.0","","","","1"
"1992-06","British Columbia","2016A000259","Sulphur","Tonnes","288","units","0","v18154","5.7","35379","","","","0"
"1992-07","Canada","2016A000011124","Propane","Cubic metres","72","thousands","3","v18135","1.4","636.3","","","","1"
"1992-07","Canada","2016A000011124","Butane","Cubic metres","72","thousands","3","v18140","1.5","331.8","","","","1"
"1992-07","Canada","2016A000011124","Ethane","Cubic metres","72","thousands","3","v18145","1.6","594.4","","","","1"
"1992-07","Canada","2016A000011124","Sulphur","Tonnes","288","units","0","v18150","1.7","519012","","","","0"
"1992-07","Canada","2016A000011124","Gas use (reprocessing), shrinkage","Cubic metres","72","millions","6","v18132","1.1","229.0","","","t","1"
"1992-07","Canada","2016A000011124","Gas use (reprocessing), flared","Cubic metres","72","millions","6","v18133","1.2","1.8","","","t","1"
"1992-07","Canada","2016A000011124","Gas use (reprocessing), plant fuel","Cubic metres","72","millions","6","v18134","1.3","25.9","","","t","1"
"1992-07","Manitoba","2016A000246","Propane","Cubic metres","72","thousands","3","v18136","2.4","0.3","","","","1"
"1992-07","Manitoba","2016A000246","Butane","Cubic metres","72","thousands","3","v18141","2.5","0.1","","","","1"
"1992-07","Saskatchewan","2016A000247","Propane","Cubic metres","72","thousands","3","v18137","3.4","3.5","","","","1"
"1992-07","Saskatchewan","2016A000247","Butane","Cubic metres","72","thousands","3","v18142","3.5","3.1","","","","1"
"1992-07","Alberta","2016A000248","Propane","Cubic metres","72","thousands","3","v18138","4.4","607.0","","","","1"
"1992-07","Alberta","2016A000248","Butane","Cubic metres","72","thousands","3","v18143","4.5","314.1","","","","1"
"1992-07","Alberta","2016A000248","Ethane","Cubic metres","72","thousands","3","v18148","4.6","594.4","","","","1"
"1992-07","Alberta","2016A000248","Sulphur","Tonnes","288","units","0","v18153","4.7","489466","","","","0"
"1992-07","British Columbia","2016A000259","Propane","Cubic metres","72","thousands","3","v18139","5.4","25.5","","","","1"
"1992-07","British Columbia","2016A000259","Butane","Cubic metres","72","thousands","3","v18144","5.5","14.5","","","","1"
"1992-07","British Columbia","2016A000259","Ethane","Cubic metres","72","thousands","3","v18149","5.6","0.0","","","","1"
"1992-07","British Columbia","2016A000259","Sulphur","Tonnes","288","units","0","v18154","5.7","29546","","","","0"
"1992-08","Canada","2016A000011124","Propane","Cubic metres","72","thousands","3","v18135","1.4","684.2","","","","1"
"1992-08","Canada","2016A000011124","Butane","Cubic metres","72","thousands","3","v18140","1.5","309.5","","","","1"
"1992-08","Canada","2016A000011124","Ethane","Cubic metres","72","thousands","3","v18145","1.6","588.5","","","","1"
"1992-08","Canada","2016A000011124","Sulphur","Tonnes","288","units","0","v18150","1.7","536934","","","","0"
"1992-08","Canada","2016A000011124","Gas use (reprocessing), shrinkage","Cubic metres","72","millions","6","v18132","1.1","257.5","","","t","1"
"1992-08","Canada","2016A000011124","Gas use (reprocessing), flared","Cubic metres","72","millions","6","v18133","1.2","1.6","","","t","1"
"1992-08","Canada","2016A000011124","Gas use (reprocessing), plant fuel","Cubic metres","72","millions","6","v18134","1.3","26.8","","","t","1"
"1992-08","Manitoba","2016A000246","Propane","Cubic metres","72","thousands","3","v18136","2.4","0.3","","","","1"
"1992-08","Manitoba","2016A000246","Butane","Cubic metres","72","thousands","3","v18141","2.5","0.1","","","","1"
"1992-08","Saskatchewan","2016A000247","Propane","Cubic metres","72","thousands","3","v18137","3.4","4.6","","","","1"
"1992-08","Saskatchewan","2016A000247","Butane","Cubic metres","72","thousands","3","v18142","3.5","3.9","","","","1"
"1992-08","Alberta","2016A000248","Propane","Cubic metres","72","thousands","3","v18138","4.4","654.9","","","","1"
"1992-08","Alberta","2016A000248","Butane","Cubic metres","72","thousands","3","v18143","4.5","290.2","","","","1"
"1992-08","Alberta","2016A000248","Ethane","Cubic metres","72","thousands","3","v18148","4.6","588.5","","","","1"
"1992-08","Alberta","2016A000248","Sulphur","Tonnes","288","units","0","v18153","4.7","492036","","","","0"
"1992-08","British Columbia","2016A000259","Propane","Cubic metres","72","thousands","3","v18139","5.4","24.4","","","","1"
"1992-08","British Columbia","2016A000259","Butane","Cubic metres","72","thousands","3","v18144","5.5","15.3","","","","1"
"1992-08","British Columbia","2016A000259","Ethane","Cubic metres","72","thousands","3","v18149","5.6","0.0","","","","1"
"1992-08","British Columbia","2016A000259","Sulphur","Tonnes","288","units","0","v18154","5.7","44898","","","","0"
"1992-09","Canada","2016A000011124","Propane","Cubic metres","72","thousands","3","v18135","1.4","651.1","","","","1"
"1992-09","Canada","2016A000011124","Butane","Cubic metres","72","thousands","3","v18140","1.5","299.9","","","","1"
"1992-09","Canada","2016A000011124","Ethane","Cubic metres","72","thousands","3","v18145","1.6","554.4","","","","1"
"1992-09","Canada","2016A000011124","Sulphur","Tonnes","288","units","0","v18150","1.7","482586","","","","0"
"1992-09","Canada","2016A000011124","Gas use (reprocessing), shrinkage","Cubic metres","72","millions","6","v18132","1.1","280.0","","","t","1"
"1992-09","Canada","2016A000011124","Gas use (reprocessing), flared","Cubic metres","72","millions","6","v18133","1.2","1.6","","","t","1"
"1992-09","Canada","2016A000011124","Gas use (reprocessing), plant fuel","Cubic metres","72","millions","6","v18134","1.3","26.9","","","t","1"
"1992-09","Manitoba","2016A000246","Propane","Cubic metres","72","thousands","3","v18136","2.4","0.3","","","","1"
"1992-09","Manitoba","2016A000246","Butane","Cubic metres","72","thousands","3","v18141","2.5","0.1","","","","1"
"1992-09","Saskatchewan","2016A000247","Propane","Cubic metres","72","thousands","3","v18137","3.4","4.6","","","","1"
"1992-09","Saskatchewan","2016A000247","Butane","Cubic metres","72","thousands","3","v18142","3.5","3.9","","","","1"
"1992-09","Alberta","2016A000248","Propane","Cubic metres","72","thousands","3","v18138","4.4","620.1","","","","1"
"1992-09","Alberta","2016A000248","Butane","Cubic metres","72","thousands","3","v18143","4.5","280.9","","","","1"
"1992-09","Alberta","2016A000248","Ethane","Cubic metres","72","thousands","3","v18148","4.6","554.4","","","","1"
"1992-09","Alberta","2016A000248","Sulphur","Tonnes","288","units","0","v18153","4.7","437181","","","","0"
"1992-09","British Columbia","2016A000259","Propane","Cubic metres","72","thousands","3","v18139","5.4","26.1","","","","1"
"1992-09","British Columbia","2016A000259","Butane","Cubic metres","72","thousands","3","v18144","5.5","15.0","","","","1"
"1992-09","British Columbia","2016A000259","Ethane","Cubic metres","72","thousands","3","v18149","5.6","0.0","","","","1"
"1992-09","British Columbia","2016A000259","Sulphur","Tonnes","288","units","0","v18154","5.7","45405","","","","0"
"1992-10","Canada","2016A000011124","Propane","Cubic metres","72","thousands","3","v18135","1.4","633.0","","","","1"
"1992-10","Canada","2016A000011124","Butane","Cubic metres","72","thousands","3","v18140","1.5","344.8","","","","1"
"1992-10","Canada","2016A000011124","Ethane","Cubic metres","72","thousands","3","v18145","1.6","624.6","","","","1"
"1992-10","Canada","2016A000011124","Sulphur","Tonnes","288","units","0","v18150","1.7","550664","","","","0"
"1992-10","Canada","2016A000011124","Gas use (reprocessing), shrinkage","Cubic metres","72","millions","6","v18132","1.1","268.7","","","t","1"
"1992-10","Canada","2016A000011124","Gas use (reprocessing), flared","Cubic metres","72","millions","6","v18133","1.2","1.6","","","t","1"
"1992-10","Canada","2016A000011124","Gas use (reprocessing), plant fuel","Cubic metres","72","millions","6","v18134","1.3","23.7","","","t","1"
"1992-10","Manitoba","2016A000246","Propane","Cubic metres","72","thousands","3","v18136","2.4","0.3","","","","1"
"1992-10","Manitoba","2016A000246","Butane","Cubic metres","72","thousands","3","v18141","2.5","0.1","","","","1"
"1992-10","Saskatchewan","2016A000247","Propane","Cubic metres","72","thousands","3","v18137","3.4","4.5","","","","1"
"1992-10","Saskatchewan","2016A000247","Butane","Cubic metres","72","thousands","3","v18142","3.5","4.0","","","","1"
"1992-10","Alberta","2016A000248","Propane","Cubic metres","72","thousands","3","v18138","4.4","598.2","","","","1"
"1992-10","Alberta","2016A000248","Butane","Cubic metres","72","thousands","3","v18143","4.5","323.6","","","","1"
"1992-10","Alberta","2016A000248","Ethane","Cubic metres","72","thousands","3","v18148","4.6","624.6","","","","1"
"1992-10","Alberta","2016A000248","Sulphur","Tonnes","288","units","0","v18153","4.7","502256","","","","0"
"1992-10","British Columbia","2016A000259","Propane","Cubic metres","72","thousands","3","v18139","5.4","30.0","","","","1"
"1992-10","British Columbia","2016A000259","Butane","Cubic metres","72","thousands","3","v18144","5.5","17.1","","","","1"
"1992-10","British Columbia","2016A000259","Ethane","Cubic metres","72","thousands","3","v18149","5.6","0.0","","","","1"
"1992-10","British Columbia","2016A000259","Sulphur","Tonnes","288","units","0","v18154","5.7","48408","","","","0"
"1992-11","Canada","2016A000011124","Propane","Cubic metres","72","thousands","3","v18135","1.4","624.4","","","","1"
"1992-11","Canada","2016A000011124","Butane","Cubic metres","72","thousands","3","v18140","1.5","336.8","","","","1"
"1992-11","Canada","2016A000011124","Ethane","Cubic metres","72","thousands","3","v18145","1.6","739.8","","","","1"
"1992-11","Canada","2016A000011124","Sulphur","Tonnes","288","units","0","v18150","1.7","564491","","","","0"
"1992-11","Canada","2016A000011124","Gas use (reprocessing), shrinkage","Cubic metres","72","millions","6","v18132","1.1","289.4","","","t","1"
"1992-11","Canada","2016A000011124","Gas use (reprocessing), flared","Cubic metres","72","millions","6","v18133","1.2","1.7","","","t","1"
"1992-11","Canada","2016A000011124","Gas use (reprocessing), plant fuel","Cubic metres","72","millions","6","v18134","1.3","29.6","","","t","1"
"1992-11","Manitoba","2016A000246","Propane","Cubic metres","72","thousands","3","v18136","2.4","0.3","","","","1"
"1992-11","Manitoba","2016A000246","Butane","Cubic metres","72","thousands","3","v18141","2.5","0.1","","","","1"
"1992-11","Saskatchewan","2016A000247","Propane","Cubic metres","72","thousands","3","v18137","3.4","4.6","","","","1"
"1992-11","Saskatchewan","2016A000247","Butane","Cubic metres","72","thousands","3","v18142","3.5","4.1","","","","1"
"1992-11","Alberta","2016A000248","Propane","Cubic metres","72","thousands","3","v18138","4.4","594.1","","","","1"
"1992-11","Alberta","2016A000248","Butane","Cubic metres","72","thousands","3","v18143","4.5","317.0","","","","1"
"1992-11","Alberta","2016A000248","Ethane","Cubic metres","72","thousands","3","v18148","4.6","739.8","","","","1"
"1992-11","Alberta","2016A000248","Sulphur","Tonnes","288","units","0","v18153","4.7","512865","","","","0"
"1992-11","British Columbia","2016A000259","Propane","Cubic metres","72","thousands","3","v18139","5.4","25.4","","","","1"
"1992-11","British Columbia","2016A000259","Butane","Cubic metres","72","thousands","3","v18144","5.5","15.6","","","","1"
"1992-11","British Columbia","2016A000259","Ethane","Cubic metres","72","thousands","3","v18149","5.6","0.0","","","","1"
"1992-11","British Columbia","2016A000259","Sulphur","Tonnes","288","units","0","v18154","5.7","51626","","","","0"
"1992-12","Canada","2016A000011124","Propane","Cubic metres","72","thousands","3","v18135","1.4","693.6","","","","1"
"1992-12","Canada","2016A000011124","Butane","Cubic metres","72","thousands","3","v18140","1.5","341.1","","","","1"
"1992-12","Canada","2016A000011124","Ethane","Cubic metres","72","thousands","3","v18145","1.6","689.8","","","","1"
"1992-12","Canada","2016A000011124","Sulphur","Tonnes","288","units","0","v18150","1.7","586934","","","","0"
"1992-12","Canada","2016A000011124","Gas use (reprocessing), shrinkage","Cubic metres","72","millions","6","v18132","1.1","283.0","","","t","1"
"1992-12","Canada","2016A000011124","Gas use (reprocessing), flared","Cubic metres","72","millions","6","v18133","1.2","1.9","","","t","1"
"1992-12","Canada","2016A000011124","Gas use (reprocessing), plant fuel","Cubic metres","72","millions","6","v18134","1.3","37.1","","","t","1"
"1992-12","Manitoba","2016A000246","Propane","Cubic metres","72","thousands","3","v18136","2.4","0.3","","","","1"
"1992-12","Manitoba","2016A000246","Butane","Cubic metres","72","thousands","3","v18141","2.5","0.1","","","","1"
"1992-12","Saskatchewan","2016A000247","Propane","Cubic metres","72","thousands","3","v18137","3.4","4.6","","","","1"
"1992-12","Saskatchewan","2016A000247","Butane","Cubic metres","72","thousands","3","v18142","3.5","3.6","","","","1"
"1992-12","Alberta","2016A000248","Propane","Cubic metres","72","thousands","3","v18138","4.4","664.9","","","","1"
"1992-12","Alberta","2016A000248","Butane","Cubic metres","72","thousands","3","v18143","4.5","322.0","","","","1"
"1992-12","Alberta","2016A000248","Ethane","Cubic metres","72","thousands","3","v18148","4.6","689.8","","","","1"
"1992-12","Alberta","2016A000248","Sulphur","Tonnes","288","units","0","v18153","4.7","533379","","","","0"
"1992-12","British Columbia","2016A000259","Propane","Cubic metres","72","thousands","3","v18139","5.4","23.8","","","","1"
"1992-12","British Columbia","2016A000259","Butane","Cubic metres","72","thousands","3","v18144","5.5","15.4","","","","1"
"1992-12","British Columbia","2016A000259","Ethane","Cubic metres","72","thousands","3","v18149","5.6","0.0","","","","1"
"1992-12","British Columbia","2016A000259","Sulphur","Tonnes","288","units","0","v18154","5.7","53555","","","","0"
"1993-01","Canada","2016A000011124","Propane","Cubic metres","72","thousands","3","v18135","1.4","685.0","","","","1"
"1993-01","Canada","2016A000011124","Butane","Cubic metres","72","thousands","3","v18140","1.5","332.6","","","","1"
"1993-01","Canada","2016A000011124","Ethane","Cubic metres","72","thousands","3","v18145","1.6","708.5","","","","1"
"1993-01","Canada","2016A000011124","Sulphur","Tonnes","288","units","0","v18150","1.7","566130","","","","0"
"1993-01","Canada","2016A000011124","Gas use (reprocessing), shrinkage","Cubic metres","72","millions","6","v18132","1.1","302.7","","","t","1"
"1993-01","Canada","2016A000011124","Gas use (reprocessing), flared","Cubic metres","72","millions","6","v18133","1.2","1.9","","","t","1"
"1993-01","Canada","2016A000011124","Gas use (reprocessing), plant fuel","Cubic metres","72","millions","6","v18134","1.3","38.9","","","t","1"
"1993-01","Manitoba","2016A000246","Propane","Cubic metres","72","thousands","3","v18136","2.4","0.2","","","","1"
"1993-01","Manitoba","2016A000246","Butane","Cubic metres","72","thousands","3","v18141","2.5","0.1","","","","1"
"1993-01","Saskatchewan","2016A000247","Propane","Cubic metres","72","thousands","3","v18137","3.4","4.5","","","","1"
"1993-01","Saskatchewan","2016A000247","Butane","Cubic metres","72","thousands","3","v18142","3.5","3.8","","","","1"
"1993-01","Alberta","2016A000248","Propane","Cubic metres","72","thousands","3","v18138","4.4","650.3","","","","1"
"1993-01","Alberta","2016A000248","Butane","Cubic metres","72","thousands","3","v18143","4.5","311.5","","","","1"
"1993-01","Alberta","2016A000248","Ethane","Cubic metres","72","thousands","3","v18148","4.6","708.5","","","","1"
"1993-01","Alberta","2016A000248","Sulphur","Tonnes","288","units","0","v18153","4.7","512631","","","","0"
"1993-01","British Columbia","2016A000259","Propane","Cubic metres","72","thousands","3","v18139","5.4","30.0","","","","1"
"1993-01","British Columbia","2016A000259","Butane","Cubic metres","72","thousands","3","v18144","5.5","17.2","","","","1"
"1993-01","British Columbia","2016A000259","Ethane","Cubic metres","72","thousands","3","v18149","5.6","0.0","","","","1"
"1993-01","British Columbia","2016A000259","Sulphur","Tonnes","288","units","0","v18154","5.7","53499","","","","0"
"1993-02","Canada","2016A000011124","Propane","Cubic metres","72","thousands","3","v18135","1.4","630.5","","","","1"
"1993-02","Canada","2016A000011124","Butane","Cubic metres","72","thousands","3","v18140","1.5","327.7","","","","1"
"1993-02","Canada","2016A000011124","Ethane","Cubic metres","72","thousands","3","v18145","1.6","636.6","","","","1"
"1993-02","Canada","2016A000011124","Sulphur","Tonnes","288","units","0","v18150","1.7","518636","","","","0"
"1993-02","Canada","2016A000011124","Gas use (reprocessing), shrinkage","Cubic metres","72","millions","6","v18132","1.1","281.4","","","t","1"
"1993-02","Canada","2016A000011124","Gas use (reprocessing), flared","Cubic metres","72","millions","6","v18133","1.2","1.7","","","t","1"
"1993-02","Canada","2016A000011124","Gas use (reprocessing), plant fuel","Cubic metres","72","millions","6","v18134","1.3","35.2","","","t","1"
"1993-02","Manitoba","2016A000246","Propane","Cubic metres","72","thousands","3","v18136","2.4","0.2","","","","1"
"1993-02","Manitoba","2016A000246","Butane","Cubic metres","72","thousands","3","v18141","2.5","0.1","","","","1"
"1993-02","Saskatchewan","2016A000247","Propane","Cubic metres","72","thousands","3","v18137","3.4","4.1","","","","1"
"1993-02","Saskatchewan","2016A000247","Butane","Cubic metres","72","thousands","3","v18142","3.5","3.2","","","","1"
"1993-02","Alberta","2016A000248","Propane","Cubic metres","72","thousands","3","v18138","4.4","599.4","","","","1"
"1993-02","Alberta","2016A000248","Butane","Cubic metres","72","thousands","3","v18143","4.5","309.0","","","","1"
"1993-02","Alberta","2016A000248","Ethane","Cubic metres","72","thousands","3","v18148","4.6","636.6","","","","1"
"1993-02","Alberta","2016A000248","Sulphur","Tonnes","288","units","0","v18153","4.7","471527","","","","0"
"1993-02","British Columbia","2016A000259","Propane","Cubic metres","72","thousands","3","v18139","5.4","26.8","","","","1"
"1993-02","British Columbia","2016A000259","Butane","Cubic metres","72","thousands","3","v18144","5.5","15.4","","","","1"
"1993-02","British Columbia","2016A000259","Ethane","Cubic metres","72","thousands","3","v18149","5.6","0.0","","","","1"
"1993-02","British Columbia","2016A000259","Sulphur","Tonnes","288","units","0","v18154","5.7","47109","","","","0"
"1993-03","Canada","2016A000011124","Propane","Cubic metres","72","thousands","3","v18135","1.4","725.6","","","","1"
"1993-03","Canada","2016A000011124","Butane","Cubic metres","72","thousands","3","v18140","1.5","336.1","","","","1"
"1993-03","Canada","2016A000011124","Ethane","Cubic metres","72","thousands","3","v18145","1.6","708.8","","","","1"
"1993-03","Canada","2016A000011124","Sulphur","Tonnes","288","units","0","v18150","1.7","598947","","","","0"
"1993-03","Canada","2016A000011124","Gas use (reprocessing), shrinkage","Cubic metres","72","millions","6","v18132","1.1","303.5","","","t","1"
"1993-03","Canada","2016A000011124","Gas use (reprocessing), flared","Cubic metres","72","millions","6","v18133","1.2","3.4","","","t","1"
"1993-03","Canada","2016A000011124","Gas use (reprocessing), plant fuel","Cubic metres","72","millions","6","v18134","1.3","36.6","","","t","1"
"1993-03","Manitoba","2016A000246","Propane","Cubic metres","72","thousands","3","v18136","2.4","0.3","","","","1"
"1993-03","Manitoba","2016A000246","Butane","Cubic metres","72","thousands","3","v18141","2.5","0.1","","","","1"
"1993-03","Saskatchewan","2016A000247","Propane","Cubic metres","72","thousands","3","v18137","3.4","4.6","","","","1"
"1993-03","Saskatchewan","2016A000247","Butane","Cubic metres","72","thousands","3","v18142","3.5","3.9","","","","1"
"1993-03","Alberta","2016A000248","Propane","Cubic metres","72","thousands","3","v18138","4.4","694.0","","","","1"
"1993-03","Alberta","2016A000248","Butane","Cubic metres","72","thousands","3","v18143","4.5","316.1","","","","1"
"1993-03","Alberta","2016A000248","Ethane","Cubic metres","72","thousands","3","v18148","4.6","708.8","","","","1"
"1993-03","Alberta","2016A000248","Sulphur","Tonnes","288","units","0","v18153","4.7","545006","","","","0"
"1993-03","British Columbia","2016A000259","Propane","Cubic metres","72","thousands","3","v18139","5.4","26.7","","","","1"
"1993-03","British Columbia","2016A000259","Butane","Cubic metres","72","thousands","3","v18144","5.5","16.0","","","","1"
"1993-03","British Columbia","2016A000259","Ethane","Cubic metres","72","thousands","3","v18149","5.6","0.0","","","","1"
"1993-03","British Columbia","2016A000259","Sulphur","Tonnes","288","units","0","v18154","5.7","53941","","","","0"
"1993-04","Canada","2016A000011124","Propane","Cubic metres","72","thousands","3","v18135","1.4","651.8","","","","1"
"1993-04","Canada","2016A000011124","Butane","Cubic metres","72","thousands","3","v18140","1.5","352.9","","","","1"
"1993-04","Canada","2016A000011124","Ethane","Cubic metres","72","thousands","3","v18145","1.6","719.6","","","","1"
"1993-04","Canada","2016A000011124","Sulphur","Tonnes","288","units","0","v18150","1.7","614868","","","","0"
"1993-04","Canada","2016A000011124","Gas use (reprocessing), shrinkage","Cubic metres","72","millions","6","v18132","1.1","299.4","","","t","1"
"1993-04","Canada","2016A000011124","Gas use (reprocessing), flared","Cubic metres","72","millions","6","v18133","1.2","3.4","","","t","1"
"1993-04","Canada","2016A000011124","Gas use (reprocessing), plant fuel","Cubic metres","72","millions","6","v18134","1.3","34.8","","","t","1"
"1993-04","Manitoba","2016A000246","Propane","Cubic metres","72","thousands","3","v18136","2.4","0.2","","","","1"
"1993-04","Manitoba","2016A000246","Butane","Cubic metres","72","thousands","3","v18141","2.5","0.1","","","","1"
"1993-04","Saskatchewan","2016A000247","Propane","Cubic metres","72","thousands","3","v18137","3.4","4.6","","","","1"
"1993-04","Saskatchewan","2016A000247","Butane","Cubic metres","72","thousands","3","v18142","3.5","3.9","","","","1"
"1993-04","Alberta","2016A000248","Propane","Cubic metres","72","thousands","3","v18138","4.4","622.6","","","","1"
"1993-04","Alberta","2016A000248","Butane","Cubic metres","72","thousands","3","v18143","4.5","333.4","","","","1"
"1993-04","Alberta","2016A000248","Ethane","Cubic metres","72","thousands","3","v18148","4.6","719.6","","","","1"
"1993-04","Alberta","2016A000248","Sulphur","Tonnes","288","units","0","v18153","4.7","560960","","","","0"
"1993-04","British Columbia","2016A000259","Propane","Cubic metres","72","thousands","3","v18139","5.4","24.4","","","","1"
"1993-04","British Columbia","2016A000259","Butane","Cubic metres","72","thousands","3","v18144","5.5","15.5","","","","1"
"1993-04","British Columbia","2016A000259","Ethane","Cubic metres","72","thousands","3","v18149","5.6","0.0","","","","1"
"1993-04","British Columbia","2016A000259","Sulphur","Tonnes","288","units","0","v18154","5.7","53908","","","","0"
"1993-05","Canada","2016A000011124","Propane","Cubic metres","72","thousands","3","v18135","1.4","686.4","","","","1"
"1993-05","Canada","2016A000011124","Butane","Cubic metres","72","thousands","3","v18140","1.5","306.2","","","","1"
"1993-05","Canada","2016A000011124","Ethane","Cubic metres","72","thousands","3","v18145","1.6","679.7","","","","1"
"1993-05","Canada","2016A000011124","Sulphur","Tonnes","288","units","0","v18150","1.7","560956","","","","0"
"1993-05","Canada","2016A000011124","Gas use (reprocessing), shrinkage","Cubic metres","72","millions","6","v18132","1.1","271.2","","","t","1"
"1993-05","Canada","2016A000011124","Gas use (reprocessing), flared","Cubic metres","72","millions","6","v18133","1.2","3.1","","","t","1"
"1993-05","Canada","2016A000011124","Gas use (reprocessing), plant fuel","Cubic metres","72","millions","6","v18134","1.3","32.1","","","t","1"
"1993-05","Manitoba","2016A000246","Propane","Cubic metres","72","thousands","3","v18136","2.4","0.1","","","","1"
"1993-05","Manitoba","2016A000246","Butane","Cubic metres","72","thousands","3","v18141","2.5","0.1","","","","1"
"1993-05","Saskatchewan","2016A000247","Propane","Cubic metres","72","thousands","3","v18137","3.4","4.0","","","","1"
"1993-05","Saskatchewan","2016A000247","Butane","Cubic metres","72","thousands","3","v18142","3.5","3.4","","","","1"
"1993-05","Alberta","2016A000248","Propane","Cubic metres","72","thousands","3","v18138","4.4","667.0","","","","1"
"1993-05","Alberta","2016A000248","Butane","Cubic metres","72","thousands","3","v18143","4.5","293.0","","","","1"
"1993-05","Alberta","2016A000248","Ethane","Cubic metres","72","thousands","3","v18148","4.6","679.7","","","","1"
"1993-05","Alberta","2016A000248","Sulphur","Tonnes","288","units","0","v18153","4.7","512566","","","","0"
"1993-05","British Columbia","2016A000259","Propane","Cubic metres","72","thousands","3","v18139","5.4","15.3","","","","1"
"1993-05","British Columbia","2016A000259","Butane","Cubic metres","72","thousands","3","v18144","5.5","9.7","","","","1"
"1993-05","British Columbia","2016A000259","Ethane","Cubic metres","72","thousands","3","v18149","5.6","0.0","","","","1"
"1993-05","British Columbia","2016A000259","Sulphur","Tonnes","288","units","0","v18154","5.7","48390","","","","0"
"1993-06","Canada","2016A000011124","Propane","Cubic metres","72","thousands","3","v18135","1.4","612.2","","","","1"
"1993-06","Canada","2016A000011124","Butane","Cubic metres","72","thousands","3","v18140","1.5","331.3","","","","1"
"1993-06","Canada","2016A000011124","Ethane","Cubic metres","72","thousands","3","v18145","1.6","659.0","","","","1"
"1993-06","Canada","2016A000011124","Sulphur","Tonnes","288","units","0","v18150","1.7","542409","","","","0"
"1993-06","Canada","2016A000011124","Gas use (reprocessing), shrinkage","Cubic metres","72","millions","6","v18132","1.1","262.5","","","t","1"
"1993-06","Canada","2016A000011124","Gas use (reprocessing), flared","Cubic metres","72","millions","6","v18133","1.2","3.5","","","t","1"
"1993-06","Canada","2016A000011124","Gas use (reprocessing), plant fuel","Cubic metres","72","millions","6","v18134","1.3","27.1","","","t","1"
"1993-06","Manitoba","2016A000246","Propane","Cubic metres","72","thousands","3","v18136","2.4","0.2","","","","1"
"1993-06","Manitoba","2016A000246","Butane","Cubic metres","72","thousands","3","v18141","2.5","0.1","","","","1"
"1993-06","Saskatchewan","2016A000247","Propane","Cubic metres","72","thousands","3","v18137","3.4","3.9","","","","1"
"1993-06","Saskatchewan","2016A000247","Butane","Cubic metres","72","thousands","3","v18142","3.5","3.5","","","","1"
"1993-06","Alberta","2016A000248","Propane","Cubic metres","72","thousands","3","v18138","4.4","581.7","","","","1"
"1993-06","Alberta","2016A000248","Butane","Cubic metres","72","thousands","3","v18143","4.5","311.1","","","","1"
"1993-06","Alberta","2016A000248","Ethane","Cubic metres","72","thousands","3","v18148","4.6","659.0","","","","1"
"1993-06","Alberta","2016A000248","Sulphur","Tonnes","288","units","0","v18153","4.7","500865","","","","0"
"1993-06","British Columbia","2016A000259","Propane","Cubic metres","72","thousands","3","v18139","5.4","26.4","","","","1"
"1993-06","British Columbia","2016A000259","Butane","Cubic metres","72","thousands","3","v18144","5.5","16.6","","","","1"
"1993-06","British Columbia","2016A000259","Ethane","Cubic metres","72","thousands","3","v18149","5.6","0.0","","","","1"
"1993-06","British Columbia","2016A000259","Sulphur","Tonnes","288","units","0","v18154","5.7","41544","","","","0"
"1993-07","Canada","2016A000011124","Propane","Cubic metres","72","thousands","3","v18135","1.4","683.8","","","","1"
"1993-07","Canada","2016A000011124","Butane","Cubic metres","72","thousands","3","v18140","1.5","355.0","","","","1"
"1993-07","Canada","2016A000011124","Ethane","Cubic metres","72","thousands","3","v18145","1.6","729.4","","","","1"
"1993-07","Canada","2016A000011124","Sulphur","Tonnes","288","units","0","v18150","1.7","630715","","","","0"
"1993-07","Canada","2016A000011124","Gas use (reprocessing), shrinkage","Cubic metres","72","millions","6","v18132","1.1","282.9","","","t","1"
"1993-07","Canada","2016A000011124","Gas use (reprocessing), flared","Cubic metres","72","millions","6","v18133","1.2","3.6","","","t","1"
"1993-07","Canada","2016A000011124","Gas use (reprocessing), plant fuel","Cubic metres","72","millions","6","v18134","1.3","26.6","","","t","1"
"1993-07","Manitoba","2016A000246","Propane","Cubic metres","72","thousands","3","v18136","2.4","0.2","","","","1"
"1993-07","Manitoba","2016A000246","Butane","Cubic metres","72","thousands","3","v18141","2.5","0.1","","","","1"
"1993-07","Saskatchewan","2016A000247","Propane","Cubic metres","72","thousands","3","v18137","3.4","4.0","","","","1"
"1993-07","Saskatchewan","2016A000247","Butane","Cubic metres","72","thousands","3","v18142","3.5","3.5","","","","1"
"1993-07","Alberta","2016A000248","Propane","Cubic metres","72","thousands","3","v18138","4.4","654.6","","","","1"
"1993-07","Alberta","2016A000248","Butane","Cubic metres","72","thousands","3","v18143","4.5","334.9","","","","1"
"1993-07","Alberta","2016A000248","Ethane","Cubic metres","72","thousands","3","v18148","4.6","729.4","","","","1"
"1993-07","Alberta","2016A000248","Sulphur","Tonnes","288","units","0","v18153","4.7","586589","","","","0"
"1993-07","British Columbia","2016A000259","Propane","Cubic metres","72","thousands","3","v18139","5.4","25.0","","","","1"
"1993-07","British Columbia","2016A000259","Butane","Cubic metres","72","thousands","3","v18144","5.5","16.5","","","","1"
"1993-07","British Columbia","2016A000259","Ethane","Cubic metres","72","thousands","3","v18149","5.6","0.0","","","","1"
"1993-07","British Columbia","2016A000259","Sulphur","Tonnes","288","units","0","v18154","5.7","44126","","","","0"
"1993-08","Canada","2016A000011124","Propane","Cubic metres","72","thousands","3","v18135","1.4","684.7","","","","1"
"1993-08","Canada","2016A000011124","Butane","Cubic metres","72","thousands","3","v18140","1.5","372.3","","","","1"
"1993-08","Canada","2016A000011124","Ethane","Cubic metres","72","thousands","3","v18145","1.6","740.5","","","","1"
"1993-08","Canada","2016A000011124","Sulphur","Tonnes","288","units","0","v18150","1.7","631550","","","","0"
"1993-08","Canada","2016A000011124","Gas use (reprocessing), shrinkage","Cubic metres","72","millions","6","v18132","1.1","288.3","","","t","1"
"1993-08","Canada","2016A000011124","Gas use (reprocessing), flared","Cubic metres","72","millions","6","v18133","1.2","3.5","","","t","1"
"1993-08","Canada","2016A000011124","Gas use (reprocessing), plant fuel","Cubic metres","72","millions","6","v18134","1.3","27.2","","","t","1"
"1993-08","Manitoba","2016A000246","Propane","Cubic metres","72","thousands","3","v18136","2.4","0.2","","","","1"
"1993-08","Manitoba","2016A000246","Butane","Cubic metres","72","thousands","3","v18141","2.5","0.1","","","","1"
"1993-08","Saskatchewan","2016A000247","Propane","Cubic metres","72","thousands","3","v18137","3.4","4.6","","","","1"
"1993-08","Saskatchewan","2016A000247","Butane","Cubic metres","72","thousands","3","v18142","3.5","3.9","","","","1"
"1993-08","Alberta","2016A000248","Propane","Cubic metres","72","thousands","3","v18138","4.4","654.7","","","","1"
"1993-08","Alberta","2016A000248","Butane","Cubic metres","72","thousands","3","v18143","4.5","352.9","","","","1"
"1993-08","Alberta","2016A000248","Ethane","Cubic metres","72","thousands","3","v18148","4.6","740.5","","","","1"
"1993-08","Alberta","2016A000248","Sulphur","Tonnes","288","units","0","v18153","4.7","580639","","","","0"
"1993-08","British Columbia","2016A000259","Propane","Cubic metres","72","thousands","3","v18139","5.4","25.2","","","","1"
"1993-08","British Columbia","2016A000259","Butane","Cubic metres","72","thousands","3","v18144","5.5","15.4","","","","1"
"1993-08","British Columbia","2016A000259","Ethane","Cubic metres","72","thousands","3","v18149","5.6","0.0","","","","1"
"1993-08","British Columbia","2016A000259","Sulphur","Tonnes","288","units","0","v18154","5.7","50911","","","","0"
"1993-09","Canada","2016A000011124","Propane","Cubic metres","72","thousands","3","v18135","1.4","704.7","","","","1"
"1993-09","Canada","2016A000011124","Butane","Cubic metres","72","thousands","3","v18140","1.5","384.2","","","","1"
"1993-09","Canada","2016A000011124","Ethane","Cubic metres","72","thousands","3","v18145","1.6","694.9","","","","1"
"1993-09","Canada","2016A000011124","Sulphur","Tonnes","288","units","0","v18150","1.7","594887","","","","0"
"1993-09","Canada","2016A000011124","Gas use (reprocessing), shrinkage","Cubic metres","72","millions","6","v18132","1.1","272.9","","","t","1"
"1993-09","Canada","2016A000011124","Gas use (reprocessing), flared","Cubic metres","72","millions","6","v18133","1.2","3.4","","","t","1"
"1993-09","Canada","2016A000011124","Gas use (reprocessing), plant fuel","Cubic metres","72","millions","6","v18134","1.3","26.6","","","t","1"
"1993-09","Manitoba","2016A000246","Propane","Cubic metres","72","thousands","3","v18136","2.4","0.2","","","","1"
"1993-09","Manitoba","2016A000246","Butane","Cubic metres","72","thousands","3","v18141","2.5","0.1","","","","1"
"1993-09","Saskatchewan","2016A000247","Propane","Cubic metres","72","thousands","3","v18137","3.4","4.6","","","","1"
"1993-09","Saskatchewan","2016A000247","Butane","Cubic metres","72","thousands","3","v18142","3.5","3.9","","","","1"
"1993-09","Alberta","2016A000248","Propane","Cubic metres","72","thousands","3","v18138","4.4","671.5","","","","1"
"1993-09","Alberta","2016A000248","Butane","Cubic metres","72","thousands","3","v18143","4.5","368.3","","","","1"
"1993-09","Alberta","2016A000248","Ethane","Cubic metres","72","thousands","3","v18148","4.6","694.9","","","","1"
"1993-09","Alberta","2016A000248","Sulphur","Tonnes","288","units","0","v18153","4.7","546988","","","","0"
"1993-09","British Columbia","2016A000259","Propane","Cubic metres","72","thousands","3","v18139","5.4","28.4","","","","1"
"1993-09","British Columbia","2016A000259","Butane","Cubic metres","72","thousands","3","v18144","5.5","11.9","","","","1"
"1993-09","British Columbia","2016A000259","Ethane","Cubic metres","72","thousands","3","v18149","5.6","0.0","","","","1"
"1993-09","British Columbia","2016A000259","Sulphur","Tonnes","288","units","0","v18154","5.7","47899","","","","0"
"1993-10","Canada","2016A000011124","Propane","Cubic metres","72","thousands","3","v18135","1.4","755.6","","","","1"
"1993-10","Canada","2016A000011124","Butane","Cubic metres","72","thousands","3","v18140","1.5","398.5","","","","1"
"1993-10","Canada","2016A000011124","Ethane","Cubic metres","72","thousands","3","v18145","1.6","675.7","","","","1"
"1993-10","Canada","2016A000011124","Sulphur","Tonnes","288","units","0","v18150","1.7","653081","","","","0"
"1993-10","Canada","2016A000011124","Gas use (reprocessing), shrinkage","Cubic metres","72","millions","6","v18132","1.1","288.6","","","t","1"
"1993-10","Canada","2016A000011124","Gas use (reprocessing), flared","Cubic metres","72","millions","6","v18133","1.2","3.1","","","t","1"
"1993-10","Canada","2016A000011124","Gas use (reprocessing), plant fuel","Cubic metres","72","millions","6","v18134","1.3","26.2","","","t","1"
"1993-10","Manitoba","2016A000246","Propane","Cubic metres","72","thousands","3","v18136","2.4","0.2","","","","1"
"1993-10","Manitoba","2016A000246","Butane","Cubic metres","72","thousands","3","v18141","2.5","0.1","","","","1"
"1993-10","Saskatchewan","2016A000247","Propane","Cubic metres","72","thousands","3","v18137","3.4","4.6","","","","1"
"1993-10","Saskatchewan","2016A000247","Butane","Cubic metres","72","thousands","3","v18142","3.5","3.9","","","","1"
"1993-10","Alberta","2016A000248","Propane","Cubic metres","72","thousands","3","v18138","4.4","722.7","","","","1"
"1993-10","Alberta","2016A000248","Butane","Cubic metres","72","thousands","3","v18143","4.5","376.4","","","","1"
"1993-10","Alberta","2016A000248","Ethane","Cubic metres","72","thousands","3","v18148","4.6","675.7","","","","1"
"1993-10","Alberta","2016A000248","Sulphur","Tonnes","288","units","0","v18153","4.7","599153","","","","0"
"1993-10","British Columbia","2016A000259","Propane","Cubic metres","72","thousands","3","v18139","5.4","28.1","","","","1"
"1993-10","British Columbia","2016A000259","Butane","Cubic metres","72","thousands","3","v18144","5.5","18.1","","","","1"
"1993-10","British Columbia","2016A000259","Ethane","Cubic metres","72","thousands","3","v18149","5.6","0.0","","","","1"
"1993-10","British Columbia","2016A000259","Sulphur","Tonnes","288","units","0","v18154","5.7","53928","","","","0"
"1993-11","Canada","2016A000011124","Propane","Cubic metres","72","thousands","3","v18135","1.4","745.8","","","","1"
"1993-11","Canada","2016A000011124","Butane","Cubic metres","72","thousands","3","v18140","1.5","404.5","","","","1"
"1993-11","Canada","2016A000011124","Ethane","Cubic metres","72","thousands","3","v18145","1.6","644.0","","","","1"
"1993-11","Canada","2016A000011124","Sulphur","Tonnes","288","units","0","v18150","1.7","643825","","","","0"
"1993-11","Canada","2016A000011124","Gas use (reprocessing), shrinkage","Cubic metres","72","millions","6","v18132","1.1","274.8","","","t","1"
"1993-11","Canada","2016A000011124","Gas use (reprocessing), flared","Cubic metres","72","millions","6","v18133","1.2","2.7","","","t","1"
"1993-11","Canada","2016A000011124","Gas use (reprocessing), plant fuel","Cubic metres","72","millions","6","v18134","1.3","35.8","","","t","1"
"1993-11","Manitoba","2016A000246","Propane","Cubic metres","72","thousands","3","v18136","2.4","0.2","","","","1"
"1993-11","Manitoba","2016A000246","Butane","Cubic metres","72","thousands","3","v18141","2.5","0.1","","","","1"
"1993-11","Saskatchewan","2016A000247","Propane","Cubic metres","72","thousands","3","v18137","3.4","4.5","","","","1"
"1993-11","Saskatchewan","2016A000247","Butane","Cubic metres","72","thousands","3","v18142","3.5","4.0","","","","1"
"1993-11","Alberta","2016A000248","Propane","Cubic metres","72","thousands","3","v18138","4.4","713.4","","","","1"
"1993-11","Alberta","2016A000248","Butane","Cubic metres","72","thousands","3","v18143","4.5","383.1","","","","1"
"1993-11","Alberta","2016A000248","Ethane","Cubic metres","72","thousands","3","v18148","4.6","644.0","","","","1"
"1993-11","Alberta","2016A000248","Sulphur","Tonnes","288","units","0","v18153","4.7","592787","","","","0"
"1993-11","British Columbia","2016A000259","Propane","Cubic metres","72","thousands","3","v18139","5.4","27.7","","","","1"
"1993-11","British Columbia","2016A000259","Butane","Cubic metres","72","thousands","3","v18144","5.5","17.3","","","","1"
"1993-11","British Columbia","2016A000259","Ethane","Cubic metres","72","thousands","3","v18149","5.6","0.0","","","","1"
"1993-11","British Columbia","2016A000259","Sulphur","Tonnes","288","units","0","v18154","5.7","51038","","","","0"
"1993-12","Canada","2016A000011124","Propane","Cubic metres","72","thousands","3","v18135","1.4","757.3","","","","1"
"1993-12","Canada","2016A000011124","Butane","Cubic metres","72","thousands","3","v18140","1.5","435.5","","","","1"
"1993-12","Canada","2016A000011124","Ethane","Cubic metres","72","thousands","3","v18145","1.6","684.8","","","","1"
"1993-12","Canada","2016A000011124","Sulphur","Tonnes","288","units","0","v18150","1.7","659105","","","","0"
"1993-12","Canada","2016A000011124","Gas use (reprocessing), shrinkage","Cubic metres","72","millions","6","v18132","1.1","272.6","","","t","1"
"1993-12","Canada","2016A000011124","Gas use (reprocessing), flared","Cubic metres","72","millions","6","v18133","1.2","3.3","","","t","1"
"1993-12","Canada","2016A000011124","Gas use (reprocessing), plant fuel","Cubic metres","72","millions","6","v18134","1.3","33.5","","","t","1"
"1993-12","Manitoba","2016A000246","Propane","Cubic metres","72","thousands","3","v18136","2.4","0.2","","","","1"
"1993-12","Manitoba","2016A000246","Butane","Cubic metres","72","thousands","3","v18141","2.5","0.1","","","","1"
"1993-12","Saskatchewan","2016A000247","Propane","Cubic metres","72","thousands","3","v18137","3.4","4.5","","","","1"
"1993-12","Saskatchewan","2016A000247","Butane","Cubic metres","72","thousands","3","v18142","3.5","4.0","","","","1"
"1993-12","Alberta","2016A000248","Propane","Cubic metres","72","thousands","3","v18138","4.4","722.1","","","","1"
"1993-12","Alberta","2016A000248","Butane","Cubic metres","72","thousands","3","v18143","4.5","412.7","","","","1"
"1993-12","Alberta","2016A000248","Ethane","Cubic metres","72","thousands","3","v18148","4.6","684.8","","","","1"
"1993-12","Alberta","2016A000248","Sulphur","Tonnes","288","units","0","v18153","4.7","603002","","","","0"
"1993-12","British Columbia","2016A000259","Propane","Cubic metres","72","thousands","3","v18139","5.4","30.5","","","","1"
"1993-12","British Columbia","2016A000259","Butane","Cubic metres","72","thousands","3","v18144","5.5","18.7","","","","1"
"1993-12","British Columbia","2016A000259","Ethane","Cubic metres","72","thousands","3","v18149","5.6","0.0","","","","1"
"1993-12","British Columbia","2016A000259","Sulphur","Tonnes","288","units","0","v18154","5.7","56103","","","","0"
"1994-01","Canada","2016A000011124","Propane","Cubic metres","72","thousands","3","v18135","1.4","793.4","","","","1"
"1994-01","Canada","2016A000011124","Butane","Cubic metres","72","thousands","3","v18140","1.5","455.6","","","","1"
"1994-01","Canada","2016A000011124","Ethane","Cubic metres","72","thousands","3","v18145","1.6","716.4","","","","1"
"1994-01","Canada","2016A000011124","Sulphur","Tonnes","288","units","0","v18150","1.7","657815","","","","0"
"1994-01","Canada","2016A000011124","Gas use (reprocessing), shrinkage","Cubic metres","72","millions","6","v18132","1.1","296.2","","","t","1"
"1994-01","Canada","2016A000011124","Gas use (reprocessing), flared","Cubic metres","72","millions","6","v18133","1.2","2.9","","","t","1"
"1994-01","Canada","2016A000011124","Gas use (reprocessing), plant fuel","Cubic metres","72","millions","6","v18134","1.3","37.5","","","t","1"
"1994-01","Manitoba","2016A000246","Propane","Cubic metres","72","thousands","3","v18136","2.4","0.2","","","","1"
"1994-01","Manitoba","2016A000246","Butane","Cubic metres","72","thousands","3","v18141","2.5","0.1","","","","1"
"1994-01","Saskatchewan","2016A000247","Propane","Cubic metres","72","thousands","3","v18137","3.4","4.6","","","","1"
"1994-01","Saskatchewan","2016A000247","Butane","Cubic metres","72","thousands","3","v18142","3.5","3.9","","","","1"
"1994-01","Alberta","2016A000248","Propane","Cubic metres","72","thousands","3","v18138","4.4","760.7","","","","1"
"1994-01","Alberta","2016A000248","Butane","Cubic metres","72","thousands","3","v18143","4.5","434.3","","","","1"
"1994-01","Alberta","2016A000248","Ethane","Cubic metres","72","thousands","3","v18148","4.6","716.4","","","","1"
"1994-01","Alberta","2016A000248","Sulphur","Tonnes","288","units","0","v18153","4.7","610906","","","","0"
"1994-01","British Columbia","2016A000259","Propane","Cubic metres","72","thousands","3","v18139","5.4","27.9","","","","1"
"1994-01","British Columbia","2016A000259","Butane","Cubic metres","72","thousands","3","v18144","5.5","17.3","","","","1"
"1994-01","British Columbia","2016A000259","Ethane","Cubic metres","72","thousands","3","v18149","5.6","0.0","","","","1"
"1994-01","British Columbia","2016A000259","Sulphur","Tonnes","288","units","0","v18154","5.7","46909","","","","0"
"1994-02","Canada","2016A000011124","Propane","Cubic metres","72","thousands","3","v18135","1.4","718.6","","","","1"
"1994-02","Canada","2016A000011124","Butane","Cubic metres","72","thousands","3","v18140","1.5","409.4","","","","1"
"1994-02","Canada","2016A000011124","Ethane","Cubic metres","72","thousands","3","v18145","1.6","670.0","","","","1"
"1994-02","Canada","2016A000011124","Sulphur","Tonnes","288","units","0","v18150","1.7","605714","","","","0"
"1994-02","Canada","2016A000011124","Gas use (reprocessing), shrinkage","Cubic metres","72","millions","6","v18132","1.1","271.0","","","t","1"
"1994-02","Canada","2016A000011124","Gas use (reprocessing), flared","Cubic metres","72","millions","6","v18133","1.2","2.6","","","t","1"
"1994-02","Canada","2016A000011124","Gas use (reprocessing), plant fuel","Cubic metres","72","millions","6","v18134","1.3","33.9","","","t","1"
"1994-02","Manitoba","2016A000246","Propane","Cubic metres","72","thousands","3","v18136","2.4","0.2","","","","1"
"1994-02","Manitoba","2016A000246","Butane","Cubic metres","72","thousands","3","v18141","2.5","0.1","","","","1"
"1994-02","Saskatchewan","2016A000247","Propane","Cubic metres","72","thousands","3","v18137","3.4","4.0","","","","1"
"1994-02","Saskatchewan","2016A000247","Butane","Cubic metres","72","thousands","3","v18142","3.5","3.4","","","","1"
"1994-02","Alberta","2016A000248","Propane","Cubic metres","72","thousands","3","v18138","4.4","690.4","","","","1"
"1994-02","Alberta","2016A000248","Butane","Cubic metres","72","thousands","3","v18143","4.5","391.0","","","","1"
"1994-02","Alberta","2016A000248","Ethane","Cubic metres","72","thousands","3","v18148","4.6","670.0","","","","1"
"1994-02","Alberta","2016A000248","Sulphur","Tonnes","288","units","0","v18153","4.7","553074","","","","0"
"1994-02","British Columbia","2016A000259","Propane","Cubic metres","72","thousands","3","v18139","5.4","24.0","","","","1"
"1994-02","British Columbia","2016A000259","Butane","Cubic metres","72","thousands","3","v18144","5.5","14.9","","","","1"
"1994-02","British Columbia","2016A000259","Ethane","Cubic metres","72","thousands","3","v18149","5.6","0.0","","","","1"
"1994-02","British Columbia","2016A000259","Sulphur","Tonnes","288","units","0","v18154","5.7","52640","","","","0"
"1994-03","Canada","2016A000011124","Propane","Cubic metres","72","thousands","3","v18135","1.4","742.3","","","","1"
"1994-03","Canada","2016A000011124","Butane","Cubic metres","72","thousands","3","v18140","1.5","404.2","","","","1"
"1994-03","Canada","2016A000011124","Ethane","Cubic metres","72","thousands","3","v18145","1.6","705.1","","","","1"
"1994-03","Canada","2016A000011124","Sulphur","Tonnes","288","units","0","v18150","1.7","673927","","","","0"
"1994-03","Canada","2016A000011124","Gas use (reprocessing), shrinkage","Cubic metres","72","millions","6","v18132","1.1","289.0","","","t","1"
"1994-03","Canada","2016A000011124","Gas use (reprocessing), flared","Cubic metres","72","millions","6","v18133","1.2","3.1","","","t","1"
"1994-03","Canada","2016A000011124","Gas use (reprocessing), plant fuel","Cubic metres","72","millions","6","v18134","1.3","36.6","","","t","1"
"1994-03","Manitoba","2016A000246","Propane","Cubic metres","72","thousands","3","v18136","2.4","0.2","","","","1"
"1994-03","Manitoba","2016A000246","Butane","Cubic metres","72","thousands","3","v18141","2.5","0.1","","","","1"
"1994-03","Saskatchewan","2016A000247","Propane","Cubic metres","72","thousands","3","v18137","3.4","4.5","","","","1"
"1994-03","Saskatchewan","2016A000247","Butane","Cubic metres","72","thousands","3","v18142","3.5","3.8","","","","1"
"1994-03","Alberta","2016A000248","Propane","Cubic metres","72","thousands","3","v18138","4.4","710.8","","","","1"
"1994-03","Alberta","2016A000248","Butane","Cubic metres","72","thousands","3","v18143","4.5","383.6","","","","1"
"1994-03","Alberta","2016A000248","Ethane","Cubic metres","72","thousands","3","v18148","4.6","705.1","","","","1"
"1994-03","Alberta","2016A000248","Sulphur","Tonnes","288","units","0","v18153","4.7","616520","","","","0"
"1994-03","British Columbia","2016A000259","Propane","Cubic metres","72","thousands","3","v18139","5.4","26.8","","","","1"
"1994-03","British Columbia","2016A000259","Butane","Cubic metres","72","thousands","3","v18144","5.5","16.7","","","","1"
"1994-03","British Columbia","2016A000259","Ethane","Cubic metres","72","thousands","3","v18149","5.6","0.0","","","","1"
"1994-03","British Columbia","2016A000259","Sulphur","Tonnes","288","units","0","v18154","5.7","57407","","","","0"
"1994-04","Canada","2016A000011124","Propane","Cubic metres","72","thousands","3","v18135","1.4","672.3","","","","1"
"1994-04","Canada","2016A000011124","Butane","Cubic metres","72","thousands","3","v18140","1.5","384.7","","","","1"
"1994-04","Canada","2016A000011124","Ethane","Cubic metres","72","thousands","3","v18145","1.6","767.4","","","","1"
"1994-04","Canada","2016A000011124","Sulphur","Tonnes","288","units","0","v18150","1.7","579705","","","","0"
"1994-04","Canada","2016A000011124","Gas use (reprocessing), shrinkage","Cubic metres","72","millions","6","v18132","1.1","298.3","","","t","1"
"1994-04","Canada","2016A000011124","Gas use (reprocessing), flared","Cubic metres","72","millions","6","v18133","1.2","3.2","","","t","1"
"1994-04","Canada","2016A000011124","Gas use (reprocessing), plant fuel","Cubic metres","72","millions","6","v18134","1.3","29.1","","","t","1"
"1994-04","Manitoba","2016A000246","Propane","Cubic metres","72","thousands","3","v18136","2.4","0.2","","","","1"
"1994-04","Manitoba","2016A000246","Butane","Cubic metres","72","thousands","3","v18141","2.5","0.1","","","","1"
"1994-04","Saskatchewan","2016A000247","Propane","Cubic metres","72","thousands","3","v18137","3.4","4.6","","","","1"
"1994-04","Saskatchewan","2016A000247","Butane","Cubic metres","72","thousands","3","v18142","3.5","3.9","","","","1"
"1994-04","Alberta","2016A000248","Propane","Cubic metres","72","thousands","3","v18138","4.4","639.4","","","","1"
"1994-04","Alberta","2016A000248","Butane","Cubic metres","72","thousands","3","v18143","4.5","361.9","","","","1"
"1994-04","Alberta","2016A000248","Ethane","Cubic metres","72","thousands","3","v18148","4.6","767.4","","","","1"
"1994-04","Alberta","2016A000248","Sulphur","Tonnes","288","units","0","v18153","4.7","523804","","","","0"
"1994-04","British Columbia","2016A000259","Propane","Cubic metres","72","thousands","3","v18139","5.4","28.1","","","","1"
"1994-04","British Columbia","2016A000259","Butane","Cubic metres","72","thousands","3","v18144","5.5","18.8","","","","1"
"1994-04","British Columbia","2016A000259","Ethane","Cubic metres","72","thousands","3","v18149","5.6","0.0","","","","1"
"1994-04","British Columbia","2016A000259","Sulphur","Tonnes","288","units","0","v18154","5.7","55901","","","","0"
"1994-05","Canada","2016A000011124","Propane","Cubic metres","72","thousands","3","v18135","1.4","680.0","","","","1"
"1994-05","Canada","2016A000011124","Butane","Cubic metres","72","thousands","3","v18140","1.5","391.5","","","","1"
"1994-05","Canada","2016A000011124","Ethane","Cubic metres","72","thousands","3","v18145","1.6","785.6","","","","1"
"1994-05","Canada","2016A000011124","Sulphur","Tonnes","288","units","0","v18150","1.7","586593","","","","0"
"1994-05","Canada","2016A000011124","Gas use (reprocessing), shrinkage","Cubic metres","72","millions","6","v18132","1.1","248.6","","","t","1"
"1994-05","Canada","2016A000011124","Gas use (reprocessing), flared","Cubic metres","72","millions","6","v18133","1.2","0.1","","","t","1"
"1994-05","Canada","2016A000011124","Gas use (reprocessing), plant fuel","Cubic metres","72","millions","6","v18134","1.3","10.4","","","t","1"
"1994-05","Manitoba","2016A000246","Propane","Cubic metres","72","thousands","3","v18136","2.4","0.2","","","","1"
"1994-05","Manitoba","2016A000246","Butane","Cubic metres","72","thousands","3","v18141","2.5","0.1","","","","1"
"1994-05","Saskatchewan","2016A000247","Propane","Cubic metres","72","thousands","3","v18137","3.4","4.2","","","","1"
"1994-05","Saskatchewan","2016A000247","Butane","Cubic metres","72","thousands","3","v18142","3.5","3.7","","","","1"
"1994-05","Alberta","2016A000248","Propane","Cubic metres","72","thousands","3","v18138","4.4","648.5","","","","1"
"1994-05","Alberta","2016A000248","Butane","Cubic metres","72","thousands","3","v18143","4.5","369.7","","","","1"
"1994-05","Alberta","2016A000248","Ethane","Cubic metres","72","thousands","3","v18148","4.6","785.6","","","","1"
"1994-05","Alberta","2016A000248","Sulphur","Tonnes","288","units","0","v18153","4.7","531511","","","","0"
"1994-05","British Columbia","2016A000259","Propane","Cubic metres","72","thousands","3","v18139","5.4","27.1","","","","1"
"1994-05","British Columbia","2016A000259","Butane","Cubic metres","72","thousands","3","v18144","5.5","18.0","","","","1"
"1994-05","British Columbia","2016A000259","Ethane","Cubic metres","72","thousands","3","v18149","5.6","0.0","","","","1"
"1994-05","British Columbia","2016A000259","Sulphur","Tonnes","288","units","0","v18154","5.7","55082","","","","0"
"1994-06","Canada","2016A000011124","Propane","Cubic metres","72","thousands","3","v18135","1.4","600.7","","","","1"
"1994-06","Canada","2016A000011124","Butane","Cubic metres","72","thousands","3","v18140","1.5","321.6","","","","1"
"1994-06","Canada","2016A000011124","Ethane","Cubic metres","72","thousands","3","v18145","1.6","780.3","","","","1"
"1994-06","Canada","2016A000011124","Sulphur","Tonnes","288","units","0","v18150","1.7","608775","","","","0"
"1994-06","Canada","2016A000011124","Gas use (reprocessing), shrinkage","Cubic metres","72","millions","6","v18132","1.1","300.1","","","t","1"
"1994-06","Canada","2016A000011124","Gas use (reprocessing), flared","Cubic metres","72","millions","6","v18133","1.2","2.7","","","t","1"
"1994-06","Canada","2016A000011124","Gas use (reprocessing), plant fuel","Cubic metres","72","millions","6","v18134","1.3","20.4","","","t","1"
"1994-06","Manitoba","2016A000246","Propane","Cubic metres","72","thousands","3","v18136","2.4","0.2","","","","1"
"1994-06","Manitoba","2016A000246","Butane","Cubic metres","72","thousands","3","v18141","2.5","0.1","","","","1"
"1994-06","Saskatchewan","2016A000247","Propane","Cubic metres","72","thousands","3","v18137","3.4","3.9","","","","1"
"1994-06","Saskatchewan","2016A000247","Butane","Cubic metres","72","thousands","3","v18142","3.5","3.5","","","","1"
"1994-06","Alberta","2016A000248","Propane","Cubic metres","72","thousands","3","v18138","4.4","575.4","","","","1"
"1994-06","Alberta","2016A000248","Butane","Cubic metres","72","thousands","3","v18143","4.5","301.3","","","","1"
"1994-06","Alberta","2016A000248","Ethane","Cubic metres","72","thousands","3","v18148","4.6","780.3","","","","1"
"1994-06","Alberta","2016A000248","Sulphur","Tonnes","288","units","0","v18153","4.7","557128","","","","0"
"1994-06","British Columbia","2016A000259","Propane","Cubic metres","72","thousands","3","v18139","5.4","21.2","","","","1"
"1994-06","British Columbia","2016A000259","Butane","Cubic metres","72","thousands","3","v18144","5.5","16.7","","","","1"
"1994-06","British Columbia","2016A000259","Ethane","Cubic metres","72","thousands","3","v18149","5.6","0.0","","","","1"
"1994-06","British Columbia","2016A000259","Sulphur","Tonnes","288","units","0","v18154","5.7","51647","","","","0"
"1994-07","Canada","2016A000011124","Propane","Cubic metres","72","thousands","3","v18135","1.4","735.4","","","","1"
"1994-07","Canada","2016A000011124","Butane","Cubic metres","72","thousands","3","v18140","1.5","388.9","","","","1"
"1994-07","Canada","2016A000011124","Ethane","Cubic metres","72","thousands","3","v18145","1.6","643.9","","","","1"
"1994-07","Canada","2016A000011124","Sulphur","Tonnes","288","units","0","v18150","1.7","658723","","","","0"
"1994-07","Canada","2016A000011124","Gas use (reprocessing), shrinkage","Cubic metres","72","millions","6","v18132","1.1","279.3","","","t","1"
"1994-07","Canada","2016A000011124","Gas use (reprocessing), flared","Cubic metres","72","millions","6","v18133","1.2","3.0","","","t","1"
"1994-07","Canada","2016A000011124","Gas use (reprocessing), plant fuel","Cubic metres","72","millions","6","v18134","1.3","26.2","","","t","1"
"1994-07","Manitoba","2016A000246","Propane","Cubic metres","72","thousands","3","v18136","2.4","0.2","","","","1"
"1994-07","Manitoba","2016A000246","Butane","Cubic metres","72","thousands","3","v18141","2.5","0.1","","","","1"
"1994-07","Saskatchewan","2016A000247","Propane","Cubic metres","72","thousands","3","v18137","3.4","4.0","","","","1"
"1994-07","Saskatchewan","2016A000247","Butane","Cubic metres","72","thousands","3","v18142","3.5","3.5","","","","1"
"1994-07","Alberta","2016A000248","Propane","Cubic metres","72","thousands","3","v18138","4.4","712.2","","","","1"
"1994-07","Alberta","2016A000248","Butane","Cubic metres","72","thousands","3","v18143","4.5","370.2","","","","1"
"1994-07","Alberta","2016A000248","Ethane","Cubic metres","72","thousands","3","v18148","4.6","643.9","","","","1"
"1994-07","Alberta","2016A000248","Sulphur","Tonnes","288","units","0","v18153","4.7","615401","","","","0"
"1994-07","British Columbia","2016A000259","Propane","Cubic metres","72","thousands","3","v18139","5.4","19.0","","","","1"
"1994-07","British Columbia","2016A000259","Butane","Cubic metres","72","thousands","3","v18144","5.5","15.1","","","","1"
"1994-07","British Columbia","2016A000259","Ethane","Cubic metres","72","thousands","3","v18149","5.6","0.0","","","","1"
"1994-07","British Columbia","2016A000259","Sulphur","Tonnes","288","units","0","v18154","5.7","43322","","","","0"
"1994-08","Canada","2016A000011124","Propane","Cubic metres","72","thousands","3","v18135","1.4","718.4","","","","1"
"1994-08","Canada","2016A000011124","Butane","Cubic metres","72","thousands","3","v18140","1.5","388.3","","","","1"
"1994-08","Canada","2016A000011124","Ethane","Cubic metres","72","thousands","3","v18145","1.6","742.2","","","","1"
"1994-08","Canada","2016A000011124","Sulphur","Tonnes","288","units","0","v18150","1.7","654684","","","","0"
"1994-08","Canada","2016A000011124","Gas use (reprocessing), shrinkage","Cubic metres","72","millions","6","v18132","1.1","278.7","","","t","1"
"1994-08","Canada","2016A000011124","Gas use (reprocessing), flared","Cubic metres","72","millions","6","v18133","1.2","3.2","","","t","1"
"1994-08","Canada","2016A000011124","Gas use (reprocessing), plant fuel","Cubic metres","72","millions","6","v18134","1.3","26.9","","","t","1"
"1994-08","Manitoba","2016A000246","Propane","Cubic metres","72","thousands","3","v18136","2.4","0.2","","","","1"
"1994-08","Manitoba","2016A000246","Butane","Cubic metres","72","thousands","3","v18141","2.5","0.1","","","","1"
"1994-08","Saskatchewan","2016A000247","Propane","Cubic metres","72","thousands","3","v18137","3.4","4.6","","","","1"
"1994-08","Saskatchewan","2016A000247","Butane","Cubic metres","72","thousands","3","v18142","3.5","3.9","","","","1"
"1994-08","Alberta","2016A000248","Propane","Cubic metres","72","thousands","3","v18138","4.4","691.2","","","","1"
"1994-08","Alberta","2016A000248","Butane","Cubic metres","72","thousands","3","v18143","4.5","366.9","","","","1"
"1994-08","Alberta","2016A000248","Ethane","Cubic metres","72","thousands","3","v18148","4.6","742.2","","","","1"
"1994-08","Alberta","2016A000248","Sulphur","Tonnes","288","units","0","v18153","4.7","626556","","","","0"
"1994-08","British Columbia","2016A000259","Propane","Cubic metres","72","thousands","3","v18139","5.4","22.4","","","","1"
"1994-08","British Columbia","2016A000259","Butane","Cubic metres","72","thousands","3","v18144","5.5","17.4","","","","1"
"1994-08","British Columbia","2016A000259","Ethane","Cubic metres","72","thousands","3","v18149","5.6","0.0","","","","1"
"1994-08","British Columbia","2016A000259","Sulphur","Tonnes","288","units","0","v18154","5.7","28128","","","","0"
"1994-09","Canada","2016A000011124","Propane","Cubic metres","72","thousands","3","v18135","1.4","655.8","","","","1"
"1994-09","Canada","2016A000011124","Butane","Cubic metres","72","thousands","3","v18140","1.5","359.6","","","","1"
"1994-09","Canada","2016A000011124","Ethane","Cubic metres","72","thousands","3","v18145","1.6","714.8","","","","1"
"1994-09","Canada","2016A000011124","Sulphur","Tonnes","288","units","0","v18150","1.7","589501","","","","0"
"1994-09","Canada","2016A000011124","Gas use (reprocessing), shrinkage","Cubic metres","72","millions","6","v18132","1.1","246.4","","","t","1"
"1994-09","Canada","2016A000011124","Gas use (reprocessing), flared","Cubic metres","72","millions","6","v18133","1.2","1.4","","","t","1"
"1994-09","Canada","2016A000011124","Gas use (reprocessing), plant fuel","Cubic metres","72","millions","6","v18134","1.3","14.7","","","t","1"
"1994-09","Manitoba","2016A000246","Propane","Cubic metres","72","thousands","3","v18136","2.4","0.2","","","","1"
"1994-09","Manitoba","2016A000246","Butane","Cubic metres","72","thousands","3","v18141","2.5","0.1","","","","1"
"1994-09","Saskatchewan","2016A000247","Propane","Cubic metres","72","thousands","3","v18137","3.4","4.6","","","","1"
"1994-09","Saskatchewan","2016A000247","Butane","Cubic metres","72","thousands","3","v18142","3.5","3.9","","","","1"
"1994-09","Alberta","2016A000248","Propane","Cubic metres","72","thousands","3","v18138","4.4","625.6","","","","1"
"1994-09","Alberta","2016A000248","Butane","Cubic metres","72","thousands","3","v18143","4.5","338.2","","","","1"
"1994-09","Alberta","2016A000248","Ethane","Cubic metres","72","thousands","3","v18148","4.6","714.8","","","","1"
"1994-09","Alberta","2016A000248","Sulphur","Tonnes","288","units","0","v18153","4.7","544417","","","","0"
"1994-09","British Columbia","2016A000259","Propane","Cubic metres","72","thousands","3","v18139","5.4","25.4","","","","1"
"1994-09","British Columbia","2016A000259","Butane","Cubic metres","72","thousands","3","v18144","5.5","17.4","","","","1"
"1994-09","British Columbia","2016A000259","Ethane","Cubic metres","72","thousands","3","v18149","5.6","0.0","","","","1"
"1994-09","British Columbia","2016A000259","Sulphur","Tonnes","288","units","0","v18154","5.7","45084","","","","0"
"1994-10","Canada","2016A000011124","Propane","Cubic metres","72","thousands","3","v18135","1.4","740.5","","","","1"
"1994-10","Canada","2016A000011124","Butane","Cubic metres","72","thousands","3","v18140","1.5","430.2","","","","1"
"1994-10","Canada","2016A000011124","Ethane","Cubic metres","72","thousands","3","v18145","1.6","849.7","","","","1"
"1994-10","Canada","2016A000011124","Sulphur","Tonnes","288","units","0","v18150","1.7","677907","","","","0"
"1994-10","Canada","2016A000011124","Gas use (reprocessing), shrinkage","Cubic metres","72","millions","6","v18132","1.1","305.8","","","t","1"
"1994-10","Canada","2016A000011124","Gas use (reprocessing), flared","Cubic metres","72","millions","6","v18133","1.2","3.0","","","t","1"
"1994-10","Canada","2016A000011124","Gas use (reprocessing), plant fuel","Cubic metres","72","millions","6","v18134","1.3","33.2","","","t","1"
"1994-10","Manitoba","2016A000246","Propane","Cubic metres","72","thousands","3","v18136","2.4","0.2","","","","1"
"1994-10","Manitoba","2016A000246","Butane","Cubic metres","72","thousands","3","v18141","2.5","0.1","","","","1"
"1994-10","Saskatchewan","2016A000247","Propane","Cubic metres","72","thousands","3","v18137","3.4","4.6","","","","1"
"1994-10","Saskatchewan","2016A000247","Butane","Cubic metres","72","thousands","3","v18142","3.5","3.9","","","","1"
"1994-10","Alberta","2016A000248","Propane","Cubic metres","72","thousands","3","v18138","4.4","706.6","","","","1"
"1994-10","Alberta","2016A000248","Butane","Cubic metres","72","thousands","3","v18143","4.5","407.2","","","","1"
"1994-10","Alberta","2016A000248","Ethane","Cubic metres","72","thousands","3","v18148","4.6","849.7","","","","1"
"1994-10","Alberta","2016A000248","Sulphur","Tonnes","288","units","0","v18153","4.7","628334","","","","0"
"1994-10","British Columbia","2016A000259","Propane","Cubic metres","72","thousands","3","v18139","5.4","29.1","","","","1"
"1994-10","British Columbia","2016A000259","Butane","Cubic metres","72","thousands","3","v18144","5.5","19.0","","","","1"
"1994-10","British Columbia","2016A000259","Ethane","Cubic metres","72","thousands","3","v18149","5.6","0.0","","","","1"
"1994-10","British Columbia","2016A000259","Sulphur","Tonnes","288","units","0","v18154","5.7","49573","","","","0"
"1994-11","Canada","2016A000011124","Propane","Cubic metres","72","thousands","3","v18135","1.4","817.2","","","","1"
"1994-11","Canada","2016A000011124","Butane","Cubic metres","72","thousands","3","v18140","1.5","466.3","","","","1"
"1994-11","Canada","2016A000011124","Ethane","Cubic metres","72","thousands","3","v18145","1.6","786.5","","","","1"
"1994-11","Canada","2016A000011124","Sulphur","Tonnes","288","units","0","v18150","1.7","679963","","","","0"
"1994-11","Canada","2016A000011124","Gas use (reprocessing), shrinkage","Cubic metres","72","millions","6","v18132","1.1","316.9","","","t","1"
"1994-11","Canada","2016A000011124","Gas use (reprocessing), flared","Cubic metres","72","millions","6","v18133","1.2","3.7","","","t","1"
"1994-11","Canada","2016A000011124","Gas use (reprocessing), plant fuel","Cubic metres","72","millions","6","v18134","1.3","23.3","","","t","1"
"1994-11","Manitoba","2016A000246","Propane","Cubic metres","72","thousands","3","v18136","2.4","0.2","","","","1"
"1994-11","Manitoba","2016A000246","Butane","Cubic metres","72","thousands","3","v18141","2.5","0.1","","","","1"
"1994-11","Saskatchewan","2016A000247","Propane","Cubic metres","72","thousands","3","v18137","3.4","4.6","","","","1"
"1994-11","Saskatchewan","2016A000247","Butane","Cubic metres","72","thousands","3","v18142","3.5","3.9","","","","1"
"1994-11","Alberta","2016A000248","Propane","Cubic metres","72","thousands","3","v18138","4.4","786.1","","","","1"
"1994-11","Alberta","2016A000248","Butane","Cubic metres","72","thousands","3","v18143","4.5","444.4","","","","1"
"1994-11","Alberta","2016A000248","Ethane","Cubic metres","72","thousands","3","v18148","4.6","786.5","","","","1"
"1994-11","Alberta","2016A000248","Sulphur","Tonnes","288","units","0","v18153","4.7","615437","","","","0"
"1994-11","British Columbia","2016A000259","Propane","Cubic metres","72","thousands","3","v18139","5.4","26.3","","","","1"
"1994-11","British Columbia","2016A000259","Butane","Cubic metres","72","thousands","3","v18144","5.5","17.9","","","","1"
"1994-11","British Columbia","2016A000259","Ethane","Cubic metres","72","thousands","3","v18149","5.6","0.0","","","","1"
"1994-11","British Columbia","2016A000259","Sulphur","Tonnes","288","units","0","v18154","5.7","64526","","","","0"
"1994-12","Canada","2016A000011124","Propane","Cubic metres","72","thousands","3","v18135","1.4","849.9","","","","1"
"1994-12","Canada","2016A000011124","Butane","Cubic metres","72","thousands","3","v18140","1.5","493.9","","","","1"
"1994-12","Canada","2016A000011124","Ethane","Cubic metres","72","thousands","3","v18145","1.6","885.0","","","","1"
"1994-12","Canada","2016A000011124","Sulphur","Tonnes","288","units","0","v18150","1.7","671352","","","","0"
"1994-12","Canada","2016A000011124","Gas use (reprocessing), shrinkage","Cubic metres","72","millions","6","v18132","1.1","338.5","","","t","1"
"1994-12","Canada","2016A000011124","Gas use (reprocessing), flared","Cubic metres","72","millions","6","v18133","1.2","4.1","","","t","1"
"1994-12","Canada","2016A000011124","Gas use (reprocessing), plant fuel","Cubic metres","72","millions","6","v18134","1.3","33.1","","","t","1"
"1994-12","Manitoba","2016A000246","Propane","Cubic metres","72","thousands","3","v18136","2.4","0.2","","","","1"
"1994-12","Manitoba","2016A000246","Butane","Cubic metres","72","thousands","3","v18141","2.5","0.1","","","","1"
"1994-12","Saskatchewan","2016A000247","Propane","Cubic metres","72","thousands","3","v18137","3.4","4.6","","","","1"
"1994-12","Saskatchewan","2016A000247","Butane","Cubic metres","72","thousands","3","v18142","3.5","3.9","","","","1"
"1994-12","Alberta","2016A000248","Propane","Cubic metres","72","thousands","3","v18138","4.4","817.8","","","","1"
"1994-12","Alberta","2016A000248","Butane","Cubic metres","72","thousands","3","v18143","4.5","471.2","","","","1"
"1994-12","Alberta","2016A000248","Ethane","Cubic metres","72","thousands","3","v18148","4.6","885.0","","","","1"
"1994-12","Alberta","2016A000248","Sulphur","Tonnes","288","units","0","v18153","4.7","600511","","","","0"
"1994-12","British Columbia","2016A000259","Propane","Cubic metres","72","thousands","3","v18139","5.4","27.3","","","","1"
"1994-12","British Columbia","2016A000259","Butane","Cubic metres","72","thousands","3","v18144","5.5","18.7","","","","1"
"1994-12","British Columbia","2016A000259","Ethane","Cubic metres","72","thousands","3","v18149","5.6","0.0","","","","1"
"1994-12","British Columbia","2016A000259","Sulphur","Tonnes","288","units","0","v18154","5.7","70841","","","","0"
"1995-01","Canada","2016A000011124","Propane","Cubic metres","72","thousands","3","v18135","1.4","890.7","","","","1"
"1995-01","Canada","2016A000011124","Butane","Cubic metres","72","thousands","3","v18140","1.5","532.9","","","","1"
"1995-01","Canada","2016A000011124","Ethane","Cubic metres","72","thousands","3","v18145","1.6","904.0","","","","1"
"1995-01","Canada","2016A000011124","Sulphur","Tonnes","288","units","0","v18150","1.7","669008","","","","0"
"1995-01","Canada","2016A000011124","Gas use (reprocessing), shrinkage","Cubic metres","72","millions","6","v18132","1.1","333.0","","","t","1"
"1995-01","Canada","2016A000011124","Gas use (reprocessing), flared","Cubic metres","72","millions","6","v18133","1.2","4.0","","","t","1"
"1995-01","Canada","2016A000011124","Gas use (reprocessing), plant fuel","Cubic metres","72","millions","6","v18134","1.3","37.7","","","t","1"
"1995-01","Manitoba","2016A000246","Propane","Cubic metres","72","thousands","3","v18136","2.4","0.2","","","","1"
"1995-01","Manitoba","2016A000246","Butane","Cubic metres","72","thousands","3","v18141","2.5","0.1","","","","1"
"1995-01","Saskatchewan","2016A000247","Propane","Cubic metres","72","thousands","3","v18137","3.4","4.6","","","","1"
"1995-01","Saskatchewan","2016A000247","Butane","Cubic metres","72","thousands","3","v18142","3.5","3.9","","","","1"
"1995-01","Alberta","2016A000248","Propane","Cubic metres","72","thousands","3","v18138","4.4","857.6","","","","1"
"1995-01","Alberta","2016A000248","Butane","Cubic metres","72","thousands","3","v18143","4.5","509.8","","","","1"
"1995-01","Alberta","2016A000248","Ethane","Cubic metres","72","thousands","3","v18148","4.6","904.0","","","","1"
"1995-01","Alberta","2016A000248","Sulphur","Tonnes","288","units","0","v18153","4.7","605127","","","","0"
"1995-01","British Columbia","2016A000259","Propane","Cubic metres","72","thousands","3","v18139","5.4","28.3","","","","1"
"1995-01","British Columbia","2016A000259","Butane","Cubic metres","72","thousands","3","v18144","5.5","19.1","","","","1"
"1995-01","British Columbia","2016A000259","Ethane","Cubic metres","72","thousands","3","v18149","5.6","0.0","","","","1"
"1995-01","British Columbia","2016A000259","Sulphur","Tonnes","288","units","0","v18154","5.7","63881","","","","0"
"1995-02","Canada","2016A000011124","Propane","Cubic metres","72","thousands","3","v18135","1.4","764.2","","","","1"
"1995-02","Canada","2016A000011124","Butane","Cubic metres","72","thousands","3","v18140","1.5","449.2","","","","1"
"1995-02","Canada","2016A000011124","Ethane","Cubic metres","72","thousands","3","v18145","1.6","788.3","","","","1"
"1995-02","Canada","2016A000011124","Sulphur","Tonnes","288","units","0","v18150","1.7","593723","","","","0"
"1995-02","Canada","2016A000011124","Gas use (reprocessing), shrinkage","Cubic metres","72","millions","6","v18132","1.1","300.0","","","t","1"
"1995-02","Canada","2016A000011124","Gas use (reprocessing), flared","Cubic metres","72","millions","6","v18133","1.2","3.5","","","t","1"
"1995-02","Canada","2016A000011124","Gas use (reprocessing), plant fuel","Cubic metres","72","millions","6","v18134","1.3","34.3","","","t","1"
"1995-02","Manitoba","2016A000246","Propane","Cubic metres","72","thousands","3","v18136","2.4","0.2","","","","1"
"1995-02","Manitoba","2016A000246","Butane","Cubic metres","72","thousands","3","v18141","2.5","0.1","","","","1"
"1995-02","Saskatchewan","2016A000247","Propane","Cubic metres","72","thousands","3","v18137","3.4","4.6","","","","1"
"1995-02","Saskatchewan","2016A000247","Butane","Cubic metres","72","thousands","3","v18142","3.5","3.6","","","","1"
"1995-02","Alberta","2016A000248","Propane","Cubic metres","72","thousands","3","v18138","4.4","732.7","","","","1"
"1995-02","Alberta","2016A000248","Butane","Cubic metres","72","thousands","3","v18143","4.5","428.0","","","","1"
"1995-02","Alberta","2016A000248","Ethane","Cubic metres","72","thousands","3","v18148","4.6","788.3","","","","1"
"1995-02","Alberta","2016A000248","Sulphur","Tonnes","288","units","0","v18153","4.7","535752","","","","0"
"1995-02","British Columbia","2016A000259","Propane","Cubic metres","72","thousands","3","v18139","5.4","26.7","","","","1"
"1995-02","British Columbia","2016A000259","Butane","Cubic metres","72","thousands","3","v18144","5.5","17.5","","","","1"
"1995-02","British Columbia","2016A000259","Ethane","Cubic metres","72","thousands","3","v18149","5.6","0.0","","","","1"
"1995-02","British Columbia","2016A000259","Sulphur","Tonnes","288","units","0","v18154","5.7","57971","","","","0"
"1995-03","Canada","2016A000011124","Propane","Cubic metres","72","thousands","3","v18135","1.4","847.3","","","","1"
"1995-03","Canada","2016A000011124","Butane","Cubic metres","72","thousands","3","v18140","1.5","483.3","","","","1"
"1995-03","Canada","2016A000011124","Ethane","Cubic metres","72","thousands","3","v18145","1.6","886.6","","","","1"
"1995-03","Canada","2016A000011124","Sulphur","Tonnes","288","units","0","v18150","1.7","635804","","","","0"
"1995-03","Canada","2016A000011124","Gas use (reprocessing), shrinkage","Cubic metres","72","millions","6","v18132","1.1","320.5","","","t","1"
"1995-03","Canada","2016A000011124","Gas use (reprocessing), flared","Cubic metres","72","millions","6","v18133","1.2","4.0","","","t","1"
"1995-03","Canada","2016A000011124","Gas use (reprocessing), plant fuel","Cubic metres","72","millions","6","v18134","1.3","37.1","","","t","1"
"1995-03","Manitoba","2016A000246","Propane","Cubic metres","72","thousands","3","v18136","2.4","0.2","","","","1"
"1995-03","Manitoba","2016A000246","Butane","Cubic metres","72","thousands","3","v18141","2.5","0.1","","","","1"
"1995-03","Saskatchewan","2016A000247","Propane","Cubic metres","72","thousands","3","v18137","3.4","4.6","","","","1"
"1995-03","Saskatchewan","2016A000247","Butane","Cubic metres","72","thousands","3","v18142","3.5","3.9","","","","1"
"1995-03","Alberta","2016A000248","Propane","Cubic metres","72","thousands","3","v18138","4.4","812.7","","","","1"
"1995-03","Alberta","2016A000248","Butane","Cubic metres","72","thousands","3","v18143","4.5","459.3","","","","1"
"1995-03","Alberta","2016A000248","Ethane","Cubic metres","72","thousands","3","v18148","4.6","886.6","","","","1"
"1995-03","Alberta","2016A000248","Sulphur","Tonnes","288","units","0","v18153","4.7","567728","","","","0"
"1995-03","British Columbia","2016A000259","Propane","Cubic metres","72","thousands","3","v18139","5.4","29.8","","","","1"
"1995-03","British Columbia","2016A000259","Butane","Cubic metres","72","thousands","3","v18144","5.5","20.0","","","","1"
"1995-03","British Columbia","2016A000259","Ethane","Cubic metres","72","thousands","3","v18149","5.6","0.0","","","","1"
"1995-03","British Columbia","2016A000259","Sulphur","Tonnes","288","units","0","v18154","5.7","68076","","","","0"
"1995-04","Canada","2016A000011124","Propane","Cubic metres","72","thousands","3","v18135","1.4","894.9","","","","1"
"1995-04","Canada","2016A000011124","Butane","Cubic metres","72","thousands","3","v18140","1.5","472.6","","","","1"
"1995-04","Canada","2016A000011124","Ethane","Cubic metres","72","thousands","3","v18145","1.6","815.3","","","","1"
"1995-04","Canada","2016A000011124","Sulphur","Tonnes","288","units","0","v18150","1.7","634687","","","","0"
"1995-04","Canada","2016A000011124","Gas use (reprocessing), shrinkage","Cubic metres","72","millions","6","v18132","1.1","303.9","","","t","1"
"1995-04","Canada","2016A000011124","Gas use (reprocessing), flared","Cubic metres","72","millions","6","v18133","1.2","3.9","","","t","1"
"1995-04","Canada","2016A000011124","Gas use (reprocessing), plant fuel","Cubic metres","72","millions","6","v18134","1.3","36.5","","","t","1"
"1995-04","Manitoba","2016A000246","Propane","Cubic metres","72","thousands","3","v18136","2.4","0.2","","","","1"
"1995-04","Manitoba","2016A000246","Butane","Cubic metres","72","thousands","3","v18141","2.5","0.1","","","","1"
"1995-04","Saskatchewan","2016A000247","Propane","Cubic metres","72","thousands","3","v18137","3.4","4.6","","","","1"
"1995-04","Saskatchewan","2016A000247","Butane","Cubic metres","72","thousands","3","v18142","3.5","3.9","","","","1"
"1995-04","Alberta","2016A000248","Propane","Cubic metres","72","thousands","3","v18138","4.4","864.8","","","","1"
"1995-04","Alberta","2016A000248","Butane","Cubic metres","72","thousands","3","v18143","4.5","450.6","","","","1"
"1995-04","Alberta","2016A000248","Ethane","Cubic metres","72","thousands","3","v18148","4.6","815.3","","","","1"
"1995-04","Alberta","2016A000248","Sulphur","Tonnes","288","units","0","v18153","4.7","559198","","","","0"
"1995-04","British Columbia","2016A000259","Propane","Cubic metres","72","thousands","3","v18139","5.4","25.3","","","","1"
"1995-04","British Columbia","2016A000259","Butane","Cubic metres","72","thousands","3","v18144","5.5","18.0","","","","1"
"1995-04","British Columbia","2016A000259","Ethane","Cubic metres","72","thousands","3","v18149","5.6","0.0","","","","1"
"1995-04","British Columbia","2016A000259","Sulphur","Tonnes","288","units","0","v18154","5.7","75489","","","","0"
"1995-05","Canada","2016A000011124","Propane","Cubic metres","72","thousands","3","v18135","1.4","823.1","","","","1"
"1995-05","Canada","2016A000011124","Butane","Cubic metres","72","thousands","3","v18140","1.5","452.9","","","","1"
"1995-05","Canada","2016A000011124","Ethane","Cubic metres","72","thousands","3","v18145","1.6","687.4","","","","1"
"1995-05","Canada","2016A000011124","Sulphur","Tonnes","288","units","0","v18150","1.7","616731","","","","0"
"1995-05","Canada","2016A000011124","Gas use (reprocessing), shrinkage","Cubic metres","72","millions","6","v18132","1.1","263.8","","","t","1"
"1995-05","Canada","2016A000011124","Gas use (reprocessing), flared","Cubic metres","72","millions","6","v18133","1.2","3.5","","","t","1"
"1995-05","Canada","2016A000011124","Gas use (reprocessing), plant fuel","Cubic metres","72","millions","6","v18134","1.3","32.5","","","t","1"
"1995-05","Manitoba","2016A000246","Propane","Cubic metres","72","thousands","3","v18136","2.4","0.2","","","","1"
"1995-05","Manitoba","2016A000246","Butane","Cubic metres","72","thousands","3","v18141","2.5","0.1","","","","1"
"1995-05","Saskatchewan","2016A000247","Propane","Cubic metres","72","thousands","3","v18137","3.4","4.5","","","","1"
"1995-05","Saskatchewan","2016A000247","Butane","Cubic metres","72","thousands","3","v18142","3.5","4.0","","","","1"
"1995-05","Alberta","2016A000248","Propane","Cubic metres","72","thousands","3","v18138","4.4","791.0","","","","1"
"1995-05","Alberta","2016A000248","Butane","Cubic metres","72","thousands","3","v18143","4.5","431.2","","","","1"
"1995-05","Alberta","2016A000248","Ethane","Cubic metres","72","thousands","3","v18148","4.6","687.4","","","","1"
"1995-05","Alberta","2016A000248","Sulphur","Tonnes","288","units","0","v18153","4.7","539115","","","","0"
"1995-05","British Columbia","2016A000259","Propane","Cubic metres","72","thousands","3","v18139","5.4","27.4","","","","1"
"1995-05","British Columbia","2016A000259","Butane","Cubic metres","72","thousands","3","v18144","5.5","17.6","","","","1"
"1995-05","British Columbia","2016A000259","Ethane","Cubic metres","72","thousands","3","v18149","5.6","0.0","","","","1"
"1995-05","British Columbia","2016A000259","Sulphur","Tonnes","288","units","0","v18154","5.7","77616","","","","0"
"1995-06","Canada","2016A000011124","Propane","Cubic metres","72","thousands","3","v18135","1.4","744.8","","","","1"
"1995-06","Canada","2016A000011124","Butane","Cubic metres","72","thousands","3","v18140","1.5","423.9","","","","1"
"1995-06","Canada","2016A000011124","Ethane","Cubic metres","72","thousands","3","v18145","1.6","715.7","","","","1"
"1995-06","Canada","2016A000011124","Sulphur","Tonnes","288","units","0","v18150","1.7","610538","","","","0"
"1995-06","Canada","2016A000011124","Gas use (reprocessing), shrinkage","Cubic metres","72","millions","6","v18132","1.1","256.6","","","t","1"
"1995-06","Canada","2016A000011124","Gas use (reprocessing), flared","Cubic metres","72","millions","6","v18133","1.2","4.0","","","t","1"
"1995-06","Canada","2016A000011124","Gas use (reprocessing), plant fuel","Cubic metres","72","millions","6","v18134","1.3","31.3","","","t","1"
"1995-06","Manitoba","2016A000246","Propane","Cubic metres","72","thousands","3","v18136","2.4","0.1","","","","1"
"1995-06","Manitoba","2016A000246","Butane","Cubic metres","72","thousands","3","v18141","2.5","0.1","","","","1"
"1995-06","Saskatchewan","2016A000247","Propane","Cubic metres","72","thousands","3","v18137","3.4","3.9","","","","1"
"1995-06","Saskatchewan","2016A000247","Butane","Cubic metres","72","thousands","3","v18142","3.5","3.5","","","","1"
"1995-06","Alberta","2016A000248","Propane","Cubic metres","72","thousands","3","v18138","4.4","715.2","","","","1"
"1995-06","Alberta","2016A000248","Butane","Cubic metres","72","thousands","3","v18143","4.5","402.8","","","","1"
"1995-06","Alberta","2016A000248","Ethane","Cubic metres","72","thousands","3","v18148","4.6","715.7","","","","1"
"1995-06","Alberta","2016A000248","Sulphur","Tonnes","288","units","0","v18153","4.7","551603","","","","0"
"1995-06","British Columbia","2016A000259","Propane","Cubic metres","72","thousands","3","v18139","5.4","25.6","","","","1"
"1995-06","British Columbia","2016A000259","Butane","Cubic metres","72","thousands","3","v18144","5.5","17.5","","","","1"
"1995-06","British Columbia","2016A000259","Ethane","Cubic metres","72","thousands","3","v18149","5.6","0.0","","","","1"
"1995-06","British Columbia","2016A000259","Sulphur","Tonnes","288","units","0","v18154","5.7","58935","","","","0"
"1995-07","Canada","2016A000011124","Propane","Cubic metres","72","thousands","3","v18135","1.4","696.6","","","","1"
"1995-07","Canada","2016A000011124","Butane","Cubic metres","72","thousands","3","v18140","1.5","368.6","","","","1"
"1995-07","Canada","2016A000011124","Ethane","Cubic metres","72","thousands","3","v18145","1.6","721.6","","","","1"
"1995-07","Canada","2016A000011124","Sulphur","Tonnes","288","units","0","v18150","1.7","669085","","","","0"
"1995-07","Canada","2016A000011124","Gas use (reprocessing), shrinkage","Cubic metres","72","millions","6","v18132","1.1","292.9","","","t","1"
"1995-07","Canada","2016A000011124","Gas use (reprocessing), flared","Cubic metres","72","millions","6","v18133","1.2","4.9","","","t","1"
"1995-07","Canada","2016A000011124","Gas use (reprocessing), plant fuel","Cubic metres","72","millions","6","v18134","1.3","32.0","","","t","1"
"1995-07","Manitoba","2016A000246","Propane","Cubic metres","72","thousands","3","v18136","2.4","0.2","","","","1"
"1995-07","Manitoba","2016A000246","Butane","Cubic metres","72","thousands","3","v18141","2.5","0.1","","","","1"
"1995-07","Saskatchewan","2016A000247","Propane","Cubic metres","72","thousands","3","v18137","3.4","4.4","","","","1"
"1995-07","Saskatchewan","2016A000247","Butane","Cubic metres","72","thousands","3","v18142","3.5","3.8","","","","1"
"1995-07","Alberta","2016A000248","Propane","Cubic metres","72","thousands","3","v18138","4.4","664.9","","","","1"
"1995-07","Alberta","2016A000248","Butane","Cubic metres","72","thousands","3","v18143","4.5","346.4","","","","1"
"1995-07","Alberta","2016A000248","Ethane","Cubic metres","72","thousands","3","v18148","4.6","721.6","","","","1"
"1995-07","Alberta","2016A000248","Sulphur","Tonnes","288","units","0","v18153","4.7","596423","","","","0"
"1995-07","British Columbia","2016A000259","Propane","Cubic metres","72","thousands","3","v18139","5.4","27.1","","","","1"
"1995-07","British Columbia","2016A000259","Butane","Cubic metres","72","thousands","3","v18144","5.5","18.3","","","","1"
"1995-07","British Columbia","2016A000259","Ethane","Cubic metres","72","thousands","3","v18149","5.6","0.0","","","","1"
"1995-07","British Columbia","2016A000259","Sulphur","Tonnes","288","units","0","v18154","5.7","72662","","","","0"
"1995-08","Canada","2016A000011124","Propane","Cubic metres","72","thousands","3","v18135","1.4","810.1","","","","1"
"1995-08","Canada","2016A000011124","Butane","Cubic metres","72","thousands","3","v18140","1.5","451.9","","","","1"
"1995-08","Canada","2016A000011124","Ethane","Cubic metres","72","thousands","3","v18145","1.6","794.4","","","","1"
"1995-08","Canada","2016A000011124","Sulphur","Tonnes","288","units","0","v18150","1.7","680910","","","","0"
"1995-08","Canada","2016A000011124","Gas use (reprocessing), shrinkage","Cubic metres","72","millions","6","v18132","1.1","302.5","","","t","1"
"1995-08","Canada","2016A000011124","Gas use (reprocessing), flared","Cubic metres","72","millions","6","v18133","1.2","2.9","","","t","1"
"1995-08","Canada","2016A000011124","Gas use (reprocessing), plant fuel","Cubic metres","72","millions","6","v18134","1.3","30.3","","","t","1"
"1995-08","Manitoba","2016A000246","Propane","Cubic metres","72","thousands","3","v18136","2.4","0.2","","","","1"
"1995-08","Manitoba","2016A000246","Butane","Cubic metres","72","thousands","3","v18141","2.5","0.2","","","","1"
"1995-08","Saskatchewan","2016A000247","Propane","Cubic metres","72","thousands","3","v18137","3.4","4.3","","","","1"
"1995-08","Saskatchewan","2016A000247","Butane","Cubic metres","72","thousands","3","v18142","3.5","3.7","","","","1"
"1995-08","Alberta","2016A000248","Propane","Cubic metres","72","thousands","3","v18138","4.4","780.9","","","","1"
"1995-08","Alberta","2016A000248","Butane","Cubic metres","72","thousands","3","v18143","4.5","431.8","","","","1"
"1995-08","Alberta","2016A000248","Ethane","Cubic metres","72","thousands","3","v18148","4.6","794.4","","","","1"
"1995-08","Alberta","2016A000248","Sulphur","Tonnes","288","units","0","v18153","4.7","611943","","","","0"
"1995-08","British Columbia","2016A000259","Propane","Cubic metres","72","thousands","3","v18139","5.4","24.7","","","","1"
"1995-08","British Columbia","2016A000259","Butane","Cubic metres","72","thousands","3","v18144","5.5","16.2","","","","1"
"1995-08","British Columbia","2016A000259","Ethane","Cubic metres","72","thousands","3","v18149","5.6","0.0","","","","1"
"1995-08","British Columbia","2016A000259","Sulphur","Tonnes","288","units","0","v18154","5.7","68967","","","","0"
"1995-09","Canada","2016A000011124","Propane","Cubic metres","72","thousands","3","v18135","1.4","712.1","","","","1"
"1995-09","Canada","2016A000011124","Butane","Cubic metres","72","thousands","3","v18140","1.5","393.2","","","","1"
"1995-09","Canada","2016A000011124","Ethane","Cubic metres","72","thousands","3","v18145","1.6","840.7","","","","1"
"1995-09","Canada","2016A000011124","Sulphur","Tonnes","288","units","0","v18150","1.7","555572","","","","0"
"1995-09","Canada","2016A000011124","Gas use (reprocessing), shrinkage","Cubic metres","72","millions","6","v18132","1.1","311.2","","","t","1"
"1995-09","Canada","2016A000011124","Gas use (reprocessing), flared","Cubic metres","72","millions","6","v18133","1.2","3.6","","","t","1"
"1995-09","Canada","2016A000011124","Gas use (reprocessing), plant fuel","Cubic metres","72","millions","6","v18134","1.3","30.9","","","t","1"
"1995-09","Manitoba","2016A000246","Propane","Cubic metres","72","thousands","3","v18136","2.4","0.2","","","","1"
"1995-09","Manitoba","2016A000246","Butane","Cubic metres","72","thousands","3","v18141","2.5","0.1","","","","1"
"1995-09","Saskatchewan","2016A000247","Propane","Cubic metres","72","thousands","3","v18137","3.4","4.0","","","","1"
"1995-09","Saskatchewan","2016A000247","Butane","Cubic metres","72","thousands","3","v18142","3.5","3.5","","","","1"
"1995-09","Alberta","2016A000248","Propane","Cubic metres","72","thousands","3","v18138","4.4","679.4","","","","1"
"1995-09","Alberta","2016A000248","Butane","Cubic metres","72","thousands","3","v18143","4.5","370.7","","","","1"
"1995-09","Alberta","2016A000248","Ethane","Cubic metres","72","thousands","3","v18148","4.6","840.7","","","","1"
"1995-09","Alberta","2016A000248","Sulphur","Tonnes","288","units","0","v18153","4.7","484683","","","","0"
"1995-09","British Columbia","2016A000259","Propane","Cubic metres","72","thousands","3","v18139","5.4","28.5","","","","1"
"1995-09","British Columbia","2016A000259","Butane","Cubic metres","72","thousands","3","v18144","5.5","18.9","","","","1"
"1995-09","British Columbia","2016A000259","Ethane","Cubic metres","72","thousands","3","v18149","5.6","0.0","","","","1"
"1995-09","British Columbia","2016A000259","Sulphur","Tonnes","288","units","0","v18154","5.7","70889","","","","0"
"1995-10","Canada","2016A000011124","Propane","Cubic metres","72","thousands","3","v18135","1.4","842.9","","","","1"
"1995-10","Canada","2016A000011124","Butane","Cubic metres","72","thousands","3","v18140","1.5","479.5","","","","1"
"1995-10","Canada","2016A000011124","Ethane","Cubic metres","72","thousands","3","v18145","1.6","896.8","","","","1"
"1995-10","Canada","2016A000011124","Sulphur","Tonnes","288","units","0","v18150","1.7","678592","","","","0"
"1995-10","Canada","2016A000011124","Gas use (reprocessing), shrinkage","Cubic metres","72","millions","6","v18132","1.1","333.0","","","t","1"
"1995-10","Canada","2016A000011124","Gas use (reprocessing), flared","Cubic metres","72","millions","6","v18133","1.2","4.1","","","t","1"
"1995-10","Canada","2016A000011124","Gas use (reprocessing), plant fuel","Cubic metres","72","millions","6","v18134","1.3","32.5","","","t","1"
"1995-10","Manitoba","2016A000246","Propane","Cubic metres","72","thousands","3","v18136","2.4","0.1","","","","1"
"1995-10","Manitoba","2016A000246","Butane","Cubic metres","72","thousands","3","v18141","2.5","0.1","","","","1"
"1995-10","Saskatchewan","2016A000247","Propane","Cubic metres","72","thousands","3","v18137","3.4","4.6","","","","1"
"1995-10","Saskatchewan","2016A000247","Butane","Cubic metres","72","thousands","3","v18142","3.5","3.8","","","","1"
"1995-10","Alberta","2016A000248","Propane","Cubic metres","72","thousands","3","v18138","4.4","807.2","","","","1"
"1995-10","Alberta","2016A000248","Butane","Cubic metres","72","thousands","3","v18143","4.5","455.7","","","","1"
"1995-10","Alberta","2016A000248","Ethane","Cubic metres","72","thousands","3","v18148","4.6","896.8","","","","1"
"1995-10","Alberta","2016A000248","Sulphur","Tonnes","288","units","0","v18153","4.7","604039","","","","0"
"1995-10","British Columbia","2016A000259","Propane","Cubic metres","72","thousands","3","v18139","5.4","31.0","","","","1"
"1995-10","British Columbia","2016A000259","Butane","Cubic metres","72","thousands","3","v18144","5.5","19.9","","","","1"
"1995-10","British Columbia","2016A000259","Ethane","Cubic metres","72","thousands","3","v18149","5.6","0.0","","","","1"
"1995-10","British Columbia","2016A000259","Sulphur","Tonnes","288","units","0","v18154","5.7","74553","","","","0"
"1995-11","Canada","2016A000011124","Propane","Cubic metres","72","thousands","3","v18135","1.4","781.6","","","","1"
"1995-11","Canada","2016A000011124","Butane","Cubic metres","72","thousands","3","v18140","1.5","440.5","","","","1"
"1995-11","Canada","2016A000011124","Ethane","Cubic metres","72","thousands","3","v18145","1.6","924.6","","","","1"
"1995-11","Canada","2016A000011124","Sulphur","Tonnes","288","units","0","v18150","1.7","673903","","","","0"
"1995-11","Canada","2016A000011124","Gas use (reprocessing), shrinkage","Cubic metres","72","millions","6","v18132","1.1","320.9","","","t","1"
"1995-11","Canada","2016A000011124","Gas use (reprocessing), flared","Cubic metres","72","millions","6","v18133","1.2","4.3","","","t","1"
"1995-11","Canada","2016A000011124","Gas use (reprocessing), plant fuel","Cubic metres","72","millions","6","v18134","1.3","34.6","","","t","1"
"1995-11","Manitoba","2016A000246","Propane","Cubic metres","72","thousands","3","v18136","2.4","0.2","","","","1"
"1995-11","Manitoba","2016A000246","Butane","Cubic metres","72","thousands","3","v18141","2.5","0.1","","","","1"
"1995-11","Saskatchewan","2016A000247","Propane","Cubic metres","72","thousands","3","v18137","3.4","4.6","","","","1"
"1995-11","Saskatchewan","2016A000247","Butane","Cubic metres","72","thousands","3","v18142","3.5","3.9","","","","1"
"1995-11","Alberta","2016A000248","Propane","Cubic metres","72","thousands","3","v18138","4.4","745.7","","","","1"
"1995-11","Alberta","2016A000248","Butane","Cubic metres","72","thousands","3","v18143","4.5","416.6","","","","1"
"1995-11","Alberta","2016A000248","Ethane","Cubic metres","72","thousands","3","v18148","4.6","924.6","","","","1"
"1995-11","Alberta","2016A000248","Sulphur","Tonnes","288","units","0","v18153","4.7","590163","","","","0"
"1995-11","British Columbia","2016A000259","Propane","Cubic metres","72","thousands","3","v18139","5.4","31.1","","","","1"
"1995-11","British Columbia","2016A000259","Butane","Cubic metres","72","thousands","3","v18144","5.5","19.9","","","","1"
"1995-11","British Columbia","2016A000259","Ethane","Cubic metres","72","thousands","3","v18149","5.6","0.0","","","","1"
"1995-11","British Columbia","2016A000259","Sulphur","Tonnes","288","units","0","v18154","5.7","83740","","","","0"
"1995-12","Canada","2016A000011124","Propane","Cubic metres","72","thousands","3","v18135","1.4","806.8","","","","1"
"1995-12","Canada","2016A000011124","Butane","Cubic metres","72","thousands","3","v18140","1.5","475.2","","","","1"
"1995-12","Canada","2016A000011124","Ethane","Cubic metres","72","thousands","3","v18145","1.6","915.8","","","","1"
"1995-12","Canada","2016A000011124","Sulphur","Tonnes","288","units","0","v18150","1.7","696398","","","","0"
"1995-12","Canada","2016A000011124","Gas use (reprocessing), shrinkage","Cubic metres","72","millions","6","v18132","1.1","350.9","","","t","1"
"1995-12","Canada","2016A000011124","Gas use (reprocessing), flared","Cubic metres","72","millions","6","v18133","1.2","4.3","","","t","1"
"1995-12","Canada","2016A000011124","Gas use (reprocessing), plant fuel","Cubic metres","72","millions","6","v18134","1.3","34.3","","","t","1"
"1995-12","Manitoba","2016A000246","Propane","Cubic metres","72","thousands","3","v18136","2.4","0.2","","","","1"
"1995-12","Manitoba","2016A000246","Butane","Cubic metres","72","thousands","3","v18141","2.5","0.1","","","","1"
"1995-12","Saskatchewan","2016A000247","Propane","Cubic metres","72","thousands","3","v18137","3.4","4.6","","","","1"
"1995-12","Saskatchewan","2016A000247","Butane","Cubic metres","72","thousands","3","v18142","3.5","3.9","","","","1"
"1995-12","Alberta","2016A000248","Propane","Cubic metres","72","thousands","3","v18138","4.4","770.9","","","","1"
"1995-12","Alberta","2016A000248","Butane","Cubic metres","72","thousands","3","v18143","4.5","451.3","","","","1"
"1995-12","Alberta","2016A000248","Ethane","Cubic metres","72","thousands","3","v18148","4.6","915.8","","","","1"
"1995-12","Alberta","2016A000248","Sulphur","Tonnes","288","units","0","v18153","4.7","619360","","","","0"
"1995-12","British Columbia","2016A000259","Propane","Cubic metres","72","thousands","3","v18139","5.4","31.1","","","","1"
"1995-12","British Columbia","2016A000259","Butane","Cubic metres","72","thousands","3","v18144","5.5","19.9","","","","1"
"1995-12","British Columbia","2016A000259","Ethane","Cubic metres","72","thousands","3","v18149","5.6","0.0","","","","1"
"1995-12","British Columbia","2016A000259","Sulphur","Tonnes","288","units","0","v18154","5.7","77038","","","","0"
"1996-01","Canada","2016A000011124","Propane","Cubic metres","72","thousands","3","v18135","1.4","898.5","","","","1"
"1996-01","Canada","2016A000011124","Butane","Cubic metres","72","thousands","3","v18140","1.5","463.5","","","","1"
"1996-01","Canada","2016A000011124","Ethane","Cubic metres","72","thousands","3","v18145","1.6","918.0","","","","1"
"1996-01","Canada","2016A000011124","Sulphur","Tonnes","288","units","0","v18150","1.7","707290","","","","0"
"1996-01","Canada","2016A000011124","Gas use (reprocessing), shrinkage","Cubic metres","72","millions","6","v18132","1.1","335.4","","","t","1"
"1996-01","Canada","2016A000011124","Gas use (reprocessing), flared","Cubic metres","72","millions","6","v18133","1.2","4.2","","","t","1"
"1996-01","Canada","2016A000011124","Gas use (reprocessing), plant fuel","Cubic metres","72","millions","6","v18134","1.3","38.8","","","t","1"
"1996-01","Manitoba","2016A000246","Propane","Cubic metres","72","thousands","3","v18136","2.4","0.2","","","","1"
"1996-01","Manitoba","2016A000246","Butane","Cubic metres","72","thousands","3","v18141","2.5","0.1","","","","1"
"1996-01","Saskatchewan","2016A000247","Propane","Cubic metres","72","thousands","3","v18137","3.4","4.5","","","","1"
"1996-01","Saskatchewan","2016A000247","Butane","Cubic metres","72","thousands","3","v18142","3.5","3.8","","","","1"
"1996-01","Alberta","2016A000248","Propane","Cubic metres","72","thousands","3","v18138","4.4","861.4","","","","1"
"1996-01","Alberta","2016A000248","Butane","Cubic metres","72","thousands","3","v18143","4.5","439.1","","","","1"
"1996-01","Alberta","2016A000248","Ethane","Cubic metres","72","thousands","3","v18148","4.6","918.0","","","","1"
"1996-01","Alberta","2016A000248","Sulphur","Tonnes","288","units","0","v18153","4.7","625380","","","","0"
"1996-01","British Columbia","2016A000259","Propane","Cubic metres","72","thousands","3","v18139","5.4","32.4","","","","1"
"1996-01","British Columbia","2016A000259","Butane","Cubic metres","72","thousands","3","v18144","5.5","20.5","","","","1"
"1996-01","British Columbia","2016A000259","Ethane","Cubic metres","72","thousands","3","v18149","5.6","0.0","","","","1"
"1996-01","British Columbia","2016A000259","Sulphur","Tonnes","288","units","0","v18154","5.7","81910","","","","0"
"1996-02","Canada","2016A000011124","Propane","Cubic metres","72","thousands","3","v18135","1.4","861.9","","","","1"
"1996-02","Canada","2016A000011124","Butane","Cubic metres","72","thousands","3","v18140","1.5","464.0","","","","1"
"1996-02","Canada","2016A000011124","Ethane","Cubic metres","72","thousands","3","v18145","1.6","808.5","","","","1"
"1996-02","Canada","2016A000011124","Sulphur","Tonnes","288","units","0","v18150","1.7","648665","","","","0"
"1996-02","Canada","2016A000011124","Gas use (reprocessing), shrinkage","Cubic metres","72","millions","6","v18132","1.1","290.6","","","t","1"
"1996-02","Canada","2016A000011124","Gas use (reprocessing), flared","Cubic metres","72","millions","6","v18133","1.2","4.0","","","t","1"
"1996-02","Canada","2016A000011124","Gas use (reprocessing), plant fuel","Cubic metres","72","millions","6","v18134","1.3","34.6","","","t","1"
"1996-02","Manitoba","2016A000246","Propane","Cubic metres","72","thousands","3","v18136","2.4","0.2","","","","1"
"1996-02","Manitoba","2016A000246","Butane","Cubic metres","72","thousands","3","v18141","2.5","0.1","","","","1"
"1996-02","Saskatchewan","2016A000247","Propane","Cubic metres","72","thousands","3","v18137","3.4","4.6","","","","1"
"1996-02","Saskatchewan","2016A000247","Butane","Cubic metres","72","thousands","3","v18142","3.5","3.8","","","","1"
"1996-02","Alberta","2016A000248","Propane","Cubic metres","72","thousands","3","v18138","4.4","826.7","","","","1"
"1996-02","Alberta","2016A000248","Butane","Cubic metres","72","thousands","3","v18143","4.5","440.8","","","","1"
"1996-02","Alberta","2016A000248","Ethane","Cubic metres","72","thousands","3","v18148","4.6","808.5","","","","1"
"1996-02","Alberta","2016A000248","Sulphur","Tonnes","288","units","0","v18153","4.7","574681","","","","0"
"1996-02","British Columbia","2016A000259","Propane","Cubic metres","72","thousands","3","v18139","5.4","30.4","","","","1"
"1996-02","British Columbia","2016A000259","Butane","Cubic metres","72","thousands","3","v18144","5.5","19.3","","","","1"
"1996-02","British Columbia","2016A000259","Ethane","Cubic metres","72","thousands","3","v18149","5.6","0.0","","","","1"
"1996-02","British Columbia","2016A000259","Sulphur","Tonnes","288","units","0","v18154","5.7","73984","","","","0"
"1996-03","Canada","2016A000011124","Propane","Cubic metres","72","thousands","3","v18135","1.4","902.5","","","","1"
"1996-03","Canada","2016A000011124","Butane","Cubic metres","72","thousands","3","v18140","1.5","472.0","","","","1"
"1996-03","Canada","2016A000011124","Ethane","Cubic metres","72","thousands","3","v18145","1.6","944.0","","","","1"
"1996-03","Canada","2016A000011124","Sulphur","Tonnes","288","units","0","v18150","1.7","697536","","","","0"
"1996-03","Canada","2016A000011124","Gas use (reprocessing), shrinkage","Cubic metres","72","millions","6","v18132","1.1","340.9","","","t","1"
"1996-03","Canada","2016A000011124","Gas use (reprocessing), flared","Cubic metres","72","millions","6","v18133","1.2","4.3","","","t","1"
"1996-03","Canada","2016A000011124","Gas use (reprocessing), plant fuel","Cubic metres","72","millions","6","v18134","1.3","37.8","","","t","1"
"1996-03","Manitoba","2016A000246","Propane","Cubic metres","72","thousands","3","v18136","2.4","0.2","","","","1"
"1996-03","Manitoba","2016A000246","Butane","Cubic metres","72","thousands","3","v18141","2.5","0.1","","","","1"
"1996-03","Saskatchewan","2016A000247","Propane","Cubic metres","72","thousands","3","v18137","3.4","4.6","","","","1"
"1996-03","Saskatchewan","2016A000247","Butane","Cubic metres","72","thousands","3","v18142","3.5","3.9","","","","1"
"1996-03","Alberta","2016A000248","Propane","Cubic metres","72","thousands","3","v18138","4.4","865.2","","","","1"
"1996-03","Alberta","2016A000248","Butane","Cubic metres","72","thousands","3","v18143","4.5","447.3","","","","1"
"1996-03","Alberta","2016A000248","Ethane","Cubic metres","72","thousands","3","v18148","4.6","944.0","","","","1"
"1996-03","Alberta","2016A000248","Sulphur","Tonnes","288","units","0","v18153","4.7","616347","","","","0"
"1996-03","British Columbia","2016A000259","Propane","Cubic metres","72","thousands","3","v18139","5.4","32.5","","","","1"
"1996-03","British Columbia","2016A000259","Butane","Cubic metres","72","thousands","3","v18144","5.5","20.7","","","","1"
"1996-03","British Columbia","2016A000259","Ethane","Cubic metres","72","thousands","3","v18149","5.6","0.0","","","","1"
"1996-03","British Columbia","2016A000259","Sulphur","Tonnes","288","units","0","v18154","5.7","81189","","","","0"
"1996-04","Canada","2016A000011124","Propane","Cubic metres","72","thousands","3","v18135","1.4","812.9","","","","1"
"1996-04","Canada","2016A000011124","Butane","Cubic metres","72","thousands","3","v18140","1.5","416.8","","","","1"
"1996-04","Canada","2016A000011124","Ethane","Cubic metres","72","thousands","3","v18145","1.6","946.7","","","","1"
"1996-04","Canada","2016A000011124","Sulphur","Tonnes","288","units","0","v18150","1.7","653174","","","","0"
"1996-04","Canada","2016A000011124","Gas use (reprocessing), shrinkage","Cubic metres","72","millions","6","v18132","1.1","322.6","","","t","1"
"1996-04","Canada","2016A000011124","Gas use (reprocessing), flared","Cubic metres","72","millions","6","v18133","1.2","3.9","","","t","1"
"1996-04","Canada","2016A000011124","Gas use (reprocessing), plant fuel","Cubic metres","72","millions","6","v18134","1.3","36.2","","","t","1"
"1996-04","Manitoba","2016A000246","Propane","Cubic metres","72","thousands","3","v18136","2.4","0.2","","","","1"
"1996-04","Manitoba","2016A000246","Butane","Cubic metres","72","thousands","3","v18141","2.5","0.1","","","","1"
"1996-04","Saskatchewan","2016A000247","Propane","Cubic metres","72","thousands","3","v18137","3.4","4.6","","","","1"
"1996-04","Saskatchewan","2016A000247","Butane","Cubic metres","72","thousands","3","v18142","3.5","3.9","","","","1"
"1996-04","Alberta","2016A000248","Propane","Cubic metres","72","thousands","3","v18138","4.4","777.4","","","","1"
"1996-04","Alberta","2016A000248","Butane","Cubic metres","72","thousands","3","v18143","4.5","393.3","","","","1"
"1996-04","Alberta","2016A000248","Ethane","Cubic metres","72","thousands","3","v18148","4.6","946.7","","","","1"
"1996-04","Alberta","2016A000248","Sulphur","Tonnes","288","units","0","v18153","4.7","579608","","","","0"
"1996-04","British Columbia","2016A000259","Propane","Cubic metres","72","thousands","3","v18139","5.4","30.7","","","","1"
"1996-04","British Columbia","2016A000259","Butane","Cubic metres","72","thousands","3","v18144","5.5","19.5","","","","1"
"1996-04","British Columbia","2016A000259","Ethane","Cubic metres","72","thousands","3","v18149","5.6","0.0","","","","1"
"1996-04","British Columbia","2016A000259","Sulphur","Tonnes","288","units","0","v18154","5.7","73566","","","","0"
"1996-05","Canada","2016A000011124","Propane","Cubic metres","72","thousands","3","v18135","1.4","883.1","","","","1"
"1996-05","Canada","2016A000011124","Butane","Cubic metres","72","thousands","3","v18140","1.5","421.6","","","","1"
"1996-05","Canada","2016A000011124","Ethane","Cubic metres","72","thousands","3","v18145","1.6","928.9","","","","1"
"1996-05","Canada","2016A000011124","Sulphur","Tonnes","288","units","0","v18150","1.7","664927","","","","0"
"1996-05","Canada","2016A000011124","Gas use (reprocessing), shrinkage","Cubic metres","72","millions","6","v18132","1.1","287.7","","","t","1"
"1996-05","Canada","2016A000011124","Gas use (reprocessing), flared","Cubic metres","72","millions","6","v18133","1.2","4.1","","","t","1"
"1996-05","Canada","2016A000011124","Gas use (reprocessing), plant fuel","Cubic metres","72","millions","6","v18134","1.3","29.8","","","t","1"
"1996-05","Saskatchewan","2016A000247","Propane","Cubic metres","72","thousands","3","v18137","3.4","4.5","","","","1"
"1996-05","Saskatchewan","2016A000247","Butane","Cubic metres","72","thousands","3","v18142","3.5","4.0","","","","1"
"1996-05","Alberta","2016A000248","Propane","Cubic metres","72","thousands","3","v18138","4.4","846.6","","","","1"
"1996-05","Alberta","2016A000248","Butane","Cubic metres","72","thousands","3","v18143","4.5","397.0","","","","1"
"1996-05","Alberta","2016A000248","Ethane","Cubic metres","72","thousands","3","v18148","4.6","928.9","","","","1"
"1996-05","Alberta","2016A000248","Sulphur","Tonnes","288","units","0","v18153","4.7","596623","","","","0"
"1996-05","British Columbia","2016A000259","Propane","Cubic metres","72","thousands","3","v18139","5.4","32.0","","","","1"
"1996-05","British Columbia","2016A000259","Butane","Cubic metres","72","thousands","3","v18144","5.5","20.6","","","","1"
"1996-05","British Columbia","2016A000259","Ethane","Cubic metres","72","thousands","3","v18149","5.6","0.0","","","","1"
"1996-05","British Columbia","2016A000259","Sulphur","Tonnes","288","units","0","v18154","5.7","68304","","","","0"
"1996-06","Canada","2016A000011124","Propane","Cubic metres","72","thousands","3","v18135","1.4","798.5","","","","1"
"1996-06","Canada","2016A000011124","Butane","Cubic metres","72","thousands","3","v18140","1.5","405.5","","","","1"
"1996-06","Canada","2016A000011124","Ethane","Cubic metres","72","thousands","3","v18145","1.6","847.6","","","","1"
"1996-06","Canada","2016A000011124","Sulphur","Tonnes","288","units","0","v18150","1.7","623855","","","","0"
"1996-06","Canada","2016A000011124","Gas use (reprocessing), shrinkage","Cubic metres","72","millions","6","v18132","1.1","263.7","","","t","1"
"1996-06","Canada","2016A000011124","Gas use (reprocessing), flared","Cubic metres","72","millions","6","v18133","1.2","4.3","","","t","1"
"1996-06","Canada","2016A000011124","Gas use (reprocessing), plant fuel","Cubic metres","72","millions","6","v18134","1.3","14.9","","","t","1"
"1996-06","Saskatchewan","2016A000247","Propane","Cubic metres","72","thousands","3","v18137","3.4","4.4","","","","1"
"1996-06","Saskatchewan","2016A000247","Butane","Cubic metres","72","thousands","3","v18142","3.5","3.9","","","","1"
"1996-06","Alberta","2016A000248","Propane","Cubic metres","72","thousands","3","v18138","4.4","776.0","","","","1"
"1996-06","Alberta","2016A000248","Butane","Cubic metres","72","thousands","3","v18143","4.5","389.8","","","","1"
"1996-06","Alberta","2016A000248","Ethane","Cubic metres","72","thousands","3","v18148","4.6","847.6","","","","1"
"1996-06","Alberta","2016A000248","Sulphur","Tonnes","288","units","0","v18153","4.7","557336","","","","0"
"1996-06","British Columbia","2016A000259","Propane","Cubic metres","72","thousands","3","v18139","5.4","18.1","","","","1"
"1996-06","British Columbia","2016A000259","Butane","Cubic metres","72","thousands","3","v18144","5.5","11.8","","","","1"
"1996-06","British Columbia","2016A000259","Ethane","Cubic metres","72","thousands","3","v18149","5.6","0.0","","","","1"
"1996-06","British Columbia","2016A000259","Sulphur","Tonnes","288","units","0","v18154","5.7","66519","","","","0"
"1996-07","Canada","2016A000011124","Propane","Cubic metres","72","thousands","3","v18135","1.4","824.0","","","","1"
"1996-07","Canada","2016A000011124","Butane","Cubic metres","72","thousands","3","v18140","1.5","408.7","","","","1"
"1996-07","Canada","2016A000011124","Ethane","Cubic metres","72","thousands","3","v18145","1.6","910.4","","","","1"
"1996-07","Canada","2016A000011124","Sulphur","Tonnes","288","units","0","v18150","1.7","670318","","","","0"
"1996-07","Canada","2016A000011124","Gas use (reprocessing), shrinkage","Cubic metres","72","millions","6","v18132","1.1","326.5","","","t","1"
"1996-07","Canada","2016A000011124","Gas use (reprocessing), flared","Cubic metres","72","millions","6","v18133","1.2","3.4","","","t","1"
"1996-07","Canada","2016A000011124","Gas use (reprocessing), plant fuel","Cubic metres","72","millions","6","v18134","1.3","31.7","","","t","1"
"1996-07","Saskatchewan","2016A000247","Propane","Cubic metres","72","thousands","3","v18137","3.4","4.5","","","","1"
"1996-07","Saskatchewan","2016A000247","Butane","Cubic metres","72","thousands","3","v18142","3.5","3.9","","","","1"
"1996-07","Alberta","2016A000248","Propane","Cubic metres","72","thousands","3","v18138","4.4","788.5","","","","1"
"1996-07","Alberta","2016A000248","Butane","Cubic metres","72","thousands","3","v18143","4.5","384.4","","","","1"
"1996-07","Alberta","2016A000248","Ethane","Cubic metres","72","thousands","3","v18148","4.6","910.4","","","","1"
"1996-07","Alberta","2016A000248","Sulphur","Tonnes","288","units","0","v18153","4.7","588894","","","","0"
"1996-07","British Columbia","2016A000259","Propane","Cubic metres","72","thousands","3","v18139","5.4","31.0","","","","1"
"1996-07","British Columbia","2016A000259","Butane","Cubic metres","72","thousands","3","v18144","5.5","20.4","","","","1"
"1996-07","British Columbia","2016A000259","Ethane","Cubic metres","72","thousands","3","v18149","5.6","0.0","","","","1"
"1996-07","British Columbia","2016A000259","Sulphur","Tonnes","288","units","0","v18154","5.7","81424","","","","0"
"1996-08","Canada","2016A000011124","Propane","Cubic metres","72","thousands","3","v18135","1.4","822.6","","","","1"
"1996-08","Canada","2016A000011124","Butane","Cubic metres","72","thousands","3","v18140","1.5","409.2","","","","1"
"1996-08","Canada","2016A000011124","Ethane","Cubic metres","72","thousands","3","v18145","1.6","905.4","","","","1"
"1996-08","Canada","2016A000011124","Sulphur","Tonnes","288","units","0","v18150","1.7","664159","","","","0"
"1996-08","Canada","2016A000011124","Gas use (reprocessing), shrinkage","Cubic metres","72","millions","6","v18132","1.1","327.9","","","t","1"
"1996-08","Canada","2016A000011124","Gas use (reprocessing), flared","Cubic metres","72","millions","6","v18133","1.2","3.6","","","t","1"
"1996-08","Canada","2016A000011124","Gas use (reprocessing), plant fuel","Cubic metres","72","millions","6","v18134","1.3","31.4","","","t","1"
"1996-08","Saskatchewan","2016A000247","Propane","Cubic metres","72","thousands","3","v18137","3.4","4.4","","","","1"
"1996-08","Saskatchewan","2016A000247","Butane","Cubic metres","72","thousands","3","v18142","3.5","3.8","","","","1"
"1996-08","Alberta","2016A000248","Propane","Cubic metres","72","thousands","3","v18138","4.4","795.1","","","","1"
"1996-08","Alberta","2016A000248","Butane","Cubic metres","72","thousands","3","v18143","4.5","390.2","","","","1"
"1996-08","Alberta","2016A000248","Ethane","Cubic metres","72","thousands","3","v18148","4.6","905.4","","","","1"
"1996-08","Alberta","2016A000248","Sulphur","Tonnes","288","units","0","v18153","4.7","586652","","","","0"
"1996-08","British Columbia","2016A000259","Propane","Cubic metres","72","thousands","3","v18139","5.4","23.1","","","","1"
"1996-08","British Columbia","2016A000259","Butane","Cubic metres","72","thousands","3","v18144","5.5","15.2","","","","1"
"1996-08","British Columbia","2016A000259","Ethane","Cubic metres","72","thousands","3","v18149","5.6","0.0","","","","1"
"1996-08","British Columbia","2016A000259","Sulphur","Tonnes","288","units","0","v18154","5.7","77507","","","","0"
"1996-09","Canada","2016A000011124","Propane","Cubic metres","72","thousands","3","v18135","1.4","886.7","","","","1"
"1996-09","Canada","2016A000011124","Butane","Cubic metres","72","thousands","3","v18140","1.5","481.8","","","","1"
"1996-09","Canada","2016A000011124","Ethane","Cubic metres","72","thousands","3","v18145","1.6","761.0","","","","1"
"1996-09","Canada","2016A000011124","Sulphur","Tonnes","288","units","0","v18150","1.7","647744","","","","0"
"1996-09","Canada","2016A000011124","Gas use (reprocessing), shrinkage","Cubic metres","72","millions","6","v18132","1.1","277.1","","","t","1"
"1996-09","Canada","2016A000011124","Gas use (reprocessing), flared","Cubic metres","72","millions","6","v18133","1.2","3.3","","","t","1"
"1996-09","Canada","2016A000011124","Gas use (reprocessing), plant fuel","Cubic metres","72","millions","6","v18134","1.3","29.4","","","t","1"
"1996-09","Saskatchewan","2016A000247","Propane","Cubic metres","72","thousands","3","v18137","3.4","4.3","","","","1"
"1996-09","Saskatchewan","2016A000247","Butane","Cubic metres","72","thousands","3","v18142","3.5","3.7","","","","1"
"1996-09","Alberta","2016A000248","Propane","Cubic metres","72","thousands","3","v18138","4.4","852.4","","","","1"
"1996-09","Alberta","2016A000248","Butane","Cubic metres","72","thousands","3","v18143","4.5","457.7","","","","1"
"1996-09","Alberta","2016A000248","Ethane","Cubic metres","72","thousands","3","v18148","4.6","761.0","","","","1"
"1996-09","Alberta","2016A000248","Sulphur","Tonnes","288","units","0","v18153","4.7","571593","","","","0"
"1996-09","British Columbia","2016A000259","Propane","Cubic metres","72","thousands","3","v18139","5.4","30.0","","","","1"
"1996-09","British Columbia","2016A000259","Butane","Cubic metres","72","thousands","3","v18144","5.5","20.4","","","","1"
"1996-09","British Columbia","2016A000259","Ethane","Cubic metres","72","thousands","3","v18149","5.6","0.0","","","","1"
"1996-09","British Columbia","2016A000259","Sulphur","Tonnes","288","units","0","v18154","5.7","76151","","","","0"
"1996-10","Canada","2016A000011124","Propane","Cubic metres","72","thousands","3","v18135","1.4","931.0","","","","1"
"1996-10","Canada","2016A000011124","Butane","Cubic metres","72","thousands","3","v18140","1.5","506.7","","","","1"
"1996-10","Canada","2016A000011124","Ethane","Cubic metres","72","thousands","3","v18145","1.6","886.1","","","","1"
"1996-10","Canada","2016A000011124","Sulphur","Tonnes","288","units","0","v18150","1.7","685038","","","","0"
"1996-10","Canada","2016A000011124","Gas use (reprocessing), shrinkage","Cubic metres","72","millions","6","v18132","1.1","326.8","","","t","1"
"1996-10","Canada","2016A000011124","Gas use (reprocessing), flared","Cubic metres","72","millions","6","v18133","1.2","2.4","","","t","1"
"1996-10","Canada","2016A000011124","Gas use (reprocessing), plant fuel","Cubic metres","72","millions","6","v18134","1.3","36.4","","","t","1"
"1996-10","Saskatchewan","2016A000247","Propane","Cubic metres","72","thousands","3","v18137","3.4","4.4","","","","1"
"1996-10","Saskatchewan","2016A000247","Butane","Cubic metres","72","thousands","3","v18142","3.5","3.8","","","","1"
"1996-10","Alberta","2016A000248","Propane","Cubic metres","72","thousands","3","v18138","4.4","893.8","","","","1"
"1996-10","Alberta","2016A000248","Butane","Cubic metres","72","thousands","3","v18143","4.5","481.3","","","","1"
"1996-10","Alberta","2016A000248","Ethane","Cubic metres","72","thousands","3","v18148","4.6","886.1","","","","1"
"1996-10","Alberta","2016A000248","Sulphur","Tonnes","288","units","0","v18153","4.7","604337","","","","0"
"1996-10","British Columbia","2016A000259","Propane","Cubic metres","72","thousands","3","v18139","5.4","32.8","","","","1"
"1996-10","British Columbia","2016A000259","Butane","Cubic metres","72","thousands","3","v18144","5.5","21.6","","","","1"
"1996-10","British Columbia","2016A000259","Ethane","Cubic metres","72","thousands","3","v18149","5.6","0.0","","","","1"
"1996-10","British Columbia","2016A000259","Sulphur","Tonnes","288","units","0","v18154","5.7","80701","","","","0"
"1996-11","Canada","2016A000011124","Propane","Cubic metres","72","thousands","3","v18135","1.4","929.2","","","","1"
"1996-11","Canada","2016A000011124","Butane","Cubic metres","72","thousands","3","v18140","1.5","506.9","","","","1"
"1996-11","Canada","2016A000011124","Ethane","Cubic metres","72","thousands","3","v18145","1.6","887.6","","","","1"
"1996-11","Canada","2016A000011124","Sulphur","Tonnes","288","units","0","v18150","1.7","666181","","","","0"
"1996-11","Canada","2016A000011124","Gas use (reprocessing), shrinkage","Cubic metres","72","millions","6","v18132","1.1","330.5","","","t","1"
"1996-11","Canada","2016A000011124","Gas use (reprocessing), flared","Cubic metres","72","millions","6","v18133","1.2","4.0","","","t","1"
"1996-11","Canada","2016A000011124","Gas use (reprocessing), plant fuel","Cubic metres","72","millions","6","v18134","1.3","36.9","","","t","1"
"1996-11","Saskatchewan","2016A000247","Propane","Cubic metres","72","thousands","3","v18137","3.4","4.3","","","","1"
"1996-11","Saskatchewan","2016A000247","Butane","Cubic metres","72","thousands","3","v18142","3.5","3.7","","","","1"
"1996-11","Alberta","2016A000248","Propane","Cubic metres","72","thousands","3","v18138","4.4","890.7","","","","1"
"1996-11","Alberta","2016A000248","Butane","Cubic metres","72","thousands","3","v18143","4.5","482.1","","","","1"
"1996-11","Alberta","2016A000248","Ethane","Cubic metres","72","thousands","3","v18148","4.6","887.6","","","","1"
"1996-11","Alberta","2016A000248","Sulphur","Tonnes","288","units","0","v18153","4.7","588721","","","","0"
"1996-11","British Columbia","2016A000259","Propane","Cubic metres","72","thousands","3","v18139","5.4","34.2","","","","1"
"1996-11","British Columbia","2016A000259","Butane","Cubic metres","72","thousands","3","v18144","5.5","21.1","","","","1"
"1996-11","British Columbia","2016A000259","Ethane","Cubic metres","72","thousands","3","v18149","5.6","0.0","","","","1"
"1996-11","British Columbia","2016A000259","Sulphur","Tonnes","288","units","0","v18154","5.7","77460","","","","0"
"1996-12","Canada","2016A000011124","Propane","Cubic metres","72","thousands","3","v18135","1.4","912.1","","","","1"
"1996-12","Canada","2016A000011124","Butane","Cubic metres","72","thousands","3","v18140","1.5","545.0","","","","1"
"1996-12","Canada","2016A000011124","Ethane","Cubic metres","72","thousands","3","v18145","1.6","947.1","","","","1"
"1996-12","Canada","2016A000011124","Sulphur","Tonnes","288","units","0","v18150","1.7","681675","","","","0"
"1996-12","Canada","2016A000011124","Gas use (reprocessing), shrinkage","Cubic metres","72","millions","6","v18132","1.1","345.0","","","t","1"
"1996-12","Canada","2016A000011124","Gas use (reprocessing), flared","Cubic metres","72","millions","6","v18133","1.2","4.8","","","t","1"
"1996-12","Canada","2016A000011124","Gas use (reprocessing), plant fuel","Cubic metres","72","millions","6","v18134","1.3","36.4","","","t","1"
"1996-12","Saskatchewan","2016A000247","Propane","Cubic metres","72","thousands","3","v18137","3.4","4.4","","","","1"
"1996-12","Saskatchewan","2016A000247","Butane","Cubic metres","72","thousands","3","v18142","3.5","3.8","","","","1"
"1996-12","Alberta","2016A000248","Propane","Cubic metres","72","thousands","3","v18138","4.4","873.5","","","","1"
"1996-12","Alberta","2016A000248","Butane","Cubic metres","72","thousands","3","v18143","4.5","517.9","","","","1"
"1996-12","Alberta","2016A000248","Ethane","Cubic metres","72","thousands","3","v18148","4.6","947.1","","","","1"
"1996-12","Alberta","2016A000248","Sulphur","Tonnes","288","units","0","v18153","4.7","603274","","","","0"
"1996-12","British Columbia","2016A000259","Propane","Cubic metres","72","thousands","3","v18139","5.4","34.2","","","","1"
"1996-12","British Columbia","2016A000259","Butane","Cubic metres","72","thousands","3","v18144","5.5","23.3","","","","1"
"1996-12","British Columbia","2016A000259","Ethane","Cubic metres","72","thousands","3","v18149","5.6","0.0","","","","1"
"1996-12","British Columbia","2016A000259","Sulphur","Tonnes","288","units","0","v18154","5.7","78401","","","","0"
"1997-01","Canada","2016A000011124","Propane","Cubic metres","72","thousands","3","v18135","1.4","930.6","","","","1"
"1997-01","Canada","2016A000011124","Butane","Cubic metres","72","thousands","3","v18140","1.5","523.7","","","","1"
"1997-01","Canada","2016A000011124","Ethane","Cubic metres","72","thousands","3","v18145","1.6","896.2","","","","1"
"1997-01","Canada","2016A000011124","Sulphur","Tonnes","288","units","0","v18150","1.7","682135","","","","0"
"1997-01","Canada","2016A000011124","Gas use (reprocessing), shrinkage","Cubic metres","72","millions","6","v18132","1.1","365.7","","","t","1"
"1997-01","Canada","2016A000011124","Gas use (reprocessing), flared","Cubic metres","72","millions","6","v18133","1.2","4.7","","","t","1"
"1997-01","Canada","2016A000011124","Gas use (reprocessing), plant fuel","Cubic metres","72","millions","6","v18134","1.3","36.5","","","t","1"
"1997-01","Saskatchewan","2016A000247","Propane","Cubic metres","72","thousands","3","v18137","3.4","4.6","","","","1"
"1997-01","Saskatchewan","2016A000247","Butane","Cubic metres","72","thousands","3","v18142","3.5","3.9","","","","1"
"1997-01","Alberta","2016A000248","Propane","Cubic metres","72","thousands","3","v18138","4.4","890.6","","","","1"
"1997-01","Alberta","2016A000248","Butane","Cubic metres","72","thousands","3","v18143","4.5","497.9","","","","1"
"1997-01","Alberta","2016A000248","Ethane","Cubic metres","72","thousands","3","v18148","4.6","896.2","","","","1"
"1997-01","Alberta","2016A000248","Sulphur","Tonnes","288","units","0","v18153","4.7","597923","","","","0"
"1997-01","British Columbia","2016A000259","Propane","Cubic metres","72","thousands","3","v18139","5.4","35.4","","","","1"
"1997-01","British Columbia","2016A000259","Butane","Cubic metres","72","thousands","3","v18144","5.5","21.9","","","","1"
"1997-01","British Columbia","2016A000259","Ethane","Cubic metres","72","thousands","3","v18149","5.6","0.0","","","","1"
"1997-01","British Columbia","2016A000259","Sulphur","Tonnes","288","units","0","v18154","5.7","84212","","","","0"
"1997-02","Canada","2016A000011124","Propane","Cubic metres","72","thousands","3","v18135","1.4","829.4","","","","1"
"1997-02","Canada","2016A000011124","Butane","Cubic metres","72","thousands","3","v18140","1.5","443.0","","","","1"
"1997-02","Canada","2016A000011124","Ethane","Cubic metres","72","thousands","3","v18145","1.6","858.5","","","","1"
"1997-02","Canada","2016A000011124","Sulphur","Tonnes","288","units","0","v18150","1.7","621992","","","","0"
"1997-02","Canada","2016A000011124","Gas use (reprocessing), shrinkage","Cubic metres","72","millions","6","v18132","1.1","344.1","","","t","1"
"1997-02","Canada","2016A000011124","Gas use (reprocessing), flared","Cubic metres","72","millions","6","v18133","1.2","4.5","","","t","1"
"1997-02","Canada","2016A000011124","Gas use (reprocessing), plant fuel","Cubic metres","72","millions","6","v18134","1.3","33.2","","","t","1"
"1997-02","Saskatchewan","2016A000247","Propane","Cubic metres","72","thousands","3","v18137","3.4","4.4","","","","1"
"1997-02","Saskatchewan","2016A000247","Butane","Cubic metres","72","thousands","3","v18142","3.5","3.7","","","","1"
"1997-02","Alberta","2016A000248","Propane","Cubic metres","72","thousands","3","v18138","4.4","795.2","","","","1"
"1997-02","Alberta","2016A000248","Butane","Cubic metres","72","thousands","3","v18143","4.5","419.9","","","","1"
"1997-02","Alberta","2016A000248","Ethane","Cubic metres","72","thousands","3","v18148","4.6","858.5","","","","1"
"1997-02","Alberta","2016A000248","Sulphur","Tonnes","288","units","0","v18153","4.7","545782","","","","0"
"1997-02","British Columbia","2016A000259","Propane","Cubic metres","72","thousands","3","v18139","5.4","29.8","","","","1"
"1997-02","British Columbia","2016A000259","Butane","Cubic metres","72","thousands","3","v18144","5.5","19.4","","","","1"
"1997-02","British Columbia","2016A000259","Ethane","Cubic metres","72","thousands","3","v18149","5.6","0.0","","","","1"
"1997-02","British Columbia","2016A000259","Sulphur","Tonnes","288","units","0","v18154","5.7","76210","","","","0"
"1997-03","Canada","2016A000011124","Propane","Cubic metres","72","thousands","3","v18135","1.4","796.5","","","","1"
"1997-03","Canada","2016A000011124","Butane","Cubic metres","72","thousands","3","v18140","1.5","406.9","","","","1"
"1997-03","Canada","2016A000011124","Ethane","Cubic metres","72","thousands","3","v18145","1.6","931.6","","","","1"
"1997-03","Canada","2016A000011124","Sulphur","Tonnes","288","units","0","v18150","1.7","688622","","","","0"
"1997-03","Canada","2016A000011124","Gas use (reprocessing), shrinkage","Cubic metres","72","millions","6","v18132","1.1","345.9","","","t","1"
"1997-03","Canada","2016A000011124","Gas use (reprocessing), flared","Cubic metres","72","millions","6","v18133","1.2","4.8","","","t","1"
"1997-03","Canada","2016A000011124","Gas use (reprocessing), plant fuel","Cubic metres","72","millions","6","v18134","1.3","36.2","","","t","1"
"1997-03","Saskatchewan","2016A000247","Propane","Cubic metres","72","thousands","3","v18137","3.4","4.6","","","","1"
"1997-03","Saskatchewan","2016A000247","Butane","Cubic metres","72","thousands","3","v18142","3.5","3.9","","","","1"
"1997-03","Alberta","2016A000248","Propane","Cubic metres","72","thousands","3","v18138","4.4","756.5","","","","1"
"1997-03","Alberta","2016A000248","Butane","Cubic metres","72","thousands","3","v18143","4.5","380.7","","","","1"
"1997-03","Alberta","2016A000248","Ethane","Cubic metres","72","thousands","3","v18148","4.6","931.6","","","","1"
"1997-03","Alberta","2016A000248","Sulphur","Tonnes","288","units","0","v18153","4.7","607434","","","","0"
"1997-03","British Columbia","2016A000259","Propane","Cubic metres","72","thousands","3","v18139","5.4","35.4","","","","1"
"1997-03","British Columbia","2016A000259","Butane","Cubic metres","72","thousands","3","v18144","5.5","22.3","","","","1"
"1997-03","British Columbia","2016A000259","Ethane","Cubic metres","72","thousands","3","v18149","5.6","0.0","","","","1"
"1997-03","British Columbia","2016A000259","Sulphur","Tonnes","288","units","0","v18154","5.7","81188","","","","0"
"1997-04","Canada","2016A000011124","Propane","Cubic metres","72","thousands","3","v18135","1.4","822.3","","","","1"
"1997-04","Canada","2016A000011124","Butane","Cubic metres","72","thousands","3","v18140","1.5","423.7","","","","1"
"1997-04","Canada","2016A000011124","Ethane","Cubic metres","72","thousands","3","v18145","1.6","879.2","","","","1"
"1997-04","Canada","2016A000011124","Sulphur","Tonnes","288","units","0","v18150","1.7","627322","","","","0"
"1997-04","Canada","2016A000011124","Gas use (reprocessing), shrinkage","Cubic metres","72","millions","6","v18132","1.1","326.3","","","t","1"
"1997-04","Canada","2016A000011124","Gas use (reprocessing), flared","Cubic metres","72","millions","6","v18133","1.2","4.7","","","t","1"
"1997-04","Canada","2016A000011124","Gas use (reprocessing), plant fuel","Cubic metres","72","millions","6","v18134","1.3","30.9","","","t","1"
"1997-04","Saskatchewan","2016A000247","Propane","Cubic metres","72","thousands","3","v18137","3.4","4.6","","","","1"
"1997-04","Saskatchewan","2016A000247","Butane","Cubic metres","72","thousands","3","v18142","3.5","3.9","","","","1"
"1997-04","Alberta","2016A000248","Propane","Cubic metres","72","thousands","3","v18138","4.4","789.7","","","","1"
"1997-04","Alberta","2016A000248","Butane","Cubic metres","72","thousands","3","v18143","4.5","400.6","","","","1"
"1997-04","Alberta","2016A000248","Ethane","Cubic metres","72","thousands","3","v18148","4.6","879.2","","","","1"
"1997-04","Alberta","2016A000248","Sulphur","Tonnes","288","units","0","v18153","4.7","552560","","","","0"
"1997-04","British Columbia","2016A000259","Propane","Cubic metres","72","thousands","3","v18139","5.4","28.0","","","","1"
"1997-04","British Columbia","2016A000259","Butane","Cubic metres","72","thousands","3","v18144","5.5","19.2","","","","1"
"1997-04","British Columbia","2016A000259","Ethane","Cubic metres","72","thousands","3","v18149","5.6","0.0","","","","1"
"1997-04","British Columbia","2016A000259","Sulphur","Tonnes","288","units","0","v18154","5.7","74762","","","","0"
"1997-05","Canada","2016A000011124","Propane","Cubic metres","72","thousands","3","v18135","1.4","804.4","","","","1"
"1997-05","Canada","2016A000011124","Butane","Cubic metres","72","thousands","3","v18140","1.5","445.7","","","","1"
"1997-05","Canada","2016A000011124","Ethane","Cubic metres","72","thousands","3","v18145","1.6","899.0","","","","1"
"1997-05","Canada","2016A000011124","Sulphur","Tonnes","288","units","0","v18150","1.7","585450","","","","0"
"1997-05","Canada","2016A000011124","Gas use (reprocessing), shrinkage","Cubic metres","72","millions","6","v18132","1.1","317.2","","","t","1"
"1997-05","Canada","2016A000011124","Gas use (reprocessing), flared","Cubic metres","72","millions","6","v18133","1.2","4.8","","","t","1"
"1997-05","Canada","2016A000011124","Gas use (reprocessing), plant fuel","Cubic metres","72","millions","6","v18134","1.3","30.8","","","t","1"
"1997-05","Saskatchewan","2016A000247","Propane","Cubic metres","72","thousands","3","v18137","3.4","4.4","","","","1"
"1997-05","Saskatchewan","2016A000247","Butane","Cubic metres","72","thousands","3","v18142","3.5","3.7","","","","1"
"1997-05","Alberta","2016A000248","Propane","Cubic metres","72","thousands","3","v18138","4.4","765.5","","","","1"
"1997-05","Alberta","2016A000248","Butane","Cubic metres","72","thousands","3","v18143","4.5","419.7","","","","1"
"1997-05","Alberta","2016A000248","Ethane","Cubic metres","72","thousands","3","v18148","4.6","899.0","","","","1"
"1997-05","Alberta","2016A000248","Sulphur","Tonnes","288","units","0","v18153","4.7","508064","","","","0"
"1997-05","British Columbia","2016A000259","Propane","Cubic metres","72","thousands","3","v18139","5.4","34.5","","","","1"
"1997-05","British Columbia","2016A000259","Butane","Cubic metres","72","thousands","3","v18144","5.5","22.3","","","","1"
"1997-05","British Columbia","2016A000259","Ethane","Cubic metres","72","thousands","3","v18149","5.6","0.0","","","","1"
"1997-05","British Columbia","2016A000259","Sulphur","Tonnes","288","units","0","v18154","5.7","77386","","","","0"
"1997-06","Canada","2016A000011124","Propane","Cubic metres","72","thousands","3","v18135","1.4","770.8","","","","1"
"1997-06","Canada","2016A000011124","Butane","Cubic metres","72","thousands","3","v18140","1.5","382.4","","","","1"
"1997-06","Canada","2016A000011124","Ethane","Cubic metres","72","thousands","3","v18145","1.6","865.0","","","","1"
"1997-06","Canada","2016A000011124","Sulphur","Tonnes","288","units","0","v18150","1.7","655677","","","","0"
"1997-06","Canada","2016A000011124","Gas use (reprocessing), shrinkage","Cubic metres","72","millions","6","v18132","1.1","310.4","","","t","1"
"1997-06","Canada","2016A000011124","Gas use (reprocessing), flared","Cubic metres","72","millions","6","v18133","1.2","4.6","","","t","1"
"1997-06","Canada","2016A000011124","Gas use (reprocessing), plant fuel","Cubic metres","72","millions","6","v18134","1.3","27.8","","","t","1"
"1997-06","Saskatchewan","2016A000247","Propane","Cubic metres","72","thousands","3","v18137","3.4","4.5","","","","1"
"1997-06","Saskatchewan","2016A000247","Butane","Cubic metres","72","thousands","3","v18142","3.5","3.8","","","","1"
"1997-06","Alberta","2016A000248","Propane","Cubic metres","72","thousands","3","v18138","4.4","733.3","","","","1"
"1997-06","Alberta","2016A000248","Butane","Cubic metres","72","thousands","3","v18143","4.5","356.1","","","","1"
"1997-06","Alberta","2016A000248","Ethane","Cubic metres","72","thousands","3","v18148","4.6","865.0","","","","1"
"1997-06","Alberta","2016A000248","Sulphur","Tonnes","288","units","0","v18153","4.7","579199","","","","0"
"1997-06","British Columbia","2016A000259","Propane","Cubic metres","72","thousands","3","v18139","5.4","33.0","","","","1"
"1997-06","British Columbia","2016A000259","Butane","Cubic metres","72","thousands","3","v18144","5.5","22.5","","","","1"
"1997-06","British Columbia","2016A000259","Ethane","Cubic metres","72","thousands","3","v18149","5.6","0.0","","","","1"
"1997-06","British Columbia","2016A000259","Sulphur","Tonnes","288","units","0","v18154","5.7","76478","","","","0"
"1997-07","Canada","2016A000011124","Propane","Cubic metres","72","thousands","3","v18135","1.4","832.5","","","","1"
"1997-07","Canada","2016A000011124","Butane","Cubic metres","72","thousands","3","v18140","1.5","428.1","","","","1"
"1997-07","Canada","2016A000011124","Ethane","Cubic metres","72","thousands","3","v18145","1.6","884.0","","","","1"
"1997-07","Canada","2016A000011124","Sulphur","Tonnes","288","units","0","v18150","1.7","707258","","","","0"
"1997-07","Canada","2016A000011124","Gas use (reprocessing), shrinkage","Cubic metres","72","millions","6","v18132","1.1","322.9","","","t","1"
"1997-07","Canada","2016A000011124","Gas use (reprocessing), flared","Cubic metres","72","millions","6","v18133","1.2","3.0","","","t","1"
"1997-07","Canada","2016A000011124","Gas use (reprocessing), plant fuel","Cubic metres","72","millions","6","v18134","1.3","28.1","","","t","1"
"1997-07","Saskatchewan","2016A000247","Propane","Cubic metres","72","thousands","3","v18137","3.4","4.4","","","","1"
"1997-07","Saskatchewan","2016A000247","Butane","Cubic metres","72","thousands","3","v18142","3.5","3.7","","","","1"
"1997-07","Alberta","2016A000248","Propane","Cubic metres","72","thousands","3","v18138","4.4","797.8","","","","1"
"1997-07","Alberta","2016A000248","Butane","Cubic metres","72","thousands","3","v18143","4.5","405.4","","","","1"
"1997-07","Alberta","2016A000248","Ethane","Cubic metres","72","thousands","3","v18148","4.6","884.0","","","","1"
"1997-07","Alberta","2016A000248","Sulphur","Tonnes","288","units","0","v18153","4.7","628699","","","","0"
"1997-07","British Columbia","2016A000259","Propane","Cubic metres","72","thousands","3","v18139","5.4","30.3","","","","1"
"1997-07","British Columbia","2016A000259","Butane","Cubic metres","72","thousands","3","v18144","5.5","19.0","","","","1"
"1997-07","British Columbia","2016A000259","Ethane","Cubic metres","72","thousands","3","v18149","5.6","0.0","","","","1"
"1997-07","British Columbia","2016A000259","Sulphur","Tonnes","288","units","0","v18154","5.7","78559","","","","0"
"1997-08","Canada","2016A000011124","Propane","Cubic metres","72","thousands","3","v18135","1.4","860.2","","","","1"
"1997-08","Canada","2016A000011124","Butane","Cubic metres","72","thousands","3","v18140","1.5","443.3","","","","1"
"1997-08","Canada","2016A000011124","Ethane","Cubic metres","72","thousands","3","v18145","1.6","911.2","","","","1"
"1997-08","Canada","2016A000011124","Sulphur","Tonnes","288","units","0","v18150","1.7","681242","","","","0"
"1997-08","Canada","2016A000011124","Gas use (reprocessing), shrinkage","Cubic metres","72","millions","6","v18132","1.1","332.4","","","t","1"
"1997-08","Canada","2016A000011124","Gas use (reprocessing), flared","Cubic metres","72","millions","6","v18133","1.2","4.5","","","t","1"
"1997-08","Canada","2016A000011124","Gas use (reprocessing), plant fuel","Cubic metres","72","millions","6","v18134","1.3","33.3","","","t","1"
"1997-08","Saskatchewan","2016A000247","Propane","Cubic metres","72","thousands","3","v18137","3.4","4.6","","","","1"
"1997-08","Saskatchewan","2016A000247","Butane","Cubic metres","72","thousands","3","v18142","3.5","3.9","","","","1"
"1997-08","Alberta","2016A000248","Propane","Cubic metres","72","thousands","3","v18138","4.4","823.1","","","","1"
"1997-08","Alberta","2016A000248","Butane","Cubic metres","72","thousands","3","v18143","4.5","415.7","","","","1"
"1997-08","Alberta","2016A000248","Ethane","Cubic metres","72","thousands","3","v18148","4.6","911.2","","","","1"
"1997-08","Alberta","2016A000248","Sulphur","Tonnes","288","units","0","v18153","4.7","618647","","","","0"
"1997-08","British Columbia","2016A000259","Propane","Cubic metres","72","thousands","3","v18139","5.4","32.5","","","","1"
"1997-08","British Columbia","2016A000259","Butane","Cubic metres","72","thousands","3","v18144","5.5","23.7","","","","1"
"1997-08","British Columbia","2016A000259","Ethane","Cubic metres","72","thousands","3","v18149","5.6","0.0","","","","1"
"1997-08","British Columbia","2016A000259","Sulphur","Tonnes","288","units","0","v18154","5.7","62595","","","","0"
"1997-09","Canada","2016A000011124","Propane","Cubic metres","72","thousands","3","v18135","1.4","756.1","","","","1"
"1997-09","Canada","2016A000011124","Butane","Cubic metres","72","thousands","3","v18140","1.5","388.4","","","","1"
"1997-09","Canada","2016A000011124","Ethane","Cubic metres","72","thousands","3","v18145","1.6","874.9","","","","1"
"1997-09","Canada","2016A000011124","Sulphur","Tonnes","288","units","0","v18150","1.7","655253","","","","0"
"1997-09","Canada","2016A000011124","Gas use (reprocessing), shrinkage","Cubic metres","72","millions","6","v18132","1.1","318.9","","","t","1"
"1997-09","Canada","2016A000011124","Gas use (reprocessing), flared","Cubic metres","72","millions","6","v18133","1.2","4.6","","","t","1"
"1997-09","Canada","2016A000011124","Gas use (reprocessing), plant fuel","Cubic metres","72","millions","6","v18134","1.3","27.1","","","t","1"
"1997-09","Saskatchewan","2016A000247","Propane","Cubic metres","72","thousands","3","v18137","3.4","4.5","","","","1"
"1997-09","Saskatchewan","2016A000247","Butane","Cubic metres","72","thousands","3","v18142","3.5","3.8","","","","1"
"1997-09","Alberta","2016A000248","Propane","Cubic metres","72","thousands","3","v18138","4.4","711.9","","","","1"
"1997-09","Alberta","2016A000248","Butane","Cubic metres","72","thousands","3","v18143","4.5","358.0","","","","1"
"1997-09","Alberta","2016A000248","Ethane","Cubic metres","72","thousands","3","v18148","4.6","874.9","","","","1"
"1997-09","Alberta","2016A000248","Sulphur","Tonnes","288","units","0","v18153","4.7","592453","","","","0"
"1997-09","British Columbia","2016A000259","Propane","Cubic metres","72","thousands","3","v18139","5.4","39.7","","","","1"
"1997-09","British Columbia","2016A000259","Butane","Cubic metres","72","thousands","3","v18144","5.5","26.6","","","","1"
"1997-09","British Columbia","2016A000259","Ethane","Cubic metres","72","thousands","3","v18149","5.6","0.0","","","","1"
"1997-09","British Columbia","2016A000259","Sulphur","Tonnes","288","units","0","v18154","5.7","62800","","","","0"
"1997-10","Canada","2016A000011124","Propane","Cubic metres","72","thousands","3","v18135","1.4","881.9","","","","1"
"1997-10","Canada","2016A000011124","Butane","Cubic metres","72","thousands","3","v18140","1.5","490.8","","","","1"
"1997-10","Canada","2016A000011124","Ethane","Cubic metres","72","thousands","3","v18145","1.6","920.4","","","","1"
"1997-10","Canada","2016A000011124","Sulphur","Tonnes","288","units","0","v18150","1.7","699512","","","","0"
"1997-10","Canada","2016A000011124","Gas use (reprocessing), shrinkage","Cubic metres","72","millions","6","v18132","1.1","342.0","","","t","1"
"1997-10","Canada","2016A000011124","Gas use (reprocessing), flared","Cubic metres","72","millions","6","v18133","1.2","4.1","","","t","1"
"1997-10","Canada","2016A000011124","Gas use (reprocessing), plant fuel","Cubic metres","72","millions","6","v18134","1.3","28.2","","","t","1"
"1997-10","Saskatchewan","2016A000247","Propane","Cubic metres","72","thousands","3","v18137","3.4","4.7","","","","1"
"1997-10","Saskatchewan","2016A000247","Butane","Cubic metres","72","thousands","3","v18142","3.5","3.8","","","","1"
"1997-10","Alberta","2016A000248","Propane","Cubic metres","72","thousands","3","v18138","4.4","839.6","","","","1"
"1997-10","Alberta","2016A000248","Butane","Cubic metres","72","thousands","3","v18143","4.5","464.2","","","","1"
"1997-10","Alberta","2016A000248","Ethane","Cubic metres","72","thousands","3","v18148","4.6","920.4","","","","1"
"1997-10","Alberta","2016A000248","Sulphur","Tonnes","288","units","0","v18153","4.7","617022","","","","0"
"1997-10","British Columbia","2016A000259","Propane","Cubic metres","72","thousands","3","v18139","5.4","37.6","","","","1"
"1997-10","British Columbia","2016A000259","Butane","Cubic metres","72","thousands","3","v18144","5.5","22.8","","","","1"
"1997-10","British Columbia","2016A000259","Ethane","Cubic metres","72","thousands","3","v18149","5.6","0.0","","","","1"
"1997-10","British Columbia","2016A000259","Sulphur","Tonnes","288","units","0","v18154","5.7","82490","","","","0"
"1997-11","Canada","2016A000011124","Propane","Cubic metres","72","thousands","3","v18135","1.4","870.3","","","","1"
"1997-11","Canada","2016A000011124","Butane","Cubic metres","72","thousands","3","v18140","1.5","458.6","","","","1"
"1997-11","Canada","2016A000011124","Ethane","Cubic metres","72","thousands","3","v18145","1.6","971.0","","","","1"
"1997-11","Canada","2016A000011124","Sulphur","Tonnes","288","units","0","v18150","1.7","667558","","","","0"
"1997-11","Canada","2016A000011124","Gas use (reprocessing), shrinkage","Cubic metres","72","millions","6","v18132","1.1","347.4","","","t","1"
"1997-11","Canada","2016A000011124","Gas use (reprocessing), flared","Cubic metres","72","millions","6","v18133","1.2","4.2","","","t","1"
"1997-11","Canada","2016A000011124","Gas use (reprocessing), plant fuel","Cubic metres","72","millions","6","v18134","1.3","30.9","","","t","1"
"1997-11","Saskatchewan","2016A000247","Propane","Cubic metres","72","thousands","3","v18137","3.4","4.6","","","","1"
"1997-11","Saskatchewan","2016A000247","Butane","Cubic metres","72","thousands","3","v18142","3.5","3.7","","","","1"
"1997-11","Alberta","2016A000248","Propane","Cubic metres","72","thousands","3","v18138","4.4","832.4","","","","1"
"1997-11","Alberta","2016A000248","Butane","Cubic metres","72","thousands","3","v18143","4.5","430.2","","","","1"
"1997-11","Alberta","2016A000248","Ethane","Cubic metres","72","thousands","3","v18148","4.6","971.0","","","","1"
"1997-11","Alberta","2016A000248","Sulphur","Tonnes","288","units","0","v18153","4.7","591906","","","","0"
"1997-11","British Columbia","2016A000259","Propane","Cubic metres","72","thousands","3","v18139","5.4","33.3","","","","1"
"1997-11","British Columbia","2016A000259","Butane","Cubic metres","72","thousands","3","v18144","5.5","24.7","","","","1"
"1997-11","British Columbia","2016A000259","Ethane","Cubic metres","72","thousands","3","v18149","5.6","0.0","","","","1"
"1997-11","British Columbia","2016A000259","Sulphur","Tonnes","288","units","0","v18154","5.7","75652","","","","0"
"1997-12","Canada","2016A000011124","Propane","Cubic metres","72","thousands","3","v18135","1.4","988.9","","","","1"
"1997-12","Canada","2016A000011124","Butane","Cubic metres","72","thousands","3","v18140","1.5","549.1","","","","1"
"1997-12","Canada","2016A000011124","Ethane","Cubic metres","72","thousands","3","v18145","1.6","1001.3","","","","1"
"1997-12","Canada","2016A000011124","Sulphur","Tonnes","288","units","0","v18150","1.7","713067","","","","0"
"1997-12","Canada","2016A000011124","Gas use (reprocessing), shrinkage","Cubic metres","72","millions","6","v18132","1.1","358.6","","","t","1"
"1997-12","Canada","2016A000011124","Gas use (reprocessing), flared","Cubic metres","72","millions","6","v18133","1.2","5.7","","","t","1"
"1997-12","Canada","2016A000011124","Gas use (reprocessing), plant fuel","Cubic metres","72","millions","6","v18134","1.3","37.7","","","t","1"
"1997-12","Saskatchewan","2016A000247","Propane","Cubic metres","72","thousands","3","v18137","3.4","4.7","","","","1"
"1997-12","Saskatchewan","2016A000247","Butane","Cubic metres","72","thousands","3","v18142","3.5","3.8","","","","1"
"1997-12","Alberta","2016A000248","Propane","Cubic metres","72","thousands","3","v18138","4.4","945.6","","","","1"
"1997-12","Alberta","2016A000248","Butane","Cubic metres","72","thousands","3","v18143","4.5","513.3","","","","1"
"1997-12","Alberta","2016A000248","Ethane","Cubic metres","72","thousands","3","v18148","4.6","1001.3","","","","1"
"1997-12","Alberta","2016A000248","Sulphur","Tonnes","288","units","0","v18153","4.7","633699","","","","0"
"1997-12","British Columbia","2016A000259","Propane","Cubic metres","72","thousands","3","v18139","5.4","38.6","","","","1"
"1997-12","British Columbia","2016A000259","Butane","Cubic metres","72","thousands","3","v18144","5.5","32.0","","","","1"
"1997-12","British Columbia","2016A000259","Ethane","Cubic metres","72","thousands","3","v18149","5.6","0.0","","","","1"
"1997-12","British Columbia","2016A000259","Sulphur","Tonnes","288","units","0","v18154","5.7","79368","","","","0"
"1998-01","Canada","2016A000011124","Propane","Cubic metres","72","thousands","3","v18135","1.4","915.1","","","","1"
"1998-01","Canada","2016A000011124","Butane","Cubic metres","72","thousands","3","v18140","1.5","513.1","","","","1"
"1998-01","Canada","2016A000011124","Ethane","Cubic metres","72","thousands","3","v18145","1.6","897.6","","","","1"
"1998-01","Canada","2016A000011124","Sulphur","Tonnes","288","units","0","v18150","1.7","691566","","","","0"
"1998-01","Canada","2016A000011124","Gas use (reprocessing), shrinkage","Cubic metres","72","millions","6","v18132","1.1","332.5","","","t","1"
"1998-01","Canada","2016A000011124","Gas use (reprocessing), flared","Cubic metres","72","millions","6","v18133","1.2","6.4","","","t","1"
"1998-01","Canada","2016A000011124","Gas use (reprocessing), plant fuel","Cubic metres","72","millions","6","v18134","1.3","38.3","","","t","1"
"1998-01","Saskatchewan","2016A000247","Propane","Cubic metres","72","thousands","3","v18137","3.4","3.3","","","","1"
"1998-01","Saskatchewan","2016A000247","Butane","Cubic metres","72","thousands","3","v18142","3.5","1.7","","","","1"
"1998-01","Alberta","2016A000248","Propane","Cubic metres","72","thousands","3","v18138","4.4","870.8","","","","1"
"1998-01","Alberta","2016A000248","Butane","Cubic metres","72","thousands","3","v18143","4.5","484.6","","","","1"
"1998-01","Alberta","2016A000248","Ethane","Cubic metres","72","thousands","3","v18148","4.6","897.6","","","","1"
"1998-01","Alberta","2016A000248","Sulphur","Tonnes","288","units","0","v18153","4.7","613302","","","","0"
"1998-01","British Columbia","2016A000259","Propane","Cubic metres","72","thousands","3","v18139","5.4","41.0","","","","1"
"1998-01","British Columbia","2016A000259","Butane","Cubic metres","72","thousands","3","v18144","5.5","26.8","","","","1"
"1998-01","British Columbia","2016A000259","Ethane","Cubic metres","72","thousands","3","v18149","5.6","0.0","","","","1"
"1998-01","British Columbia","2016A000259","Sulphur","Tonnes","288","units","0","v18154","5.7","78264","","","","0"
"1998-02","Canada","2016A000011124","Propane","Cubic metres","72","thousands","3","v18135","1.4","873.4","","","","1"
"1998-02","Canada","2016A000011124","Butane","Cubic metres","72","thousands","3","v18140","1.5","459.5","","","","1"
"1998-02","Canada","2016A000011124","Ethane","Cubic metres","72","thousands","3","v18145","1.6","876.9","","","","1"
"1998-02","Canada","2016A000011124","Sulphur","Tonnes","288","units","0","v18150","1.7","647043","","","","0"
"1998-02","Canada","2016A000011124","Gas use (reprocessing), shrinkage","Cubic metres","72","millions","6","v18132","1.1","316.6","","","t","1"
"1998-02","Canada","2016A000011124","Gas use (reprocessing), flared","Cubic metres","72","millions","6","v18133","1.2","5.6","","","t","1"
"1998-02","Canada","2016A000011124","Gas use (reprocessing), plant fuel","Cubic metres","72","millions","6","v18134","1.3","28.4","","","t","1"
"1998-02","Saskatchewan","2016A000247","Propane","Cubic metres","72","thousands","3","v18137","3.4","3.1","","","","1"
"1998-02","Saskatchewan","2016A000247","Butane","Cubic metres","72","thousands","3","v18142","3.5","1.6","","","","1"
"1998-02","Alberta","2016A000248","Propane","Cubic metres","72","thousands","3","v18138","4.4","831.7","","","","1"
"1998-02","Alberta","2016A000248","Butane","Cubic metres","72","thousands","3","v18143","4.5","428.2","","","","1"
"1998-02","Alberta","2016A000248","Ethane","Cubic metres","72","thousands","3","v18148","4.6","876.9","","","","1"
"1998-02","Alberta","2016A000248","Sulphur","Tonnes","288","units","0","v18153","4.7","569229","","","","0"
"1998-02","British Columbia","2016A000259","Propane","Cubic metres","72","thousands","3","v18139","5.4","38.6","","","","1"
"1998-02","British Columbia","2016A000259","Butane","Cubic metres","72","thousands","3","v18144","5.5","29.7","","","","1"
"1998-02","British Columbia","2016A000259","Ethane","Cubic metres","72","thousands","3","v18149","5.6","0.0","","","","1"
"1998-02","British Columbia","2016A000259","Sulphur","Tonnes","288","units","0","v18154","5.7","77814","","","","0"
"1998-03","Canada","2016A000011124","Propane","Cubic metres","72","thousands","3","v18135","1.4","874.4","","","","1"
"1998-03","Canada","2016A000011124","Butane","Cubic metres","72","thousands","3","v18140","1.5","482.1","","","","1"
"1998-03","Canada","2016A000011124","Ethane","Cubic metres","72","thousands","3","v18145","1.6","1035.9","","","","1"
"1998-03","Canada","2016A000011124","Sulphur","Tonnes","288","units","0","v18150","1.7","719993","","","","0"
"1998-03","Canada","2016A000011124","Gas use (reprocessing), shrinkage","Cubic metres","72","millions","6","v18132","1.1","361.1","","","t","1"
"1998-03","Canada","2016A000011124","Gas use (reprocessing), flared","Cubic metres","72","millions","6","v18133","1.2","5.3","","","t","1"
"1998-03","Canada","2016A000011124","Gas use (reprocessing), plant fuel","Cubic metres","72","millions","6","v18134","1.3","33.3","","","t","1"
"1998-03","Saskatchewan","2016A000247","Propane","Cubic metres","72","thousands","3","v18137","3.4","3.3","","","","1"
"1998-03","Saskatchewan","2016A000247","Butane","Cubic metres","72","thousands","3","v18142","3.5","1.6","","","","1"
"1998-03","Alberta","2016A000248","Propane","Cubic metres","72","thousands","3","v18138","4.4","827.4","","","","1"
"1998-03","Alberta","2016A000248","Butane","Cubic metres","72","thousands","3","v18143","4.5","448.4","","","","1"
"1998-03","Alberta","2016A000248","Ethane","Cubic metres","72","thousands","3","v18148","4.6","1035.9","","","","1"
"1998-03","Alberta","2016A000248","Sulphur","Tonnes","288","units","0","v18153","4.7","636769","","","","0"
"1998-03","British Columbia","2016A000259","Propane","Cubic metres","72","thousands","3","v18139","5.4","43.7","","","","1"
"1998-03","British Columbia","2016A000259","Butane","Cubic metres","72","thousands","3","v18144","5.5","32.1","","","","1"
"1998-03","British Columbia","2016A000259","Ethane","Cubic metres","72","thousands","3","v18149","5.6","0.0","","","","1"
"1998-03","British Columbia","2016A000259","Sulphur","Tonnes","288","units","0","v18154","5.7","83224","","","","0"
"1998-04","Canada","2016A000011124","Propane","Cubic metres","72","thousands","3","v18135","1.4","811.5","","","","1"
"1998-04","Canada","2016A000011124","Butane","Cubic metres","72","thousands","3","v18140","1.5","442.1","","","","1"
"1998-04","Canada","2016A000011124","Ethane","Cubic metres","72","thousands","3","v18145","1.6","912.4","","","","1"
"1998-04","Canada","2016A000011124","Sulphur","Tonnes","288","units","0","v18150","1.7","662949","","","","0"
"1998-04","Canada","2016A000011124","Gas use (reprocessing), shrinkage","Cubic metres","72","millions","6","v18132","1.1","194.5","","","t","1"
"1998-04","Canada","2016A000011124","Gas use (reprocessing), flared","Cubic metres","72","millions","6","v18133","1.2","3.5","","","t","1"
"1998-04","Canada","2016A000011124","Gas use (reprocessing), plant fuel","Cubic metres","72","millions","6","v18134","1.3","18.3","","","t","1"
"1998-04","Saskatchewan","2016A000247","Propane","Cubic metres","72","thousands","3","v18137","3.4","3.3","","","","1"
"1998-04","Saskatchewan","2016A000247","Butane","Cubic metres","72","thousands","3","v18142","3.5","1.7","","","","1"
"1998-04","Alberta","2016A000248","Propane","Cubic metres","72","thousands","3","v18138","4.4","768.3","","","","1"
"1998-04","Alberta","2016A000248","Butane","Cubic metres","72","thousands","3","v18143","4.5","409.6","","","","1"
"1998-04","Alberta","2016A000248","Ethane","Cubic metres","72","thousands","3","v18148","4.6","912.4","","","","1"
"1998-04","Alberta","2016A000248","Sulphur","Tonnes","288","units","0","v18153","4.7","580169","","","","0"
"1998-04","British Columbia","2016A000259","Propane","Cubic metres","72","thousands","3","v18139","5.4","39.9","","","","1"
"1998-04","British Columbia","2016A000259","Butane","Cubic metres","72","thousands","3","v18144","5.5","30.8","","","","1"
"1998-04","British Columbia","2016A000259","Ethane","Cubic metres","72","thousands","3","v18149","5.6","0.0","","","","1"
"1998-04","British Columbia","2016A000259","Sulphur","Tonnes","288","units","0","v18154","5.7","82780","","","","0"
"1998-05","Canada","2016A000011124","Propane","Cubic metres","72","thousands","3","v18135","1.4","832.1","","","","1"
"1998-05","Canada","2016A000011124","Butane","Cubic metres","72","thousands","3","v18140","1.5","439.7","","","","1"
"1998-05","Canada","2016A000011124","Ethane","Cubic metres","72","thousands","3","v18145","1.6","826.9","","","","1"
"1998-05","Canada","2016A000011124","Sulphur","Tonnes","288","units","0","v18150","1.7","680404","","","","0"
"1998-05","Canada","2016A000011124","Gas use (reprocessing), shrinkage","Cubic metres","72","millions","6","v18132","1.1","208.5","","","t","1"
"1998-05","Canada","2016A000011124","Gas use (reprocessing), flared","Cubic metres","72","millions","6","v18133","1.2","0.2","","","t","1"
"1998-05","Canada","2016A000011124","Gas use (reprocessing), plant fuel","Cubic metres","72","millions","6","v18134","1.3","17.2","","","t","1"
"1998-05","Saskatchewan","2016A000247","Propane","Cubic metres","72","thousands","3","v18137","3.4","2.2","","","","1"
"1998-05","Saskatchewan","2016A000247","Butane","Cubic metres","72","thousands","3","v18142","3.5","1.2","","","","1"
"1998-05","Alberta","2016A000248","Propane","Cubic metres","72","thousands","3","v18138","4.4","804.8","","","","1"
"1998-05","Alberta","2016A000248","Butane","Cubic metres","72","thousands","3","v18143","4.5","415.0","","","","1"
"1998-05","Alberta","2016A000248","Ethane","Cubic metres","72","thousands","3","v18148","4.6","826.9","","","","1"
"1998-05","Alberta","2016A000248","Sulphur","Tonnes","288","units","0","v18153","4.7","600879","","","","0"
"1998-05","British Columbia","2016A000259","Propane","Cubic metres","72","thousands","3","v18139","5.4","25.1","","","","1"
"1998-05","British Columbia","2016A000259","Butane","Cubic metres","72","thousands","3","v18144","5.5","23.5","","","","1"
"1998-05","British Columbia","2016A000259","Ethane","Cubic metres","72","thousands","3","v18149","5.6","0.0","","","","1"
"1998-05","British Columbia","2016A000259","Sulphur","Tonnes","288","units","0","v18154","5.7","79525","","","","0"
"1998-06","Canada","2016A000011124","Propane","Cubic metres","72","thousands","3","v18135","1.4","813.8","","","","1"
"1998-06","Canada","2016A000011124","Butane","Cubic metres","72","thousands","3","v18140","1.5","418.3","","","","1"
"1998-06","Canada","2016A000011124","Ethane","Cubic metres","72","thousands","3","v18145","1.6","705.8","","","","1"
"1998-06","Canada","2016A000011124","Sulphur","Tonnes","288","units","0","v18150","1.7","568050","","","","0"
"1998-06","Canada","2016A000011124","Gas use (reprocessing), shrinkage","Cubic metres","72","millions","6","v18132","1.1","184.2","","","t","1"
"1998-06","Canada","2016A000011124","Gas use (reprocessing), flared","Cubic metres","72","millions","6","v18133","1.2","0.1","","","t","1"
"1998-06","Canada","2016A000011124","Gas use (reprocessing), plant fuel","Cubic metres","72","millions","6","v18134","1.3","14.7","","","t","1"
"1998-06","Saskatchewan","2016A000247","Propane","Cubic metres","72","thousands","3","v18137","3.4","3.0","","","","1"
"1998-06","Saskatchewan","2016A000247","Butane","Cubic metres","72","thousands","3","v18142","3.5","1.7","","","","1"
"1998-06","Alberta","2016A000248","Propane","Cubic metres","72","thousands","3","v18138","4.4","789.8","","","","1"
"1998-06","Alberta","2016A000248","Butane","Cubic metres","72","thousands","3","v18143","4.5","394.0","","","","1"
"1998-06","Alberta","2016A000248","Ethane","Cubic metres","72","thousands","3","v18148","4.6","705.8","","","","1"
"1998-06","Alberta","2016A000248","Sulphur","Tonnes","288","units","0","v18153","4.7","501210","","","","0"
"1998-06","British Columbia","2016A000259","Propane","Cubic metres","72","thousands","3","v18139","5.4","21.0","","","","1"
"1998-06","British Columbia","2016A000259","Butane","Cubic metres","72","thousands","3","v18144","5.5","22.6","","","","1"
"1998-06","British Columbia","2016A000259","Ethane","Cubic metres","72","thousands","3","v18149","5.6","0.0","","","","1"
"1998-06","British Columbia","2016A000259","Sulphur","Tonnes","288","units","0","v18154","5.7","66840","","","","0"
"1998-07","Canada","2016A000011124","Propane","Cubic metres","72","thousands","3","v18135","1.4","858.4","","","","1"
"1998-07","Canada","2016A000011124","Butane","Cubic metres","72","thousands","3","v18140","1.5","445.6","","","","1"
"1998-07","Canada","2016A000011124","Ethane","Cubic metres","72","thousands","3","v18145","1.6","879.6","","","","1"
"1998-07","Canada","2016A000011124","Sulphur","Tonnes","288","units","0","v18150","1.7","711818","","","","0"
"1998-07","Canada","2016A000011124","Gas use (reprocessing), shrinkage","Cubic metres","72","millions","6","v18132","1.1","275.7","","","t","1"
"1998-07","Canada","2016A000011124","Gas use (reprocessing), flared","Cubic metres","72","millions","6","v18133","1.2","0.1","","","t","1"
"1998-07","Canada","2016A000011124","Gas use (reprocessing), plant fuel","Cubic metres","72","millions","6","v18134","1.3","16.9","","","t","1"
"1998-07","Saskatchewan","2016A000247","Propane","Cubic metres","72","thousands","3","v18137","3.4","3.0","","","","1"
"1998-07","Saskatchewan","2016A000247","Butane","Cubic metres","72","thousands","3","v18142","3.5","1.9","","","","1"
"1998-07","Alberta","2016A000248","Propane","Cubic metres","72","thousands","3","v18138","4.4","819.9","","","","1"
"1998-07","Alberta","2016A000248","Butane","Cubic metres","72","thousands","3","v18143","4.5","416.6","","","","1"
"1998-07","Alberta","2016A000248","Ethane","Cubic metres","72","thousands","3","v18148","4.6","879.6","","","","1"
"1998-07","Alberta","2016A000248","Sulphur","Tonnes","288","units","0","v18153","4.7","646087","","","","0"
"1998-07","British Columbia","2016A000259","Propane","Cubic metres","72","thousands","3","v18139","5.4","35.5","","","","1"
"1998-07","British Columbia","2016A000259","Butane","Cubic metres","72","thousands","3","v18144","5.5","27.1","","","","1"
"1998-07","British Columbia","2016A000259","Ethane","Cubic metres","72","thousands","3","v18149","5.6","0.0","","","","1"
"1998-07","British Columbia","2016A000259","Sulphur","Tonnes","288","units","0","v18154","5.7","65731","","","","0"
"1998-08","Canada","2016A000011124","Propane","Cubic metres","72","thousands","3","v18135","1.4","876.9","","","","1"
"1998-08","Canada","2016A000011124","Butane","Cubic metres","72","thousands","3","v18140","1.5","452.9","","","","1"
"1998-08","Canada","2016A000011124","Ethane","Cubic metres","72","thousands","3","v18145","1.6","895.9","","","","1"
"1998-08","Canada","2016A000011124","Sulphur","Tonnes","288","units","0","v18150","1.7","687297","","","","0"
"1998-08","Canada","2016A000011124","Gas use (reprocessing), shrinkage","Cubic metres","72","millions","6","v18132","1.1","341.9","","","t","1"
"1998-08","Canada","2016A000011124","Gas use (reprocessing), flared","Cubic metres","72","millions","6","v18133","1.2","4.5","","","t","1"
"1998-08","Canada","2016A000011124","Gas use (reprocessing), plant fuel","Cubic metres","72","millions","6","v18134","1.3","29.2","","","t","1"
"1998-08","Saskatchewan","2016A000247","Propane","Cubic metres","72","thousands","3","v18137","3.4","3.3","","","","1"
"1998-08","Saskatchewan","2016A000247","Butane","Cubic metres","72","thousands","3","v18142","3.5","1.8","","","","1"
"1998-08","Alberta","2016A000248","Propane","Cubic metres","72","thousands","3","v18138","4.4","839.9","","","","1"
"1998-08","Alberta","2016A000248","Butane","Cubic metres","72","thousands","3","v18143","4.5","422.2","","","","1"
"1998-08","Alberta","2016A000248","Ethane","Cubic metres","72","thousands","3","v18148","4.6","890.3","","","","1"
"1998-08","Alberta","2016A000248","Sulphur","Tonnes","288","units","0","v18153","4.7","606992","","","","0"
"1998-08","British Columbia","2016A000259","Propane","Cubic metres","72","thousands","3","v18139","5.4","33.7","","","","1"
"1998-08","British Columbia","2016A000259","Butane","Cubic metres","72","thousands","3","v18144","5.5","28.9","","","","1"
"1998-08","British Columbia","2016A000259","Ethane","Cubic metres","72","thousands","3","v18149","5.6","5.6","","","","1"
"1998-08","British Columbia","2016A000259","Sulphur","Tonnes","288","units","0","v18154","5.7","80305","","","","0"
"1998-09","Canada","2016A000011124","Propane","Cubic metres","72","thousands","3","v18135","1.4","773.1","","","","1"
"1998-09","Canada","2016A000011124","Butane","Cubic metres","72","thousands","3","v18140","1.5","402.1","","","","1"
"1998-09","Canada","2016A000011124","Ethane","Cubic metres","72","thousands","3","v18145","1.6","907.1","","","","1"
"1998-09","Canada","2016A000011124","Sulphur","Tonnes","288","units","0","v18150","1.7","693235","","","","0"
"1998-09","Canada","2016A000011124","Gas use (reprocessing), shrinkage","Cubic metres","72","millions","6","v18132","1.1","261.3","","","t","1"
"1998-09","Canada","2016A000011124","Gas use (reprocessing), flared","Cubic metres","72","millions","6","v18133","1.2","0.1","","","t","1"
"1998-09","Canada","2016A000011124","Gas use (reprocessing), plant fuel","Cubic metres","72","millions","6","v18134","1.3","9.4","","","t","1"
"1998-09","Saskatchewan","2016A000247","Propane","Cubic metres","72","thousands","3","v18137","3.4","3.0","","","","1"
"1998-09","Saskatchewan","2016A000247","Butane","Cubic metres","72","thousands","3","v18142","3.5","1.7","","","","1"
"1998-09","Alberta","2016A000248","Propane","Cubic metres","72","thousands","3","v18138","4.4","735.6","","","","1"
"1998-09","Alberta","2016A000248","Butane","Cubic metres","72","thousands","3","v18143","4.5","369.9","","","","1"
"1998-09","Alberta","2016A000248","Ethane","Cubic metres","72","thousands","3","v18148","4.6","874.9","","","","1"
"1998-09","Alberta","2016A000248","Sulphur","Tonnes","288","units","0","v18153","4.7","611908","","","","0"
"1998-09","British Columbia","2016A000259","Propane","Cubic metres","72","thousands","3","v18139","5.4","34.5","","","","1"
"1998-09","British Columbia","2016A000259","Butane","Cubic metres","72","thousands","3","v18144","5.5","30.5","","","","1"
"1998-09","British Columbia","2016A000259","Ethane","Cubic metres","72","thousands","3","v18149","5.6","32.2","","","","1"
"1998-09","British Columbia","2016A000259","Sulphur","Tonnes","288","units","0","v18154","5.7","81327","","","","0"
"1998-10","Canada","2016A000011124","Propane","Cubic metres","72","thousands","3","v18135","1.4","882.7","","","","1"
"1998-10","Canada","2016A000011124","Butane","Cubic metres","72","thousands","3","v18140","1.5","495.1","","","","1"
"1998-10","Canada","2016A000011124","Ethane","Cubic metres","72","thousands","3","v18145","1.6","1010.2","","","","1"
"1998-10","Canada","2016A000011124","Sulphur","Tonnes","288","units","0","v18150","1.7","700494","","","","0"
"1998-10","Canada","2016A000011124","Gas use (reprocessing), shrinkage","Cubic metres","72","millions","6","v18132","1.1","266.4","","","t","1"
"1998-10","Canada","2016A000011124","Gas use (reprocessing), flared","Cubic metres","72","millions","6","v18133","1.2","0.0","","","t","1"
"1998-10","Canada","2016A000011124","Gas use (reprocessing), plant fuel","Cubic metres","72","millions","6","v18134","1.3","14.0","","","t","1"
"1998-10","Saskatchewan","2016A000247","Propane","Cubic metres","72","thousands","3","v18137","3.4","2.9","","","","1"
"1998-10","Saskatchewan","2016A000247","Butane","Cubic metres","72","thousands","3","v18142","3.5","1.4","","","","1"
"1998-10","Alberta","2016A000248","Propane","Cubic metres","72","thousands","3","v18138","4.4","838.6","","","","1"
"1998-10","Alberta","2016A000248","Butane","Cubic metres","72","thousands","3","v18143","4.5","463.6","","","","1"
"1998-10","Alberta","2016A000248","Ethane","Cubic metres","72","thousands","3","v18148","4.6","975.5","","","","1"
"1998-10","Alberta","2016A000248","Sulphur","Tonnes","288","units","0","v18153","4.7","616286","","","","0"
"1998-10","British Columbia","2016A000259","Propane","Cubic metres","72","thousands","3","v18139","5.4","41.2","","","","1"
"1998-10","British Columbia","2016A000259","Butane","Cubic metres","72","thousands","3","v18144","5.5","30.1","","","","1"
"1998-10","British Columbia","2016A000259","Ethane","Cubic metres","72","thousands","3","v18149","5.6","34.7","","","","1"
"1998-10","British Columbia","2016A000259","Sulphur","Tonnes","288","units","0","v18154","5.7","84208","","","","0"
"1998-11","Canada","2016A000011124","Propane","Cubic metres","72","thousands","3","v18135","1.4","895.1","","","","1"
"1998-11","Canada","2016A000011124","Butane","Cubic metres","72","thousands","3","v18140","1.5","468.6","","","","1"
"1998-11","Canada","2016A000011124","Ethane","Cubic metres","72","thousands","3","v18145","1.6","969.8","","","","1"
"1998-11","Canada","2016A000011124","Sulphur","Tonnes","288","units","0","v18150","1.7","684150","","","","0"
"1998-11","Canada","2016A000011124","Gas use (reprocessing), shrinkage","Cubic metres","72","millions","6","v18132","1.1","247.4","","","t","1"
"1998-11","Canada","2016A000011124","Gas use (reprocessing), flared","Cubic metres","72","millions","6","v18133","1.2","4.1","","","t","1"
"1998-11","Canada","2016A000011124","Gas use (reprocessing), plant fuel","Cubic metres","72","millions","6","v18134","1.3","27.2","","","t","1"
"1998-11","Saskatchewan","2016A000247","Propane","Cubic metres","72","thousands","3","v18137","3.4","3.3","","","","1"
"1998-11","Saskatchewan","2016A000247","Butane","Cubic metres","72","thousands","3","v18142","3.5","1.6","","","","1"
"1998-11","Alberta","2016A000248","Propane","Cubic metres","72","thousands","3","v18138","4.4","846.6","","","","1"
"1998-11","Alberta","2016A000248","Butane","Cubic metres","72","thousands","3","v18143","4.5","437.5","","","","1"
"1998-11","Alberta","2016A000248","Ethane","Cubic metres","72","thousands","3","v18148","4.6","938.6","","","","1"
"1998-11","Alberta","2016A000248","Sulphur","Tonnes","288","units","0","v18153","4.7","602017","","","","0"
"1998-11","British Columbia","2016A000259","Propane","Cubic metres","72","thousands","3","v18139","5.4","45.2","","","","1"
"1998-11","British Columbia","2016A000259","Butane","Cubic metres","72","thousands","3","v18144","5.5","29.5","","","","1"
"1998-11","British Columbia","2016A000259","Ethane","Cubic metres","72","thousands","3","v18149","5.6","31.2","","","","1"
"1998-11","British Columbia","2016A000259","Sulphur","Tonnes","288","units","0","v18154","5.7","82133","","","","0"
"1998-12","Canada","2016A000011124","Propane","Cubic metres","72","thousands","3","v18135","1.4","1011.1","","","","1"
"1998-12","Canada","2016A000011124","Butane","Cubic metres","72","thousands","3","v18140","1.5","554.0","","","","1"
"1998-12","Canada","2016A000011124","Ethane","Cubic metres","72","thousands","3","v18145","1.6","806.2","","","","1"
"1998-12","Canada","2016A000011124","Sulphur","Tonnes","288","units","0","v18150","1.7","724952","","","","0"
"1998-12","Canada","2016A000011124","Gas use (reprocessing), shrinkage","Cubic metres","72","millions","6","v18132","1.1","239.7","","","t","1"
"1998-12","Canada","2016A000011124","Gas use (reprocessing), flared","Cubic metres","72","millions","6","v18133","1.2","5.1","","","t","1"
"1998-12","Canada","2016A000011124","Gas use (reprocessing), plant fuel","Cubic metres","72","millions","6","v18134","1.3","32.1","","","t","1"
"1998-12","Saskatchewan","2016A000247","Propane","Cubic metres","72","thousands","3","v18137","3.4","3.4","","","","1"
"1998-12","Saskatchewan","2016A000247","Butane","Cubic metres","72","thousands","3","v18142","3.5","1.6","","","","1"
"1998-12","Alberta","2016A000248","Propane","Cubic metres","72","thousands","3","v18138","4.4","963.8","","","","1"
"1998-12","Alberta","2016A000248","Butane","Cubic metres","72","thousands","3","v18143","4.5","523.2","","","","1"
"1998-12","Alberta","2016A000248","Ethane","Cubic metres","72","thousands","3","v18148","4.6","773.0","","","","1"
"1998-12","Alberta","2016A000248","Sulphur","Tonnes","288","units","0","v18153","4.7","645915","","","","0"
"1998-12","British Columbia","2016A000259","Propane","Cubic metres","72","thousands","3","v18139","5.4","43.9","","","","1"
"1998-12","British Columbia","2016A000259","Butane","Cubic metres","72","thousands","3","v18144","5.5","29.2","","","","1"
"1998-12","British Columbia","2016A000259","Ethane","Cubic metres","72","thousands","3","v18149","5.6","33.2","","","","1"
"1998-12","British Columbia","2016A000259","Sulphur","Tonnes","288","units","0","v18154","5.7","79037","","","","0"
"1999-01","Canada","2016A000011124","Propane","Cubic metres","72","thousands","3","v18135","1.4","957.3","","","","1"
"1999-01","Canada","2016A000011124","Butane","Cubic metres","72","thousands","3","v18140","1.5","564.8","","","","1"
"1999-01","Canada","2016A000011124","Ethane","Cubic metres","72","thousands","3","v18145","1.6","892.9","","","","1"
"1999-01","Canada","2016A000011124","Sulphur","Tonnes","288","units","0","v18150","1.7","693351","","","","0"
"1999-01","Canada","2016A000011124","Gas use (reprocessing), shrinkage","Cubic metres","72","millions","6","v18132","1.1","254.9","","","t","1"
"1999-01","Canada","2016A000011124","Gas use (reprocessing), flared","Cubic metres","72","millions","6","v18133","1.2","0.0","","","t","1"
"1999-01","Canada","2016A000011124","Gas use (reprocessing), plant fuel","Cubic metres","72","millions","6","v18134","1.3","29.3","","","t","1"
"1999-01","Saskatchewan","2016A000247","Propane","Cubic metres","72","thousands","3","v18137","3.4","3.6","","","","1"
"1999-01","Saskatchewan","2016A000247","Butane","Cubic metres","72","thousands","3","v18142","3.5","1.6","","","","1"
"1999-01","Alberta","2016A000248","Propane","Cubic metres","72","thousands","3","v18138","4.4","919.5","","","","1"
"1999-01","Alberta","2016A000248","Butane","Cubic metres","72","thousands","3","v18143","4.5","538.1","","","","1"
"1999-01","Alberta","2016A000248","Ethane","Cubic metres","72","thousands","3","v18148","4.6","873.6","","","","1"
"1999-01","Alberta","2016A000248","Sulphur","Tonnes","288","units","0","v18153","4.7","612531","","","","0"
"1999-01","British Columbia","2016A000259","Propane","Cubic metres","72","thousands","3","v18139","5.4","34.2","","","","1"
"1999-01","British Columbia","2016A000259","Butane","Cubic metres","72","thousands","3","v18144","5.5","25.1","","","","1"
"1999-01","British Columbia","2016A000259","Ethane","Cubic metres","72","thousands","3","v18149","5.6","19.3","","","","1"
"1999-01","British Columbia","2016A000259","Sulphur","Tonnes","288","units","0","v18154","5.7","80820","","","","0"
"1999-02","Canada","2016A000011124","Propane","Cubic metres","72","thousands","3","v18135","1.4","806.4","","","","1"
"1999-02","Canada","2016A000011124","Butane","Cubic metres","72","thousands","3","v18140","1.5","436.9","","","","1"
"1999-02","Canada","2016A000011124","Ethane","Cubic metres","72","thousands","3","v18145","1.6","930.2","","","","1"
"1999-02","Canada","2016A000011124","Sulphur","Tonnes","288","units","0","v18150","1.7","636479","","","","0"
"1999-02","Canada","2016A000011124","Gas use (reprocessing), shrinkage","Cubic metres","72","millions","6","v18132","1.1","264.9","","","t","1"
"1999-02","Canada","2016A000011124","Gas use (reprocessing), flared","Cubic metres","72","millions","6","v18133","1.2","0.1","","","t","1"
"1999-02","Canada","2016A000011124","Gas use (reprocessing), plant fuel","Cubic metres","72","millions","6","v18134","1.3","27.2","","","t","1"
"1999-02","Saskatchewan","2016A000247","Propane","Cubic metres","72","thousands","3","v18137","3.4","3.5","","","","1"
"1999-02","Saskatchewan","2016A000247","Butane","Cubic metres","72","thousands","3","v18142","3.5","1.5","","","","1"
"1999-02","Alberta","2016A000248","Propane","Cubic metres","72","thousands","3","v18138","4.4","771.9","","","","1"
"1999-02","Alberta","2016A000248","Butane","Cubic metres","72","thousands","3","v18143","4.5","413.5","","","","1"
"1999-02","Alberta","2016A000248","Ethane","Cubic metres","72","thousands","3","v18148","4.6","930.2","","","","1"
"1999-02","Alberta","2016A000248","Sulphur","Tonnes","288","units","0","v18153","4.7","564840","","","","0"
"1999-02","British Columbia","2016A000259","Propane","Cubic metres","72","thousands","3","v18139","5.4","31.0","","","","1"
"1999-02","British Columbia","2016A000259","Butane","Cubic metres","72","thousands","3","v18144","5.5","21.9","","","","1"
"1999-02","British Columbia","2016A000259","Ethane","Cubic metres","72","thousands","3","v18149","5.6","0.0","","","","1"
"1999-02","British Columbia","2016A000259","Sulphur","Tonnes","288","units","0","v18154","5.7","71639","","","","0"
"1999-03","Canada","2016A000011124","Propane","Cubic metres","72","thousands","3","v18135","1.4","818.8","","","","1"
"1999-03","Canada","2016A000011124","Butane","Cubic metres","72","thousands","3","v18140","1.5","453.1","","","","1"
"1999-03","Canada","2016A000011124","Ethane","Cubic metres","72","thousands","3","v18145","1.6","1049.3","","","","1"
"1999-03","Canada","2016A000011124","Sulphur","Tonnes","288","units","0","v18150","1.7","711439","","","","0"
"1999-03","Canada","2016A000011124","Gas use (reprocessing), shrinkage","Cubic metres","72","millions","6","v18132","1.1","291.7","","","t","1"
"1999-03","Canada","2016A000011124","Gas use (reprocessing), flared","Cubic metres","72","millions","6","v18133","1.2","0.2","","","t","1"
"1999-03","Canada","2016A000011124","Gas use (reprocessing), plant fuel","Cubic metres","72","millions","6","v18134","1.3","29.8","","","t","1"
"1999-03","Saskatchewan","2016A000247","Propane","Cubic metres","72","thousands","3","v18137","3.4","3.9","","","","1"
"1999-03","Saskatchewan","2016A000247","Butane","Cubic metres","72","thousands","3","v18142","3.5","1.7","","","","1"
"1999-03","Alberta","2016A000248","Propane","Cubic metres","72","thousands","3","v18138","4.4","801.5","","","","1"
"1999-03","Alberta","2016A000248","Butane","Cubic metres","72","thousands","3","v18143","4.5","433.6","","","","1"
"1999-03","Alberta","2016A000248","Ethane","Cubic metres","72","thousands","3","v18148","4.6","1049.3","","","","1"
"1999-03","Alberta","2016A000248","Sulphur","Tonnes","288","units","0","v18153","4.7","626319","","","","0"
"1999-03","British Columbia","2016A000259","Propane","Cubic metres","72","thousands","3","v18139","5.4","13.4","","","","1"
"1999-03","British Columbia","2016A000259","Butane","Cubic metres","72","thousands","3","v18144","5.5","17.8","","","","1"
"1999-03","British Columbia","2016A000259","Ethane","Cubic metres","72","thousands","3","v18149","5.6","0.0","","","","1"
"1999-03","British Columbia","2016A000259","Sulphur","Tonnes","288","units","0","v18154","5.7","85120","","","","0"
"1999-04","Canada","2016A000011124","Propane","Cubic metres","72","thousands","3","v18135","1.4","796.5","","","","1"
"1999-04","Canada","2016A000011124","Butane","Cubic metres","72","thousands","3","v18140","1.5","416.6","","","","1"
"1999-04","Canada","2016A000011124","Ethane","Cubic metres","72","thousands","3","v18145","1.6","1092.1","","","","1"
"1999-04","Canada","2016A000011124","Sulphur","Tonnes","288","units","0","v18150","1.7","661883","","","","0"
"1999-04","Canada","2016A000011124","Gas use (reprocessing), shrinkage","Cubic metres","72","millions","6","v18132","1.1","281.1","","","t","1"
"1999-04","Canada","2016A000011124","Gas use (reprocessing), flared","Cubic metres","72","millions","6","v18133","1.2","0.1","","","t","1"
"1999-04","Canada","2016A000011124","Gas use (reprocessing), plant fuel","Cubic metres","72","millions","6","v18134","1.3","24.9","","","t","1"
"1999-04","Saskatchewan","2016A000247","Propane","Cubic metres","72","thousands","3","v18137","3.4","3.6","","","","1"
"1999-04","Saskatchewan","2016A000247","Butane","Cubic metres","72","thousands","3","v18142","3.5","1.6","","","","1"
"1999-04","Alberta","2016A000248","Propane","Cubic metres","72","thousands","3","v18138","4.4","780.8","","","","1"
"1999-04","Alberta","2016A000248","Butane","Cubic metres","72","thousands","3","v18143","4.5","396.0","","","","1"
"1999-04","Alberta","2016A000248","Ethane","Cubic metres","72","thousands","3","v18148","4.6","1092.1","","","","1"
"1999-04","Alberta","2016A000248","Sulphur","Tonnes","288","units","0","v18153","4.7","584108","","","","0"
"1999-04","British Columbia","2016A000259","Propane","Cubic metres","72","thousands","3","v18139","5.4","12.1","","","","1"
"1999-04","British Columbia","2016A000259","Butane","Cubic metres","72","thousands","3","v18144","5.5","19.0","","","","1"
"1999-04","British Columbia","2016A000259","Ethane","Cubic metres","72","thousands","3","v18149","5.6","0.0","","","","1"
"1999-04","British Columbia","2016A000259","Sulphur","Tonnes","288","units","0","v18154","5.7","77775","","","","0"
"1999-05","Canada","2016A000011124","Propane","Cubic metres","72","thousands","3","v18135","1.4","878.4","","","","1"
"1999-05","Canada","2016A000011124","Butane","Cubic metres","72","thousands","3","v18140","1.5","467.2","","","","1"
"1999-05","Canada","2016A000011124","Ethane","Cubic metres","72","thousands","3","v18145","1.6","1158.6","","","","1"
"1999-05","Canada","2016A000011124","Sulphur","Tonnes","288","units","0","v18150","1.7","704391","","","","0"
"1999-05","Canada","2016A000011124","Gas use (reprocessing), shrinkage","Cubic metres","72","millions","6","v18132","1.1","332.6","","","t","1"
"1999-05","Canada","2016A000011124","Gas use (reprocessing), flared","Cubic metres","72","millions","6","v18133","1.2","7.2","","","t","1"
"1999-05","Canada","2016A000011124","Gas use (reprocessing), plant fuel","Cubic metres","72","millions","6","v18134","1.3","41.8","","","t","1"
"1999-05","Saskatchewan","2016A000247","Propane","Cubic metres","72","thousands","3","v18137","3.4","2.8","","","","1"
"1999-05","Saskatchewan","2016A000247","Butane","Cubic metres","72","thousands","3","v18142","3.5","1.2","","","","1"
"1999-05","Alberta","2016A000248","Propane","Cubic metres","72","thousands","3","v18138","4.4","857.9","","","","1"
"1999-05","Alberta","2016A000248","Butane","Cubic metres","72","thousands","3","v18143","4.5","443.9","","","","1"
"1999-05","Alberta","2016A000248","Ethane","Cubic metres","72","thousands","3","v18148","4.6","1158.6","","","","1"
"1999-05","Alberta","2016A000248","Sulphur","Tonnes","288","units","0","v18153","4.7","627270","","","","0"
"1999-05","British Columbia","2016A000259","Propane","Cubic metres","72","thousands","3","v18139","5.4","17.7","","","","1"
"1999-05","British Columbia","2016A000259","Butane","Cubic metres","72","thousands","3","v18144","5.5","22.1","","","","1"
"1999-05","British Columbia","2016A000259","Ethane","Cubic metres","72","thousands","3","v18149","5.6","0.0","","","","1"
"1999-05","British Columbia","2016A000259","Sulphur","Tonnes","288","units","0","v18154","5.7","77121","","","","0"
"1999-06","Canada","2016A000011124","Propane","Cubic metres","72","thousands","3","v18135","1.4","820.5","","","","1"
"1999-06","Canada","2016A000011124","Butane","Cubic metres","72","thousands","3","v18140","1.5","423.7","","","","1"
"1999-06","Canada","2016A000011124","Ethane","Cubic metres","72","thousands","3","v18145","1.6","1062.5","","","","1"
"1999-06","Canada","2016A000011124","Sulphur","Tonnes","288","units","0","v18150","1.7","581414","","","","0"
"1999-06","Canada","2016A000011124","Gas use (reprocessing), shrinkage","Cubic metres","72","millions","6","v18132","1.1","309.7","","","t","1"
"1999-06","Canada","2016A000011124","Gas use (reprocessing), flared","Cubic metres","72","millions","6","v18133","1.2","4.7","","","t","1"
"1999-06","Canada","2016A000011124","Gas use (reprocessing), plant fuel","Cubic metres","72","millions","6","v18134","1.3","38.7","","","t","1"
"1999-06","Saskatchewan","2016A000247","Propane","Cubic metres","72","thousands","3","v18137","3.4","3.6","","","","1"
"1999-06","Saskatchewan","2016A000247","Butane","Cubic metres","72","thousands","3","v18142","3.5","1.5","","","","1"
"1999-06","Alberta","2016A000248","Propane","Cubic metres","72","thousands","3","v18138","4.4","798.8","","","","1"
"1999-06","Alberta","2016A000248","Butane","Cubic metres","72","thousands","3","v18143","4.5","398.6","","","","1"
"1999-06","Alberta","2016A000248","Ethane","Cubic metres","72","thousands","3","v18148","4.6","1062.5","","","","1"
"1999-06","Alberta","2016A000248","Sulphur","Tonnes","288","units","0","v18153","4.7","506382","","","","0"
"1999-06","British Columbia","2016A000259","Propane","Cubic metres","72","thousands","3","v18139","5.4","18.1","","","","1"
"1999-06","British Columbia","2016A000259","Butane","Cubic metres","72","thousands","3","v18144","5.5","23.6","","","","1"
"1999-06","British Columbia","2016A000259","Ethane","Cubic metres","72","thousands","3","v18149","5.6","0.0","","","","1"
"1999-06","British Columbia","2016A000259","Sulphur","Tonnes","288","units","0","v18154","5.7","75032","","","","0"
"1999-07","Canada","2016A000011124","Propane","Cubic metres","72","thousands","3","v18135","1.4","786.5","","","","1"
"1999-07","Canada","2016A000011124","Butane","Cubic metres","72","thousands","3","v18140","1.5","424.7","","","","1"
"1999-07","Canada","2016A000011124","Ethane","Cubic metres","72","thousands","3","v18145","1.6","1191.3","","","","1"
"1999-07","Canada","2016A000011124","Sulphur","Tonnes","288","units","0","v18150","1.7","726853","","","","0"
"1999-07","Canada","2016A000011124","Gas use (reprocessing), shrinkage","Cubic metres","72","millions","6","v18132","1.1","360.9","","","t","1"
"1999-07","Canada","2016A000011124","Gas use (reprocessing), flared","Cubic metres","72","millions","6","v18133","1.2","5.0","","","t","1"
"1999-07","Canada","2016A000011124","Gas use (reprocessing), plant fuel","Cubic metres","72","millions","6","v18134","1.3","40.1","","","t","1"
"1999-07","Saskatchewan","2016A000247","Propane","Cubic metres","72","thousands","3","v18137","3.4","3.6","","","","1"
"1999-07","Saskatchewan","2016A000247","Butane","Cubic metres","72","thousands","3","v18142","3.5","1.7","","","","1"
"1999-07","Alberta","2016A000248","Propane","Cubic metres","72","thousands","3","v18138","4.4","765.3","","","","1"
"1999-07","Alberta","2016A000248","Butane","Cubic metres","72","thousands","3","v18143","4.5","401.8","","","","1"
"1999-07","Alberta","2016A000248","Ethane","Cubic metres","72","thousands","3","v18148","4.6","1191.3","","","","1"
"1999-07","Alberta","2016A000248","Sulphur","Tonnes","288","units","0","v18153","4.7","650294","","","","0"
"1999-07","British Columbia","2016A000259","Propane","Cubic metres","72","thousands","3","v18139","5.4","17.6","","","","1"
"1999-07","British Columbia","2016A000259","Butane","Cubic metres","72","thousands","3","v18144","5.5","21.2","","","","1"
"1999-07","British Columbia","2016A000259","Ethane","Cubic metres","72","thousands","3","v18149","5.6","0.0","","","","1"
"1999-07","British Columbia","2016A000259","Sulphur","Tonnes","288","units","0","v18154","5.7","76559","","","","0"
"1999-08","Canada","2016A000011124","Propane","Cubic metres","72","thousands","3","v18135","1.4","832.7","","","","1"
"1999-08","Canada","2016A000011124","Butane","Cubic metres","72","thousands","3","v18140","1.5","457.6","","","","1"
"1999-08","Canada","2016A000011124","Ethane","Cubic metres","72","thousands","3","v18145","1.6","1184.0","","","","1"
"1999-08","Canada","2016A000011124","Sulphur","Tonnes","288","units","0","v18150","1.7","700472","","","","0"
"1999-08","Canada","2016A000011124","Gas use (reprocessing), shrinkage","Cubic metres","72","millions","6","v18132","1.1","353.0","","","t","1"
"1999-08","Canada","2016A000011124","Gas use (reprocessing), flared","Cubic metres","72","millions","6","v18133","1.2","23.2","","","t","1"
"1999-08","Canada","2016A000011124","Gas use (reprocessing), plant fuel","Cubic metres","72","millions","6","v18134","1.3","22.4","","","t","1"
"1999-08","Saskatchewan","2016A000247","Propane","Cubic metres","72","thousands","3","v18137","3.4","3.4","","","","1"
"1999-08","Saskatchewan","2016A000247","Butane","Cubic metres","72","thousands","3","v18142","3.5","1.6","","","","1"
"1999-08","Alberta","2016A000248","Propane","Cubic metres","72","thousands","3","v18138","4.4","811.8","","","","1"
"1999-08","Alberta","2016A000248","Butane","Cubic metres","72","thousands","3","v18143","4.5","437.4","","","","1"
"1999-08","Alberta","2016A000248","Ethane","Cubic metres","72","thousands","3","v18148","4.6","1184.0","","","","1"
"1999-08","Alberta","2016A000248","Sulphur","Tonnes","288","units","0","v18153","4.7","628887","","","","0"
"1999-08","British Columbia","2016A000259","Propane","Cubic metres","72","thousands","3","v18139","5.4","17.5","","","","1"
"1999-08","British Columbia","2016A000259","Butane","Cubic metres","72","thousands","3","v18144","5.5","18.6","","","","1"
"1999-08","British Columbia","2016A000259","Ethane","Cubic metres","72","thousands","3","v18149","5.6","0.0","","","","1"
"1999-08","British Columbia","2016A000259","Sulphur","Tonnes","288","units","0","v18154","5.7","71585","","","","0"
"1999-09","Canada","2016A000011124","Propane","Cubic metres","72","thousands","3","v18135","1.4","827.2","","","","1"
"1999-09","Canada","2016A000011124","Butane","Cubic metres","72","thousands","3","v18140","1.5","466.0","","","","1"
"1999-09","Canada","2016A000011124","Ethane","Cubic metres","72","thousands","3","v18145","1.6","1101.4","","","","1"
"1999-09","Canada","2016A000011124","Sulphur","Tonnes","288","units","0","v18150","1.7","678559","","","","0"
"1999-09","Canada","2016A000011124","Gas use (reprocessing), shrinkage","Cubic metres","72","millions","6","v18132","1.1","318.4","","","t","1"
"1999-09","Canada","2016A000011124","Gas use (reprocessing), flared","Cubic metres","72","millions","6","v18133","1.2","4.2","","","t","1"
"1999-09","Canada","2016A000011124","Gas use (reprocessing), plant fuel","Cubic metres","72","millions","6","v18134","1.3","35.6","","","t","1"
"1999-09","Saskatchewan","2016A000247","Propane","Cubic metres","72","thousands","3","v18137","3.4","3.3","","","","1"
"1999-09","Saskatchewan","2016A000247","Butane","Cubic metres","72","thousands","3","v18142","3.5","1.5","","","","1"
"1999-09","Alberta","2016A000248","Propane","Cubic metres","72","thousands","3","v18138","4.4","804.5","","","","1"
"1999-09","Alberta","2016A000248","Butane","Cubic metres","72","thousands","3","v18143","4.5","445.8","","","","1"
"1999-09","Alberta","2016A000248","Ethane","Cubic metres","72","thousands","3","v18148","4.6","1101.4","","","","1"
"1999-09","Alberta","2016A000248","Sulphur","Tonnes","288","units","0","v18153","4.7","612799","","","","0"
"1999-09","British Columbia","2016A000259","Propane","Cubic metres","72","thousands","3","v18139","5.4","19.4","","","","1"
"1999-09","British Columbia","2016A000259","Butane","Cubic metres","72","thousands","3","v18144","5.5","18.7","","","","1"
"1999-09","British Columbia","2016A000259","Ethane","Cubic metres","72","thousands","3","v18149","5.6","0.0","","","","1"
"1999-09","British Columbia","2016A000259","Sulphur","Tonnes","288","units","0","v18154","5.7","65760","","","","0"
"1999-10","Canada","2016A000011124","Propane","Cubic metres","72","thousands","3","v18135","1.4","891.0","","","","1"
"1999-10","Canada","2016A000011124","Butane","Cubic metres","72","thousands","3","v18140","1.5","507.4","","","","1"
"1999-10","Canada","2016A000011124","Ethane","Cubic metres","72","thousands","3","v18145","1.6","1126.6","","","","1"
"1999-10","Canada","2016A000011124","Sulphur","Tonnes","288","units","0","v18150","1.7","713683","","","","0"
"1999-10","Canada","2016A000011124","Gas use (reprocessing), shrinkage","Cubic metres","72","millions","6","v18132","1.1","346.3","","","t","1"
"1999-10","Canada","2016A000011124","Gas use (reprocessing), flared","Cubic metres","72","millions","6","v18133","1.2","4.7","","","t","1"
"1999-10","Canada","2016A000011124","Gas use (reprocessing), plant fuel","Cubic metres","72","millions","6","v18134","1.3","40.9","","","t","1"
"1999-10","Saskatchewan","2016A000247","Propane","Cubic metres","72","thousands","3","v18137","3.4","3.5","","","","1"
"1999-10","Saskatchewan","2016A000247","Butane","Cubic metres","72","thousands","3","v18142","3.5","1.5","","","","1"
"1999-10","Alberta","2016A000248","Propane","Cubic metres","72","thousands","3","v18138","4.4","868.3","","","","1"
"1999-10","Alberta","2016A000248","Butane","Cubic metres","72","thousands","3","v18143","4.5","482.3","","","","1"
"1999-10","Alberta","2016A000248","Ethane","Cubic metres","72","thousands","3","v18148","4.6","1126.6","","","","1"
"1999-10","Alberta","2016A000248","Sulphur","Tonnes","288","units","0","v18153","4.7","635885","","","","0"
"1999-10","British Columbia","2016A000259","Propane","Cubic metres","72","thousands","3","v18139","5.4","19.2","","","","1"
"1999-10","British Columbia","2016A000259","Butane","Cubic metres","72","thousands","3","v18144","5.5","23.6","","","","1"
"1999-10","British Columbia","2016A000259","Ethane","Cubic metres","72","thousands","3","v18149","5.6","0.0","","","","1"
"1999-10","British Columbia","2016A000259","Sulphur","Tonnes","288","units","0","v18154","5.7","77798","","","","0"
"1999-11","Canada","2016A000011124","Propane","Cubic metres","72","thousands","3","v18135","1.4","853.3","","","","1"
"1999-11","Canada","2016A000011124","Butane","Cubic metres","72","thousands","3","v18140","1.5","503.9","","","","1"
"1999-11","Canada","2016A000011124","Ethane","Cubic metres","72","thousands","3","v18145","1.6","1154.7","","","","1"
"1999-11","Canada","2016A000011124","Sulphur","Tonnes","288","units","0","v18150","1.7","672941","","","","0"
"1999-11","Canada","2016A000011124","Gas use (reprocessing), shrinkage","Cubic metres","72","millions","6","v18132","1.1","347.8","","","t","1"
"1999-11","Canada","2016A000011124","Gas use (reprocessing), flared","Cubic metres","72","millions","6","v18133","1.2","5.3","","","t","1"
"1999-11","Canada","2016A000011124","Gas use (reprocessing), plant fuel","Cubic metres","72","millions","6","v18134","1.3","39.7","","","t","1"
"1999-11","Saskatchewan","2016A000247","Propane","Cubic metres","72","thousands","3","v18137","3.4","3.3","","","","1"
"1999-11","Saskatchewan","2016A000247","Butane","Cubic metres","72","thousands","3","v18142","3.5","1.5","","","","1"
"1999-11","Alberta","2016A000248","Propane","Cubic metres","72","thousands","3","v18138","4.4","832.6","","","","1"
"1999-11","Alberta","2016A000248","Butane","Cubic metres","72","thousands","3","v18143","4.5","481.4","","","","1"
"1999-11","Alberta","2016A000248","Ethane","Cubic metres","72","thousands","3","v18148","4.6","1154.7","","","","1"
"1999-11","Alberta","2016A000248","Sulphur","Tonnes","288","units","0","v18153","4.7","595382","","","","0"
"1999-11","British Columbia","2016A000259","Propane","Cubic metres","72","thousands","3","v18139","5.4","17.4","","","","1"
"1999-11","British Columbia","2016A000259","Butane","Cubic metres","72","thousands","3","v18144","5.5","21.0","","","","1"
"1999-11","British Columbia","2016A000259","Ethane","Cubic metres","72","thousands","3","v18149","5.6","0.0","","","","1"
"1999-11","British Columbia","2016A000259","Sulphur","Tonnes","288","units","0","v18154","5.7","77559","","","","0"
"1999-12","Canada","2016A000011124","Propane","Cubic metres","72","thousands","3","v18135","1.4","921.8","","","","1"
"1999-12","Canada","2016A000011124","Butane","Cubic metres","72","thousands","3","v18140","1.5","500.6","","","","1"
"1999-12","Canada","2016A000011124","Ethane","Cubic metres","72","thousands","3","v18145","1.6","1058.0","","","","1"
"1999-12","Canada","2016A000011124","Sulphur","Tonnes","288","units","0","v18150","1.7","731562","","","","0"
"1999-12","Canada","2016A000011124","Gas use (reprocessing), shrinkage","Cubic metres","72","millions","6","v18132","1.1","325.0","","","t","1"
"1999-12","Canada","2016A000011124","Gas use (reprocessing), flared","Cubic metres","72","millions","6","v18133","1.2","5.5","","","t","1"
"1999-12","Canada","2016A000011124","Gas use (reprocessing), plant fuel","Cubic metres","72","millions","6","v18134","1.3","41.7","","","t","1"
"1999-12","Saskatchewan","2016A000247","Propane","Cubic metres","72","thousands","3","v18137","3.4","3.7","","","","1"
"1999-12","Saskatchewan","2016A000247","Butane","Cubic metres","72","thousands","3","v18142","3.5","1.5","","","","1"
"1999-12","Alberta","2016A000248","Propane","Cubic metres","72","thousands","3","v18138","4.4","898.0","","","","1"
"1999-12","Alberta","2016A000248","Butane","Cubic metres","72","thousands","3","v18143","4.5","477.0","","","","1"
"1999-12","Alberta","2016A000248","Ethane","Cubic metres","72","thousands","3","v18148","4.6","1058.0","","","","1"
"1999-12","Alberta","2016A000248","Sulphur","Tonnes","288","units","0","v18153","4.7","651028","","","","0"
"1999-12","British Columbia","2016A000259","Propane","Cubic metres","72","thousands","3","v18139","5.4","20.1","","","","1"
"1999-12","British Columbia","2016A000259","Butane","Cubic metres","72","thousands","3","v18144","5.5","22.1","","","","1"
"1999-12","British Columbia","2016A000259","Ethane","Cubic metres","72","thousands","3","v18149","5.6","0.0","","","","1"
"1999-12","British Columbia","2016A000259","Sulphur","Tonnes","288","units","0","v18154","5.7","80534","","","","0"
"2000-01","Canada","2016A000011124","Propane","Cubic metres","72","thousands","3","v18135","1.4","973.1","","","","1"
"2000-01","Canada","2016A000011124","Butane","Cubic metres","72","thousands","3","v18140","1.5","538.5","","","","1"
"2000-01","Canada","2016A000011124","Ethane","Cubic metres","72","thousands","3","v18145","1.6","835.5","","","","1"
"2000-01","Canada","2016A000011124","Sulphur","Tonnes","288","units","0","v18150","1.7","718561","","","","0"
"2000-01","Canada","2016A000011124","Gas use (reprocessing), shrinkage","Cubic metres","72","millions","6","v18132","1.1","318.8","","","t","1"
"2000-01","Canada","2016A000011124","Gas use (reprocessing), flared","Cubic metres","72","millions","6","v18133","1.2","5.3","","","t","1"
"2000-01","Canada","2016A000011124","Gas use (reprocessing), plant fuel","Cubic metres","72","millions","6","v18134","1.3","39.9","","","t","1"
"2000-01","Nova Scotia","2016A000212","Propane","Cubic metres","72","thousands","3","v783740","6.4","0.0","","","","1"
"2000-01","Nova Scotia","2016A000212","Butane","Cubic metres","72","thousands","3","v783741","6.5","0.0","","","","1"
"2000-01","Saskatchewan","2016A000247","Propane","Cubic metres","72","thousands","3","v18137","3.4","3.4","","","","1"
"2000-01","Saskatchewan","2016A000247","Butane","Cubic metres","72","thousands","3","v18142","3.5","1.3","","","","1"
"2000-01","Saskatchewan","2016A000247","Ethane","Cubic metres","72","thousands","3","v18147","3.6","5.1","","","","1"
"2000-01","Alberta","2016A000248","Propane","Cubic metres","72","thousands","3","v18138","4.4","946.1","","","","1"
"2000-01","Alberta","2016A000248","Butane","Cubic metres","72","thousands","3","v18143","4.5","513.1","","","","1"
"2000-01","Alberta","2016A000248","Ethane","Cubic metres","72","thousands","3","v18148","4.6","808.7","","","","1"
"2000-01","Alberta","2016A000248","Sulphur","Tonnes","288","units","0","v18153","4.7","640035","","","","0"
"2000-01","British Columbia","2016A000259","Propane","Cubic metres","72","thousands","3","v18139","5.4","23.6","","","","1"
"2000-01","British Columbia","2016A000259","Butane","Cubic metres","72","thousands","3","v18144","5.5","24.1","","","","1"
"2000-01","British Columbia","2016A000259","Ethane","Cubic metres","72","thousands","3","v18149","5.6","21.7","","","","1"
"2000-01","British Columbia","2016A000259","Sulphur","Tonnes","288","units","0","v18154","5.7","78526","","","","0"
"2000-02","Canada","2016A000011124","Propane","Cubic metres","72","thousands","3","v18135","1.4","879.6","","","","1"
"2000-02","Canada","2016A000011124","Butane","Cubic metres","72","thousands","3","v18140","1.5","507.0","","","","1"
"2000-02","Canada","2016A000011124","Ethane","Cubic metres","72","thousands","3","v18145","1.6","1003.4","","","","1"
"2000-02","Canada","2016A000011124","Sulphur","Tonnes","288","units","0","v18150","1.7","676413","","","","0"
"2000-02","Canada","2016A000011124","Gas use (reprocessing), shrinkage","Cubic metres","72","millions","6","v18132","1.1","339.4","","","t","1"
"2000-02","Canada","2016A000011124","Gas use (reprocessing), flared","Cubic metres","72","millions","6","v18133","1.2","0.4","","","t","1"
"2000-02","Canada","2016A000011124","Gas use (reprocessing), plant fuel","Cubic metres","72","millions","6","v18134","1.3","44.2","","","t","1"
"2000-02","Nova Scotia","2016A000212","Propane","Cubic metres","72","thousands","3","v783740","6.4","0.3","","","","1"
"2000-02","Nova Scotia","2016A000212","Butane","Cubic metres","72","thousands","3","v783741","6.5","1.6","","","","1"
"2000-02","Saskatchewan","2016A000247","Propane","Cubic metres","72","thousands","3","v18137","3.4","3.1","","","","1"
"2000-02","Saskatchewan","2016A000247","Butane","Cubic metres","72","thousands","3","v18142","3.5","1.2","","","","1"
"2000-02","Saskatchewan","2016A000247","Ethane","Cubic metres","72","thousands","3","v18147","3.6","2.5","","","","1"
"2000-02","Alberta","2016A000248","Propane","Cubic metres","72","thousands","3","v18138","4.4","836.2","","","","1"
"2000-02","Alberta","2016A000248","Butane","Cubic metres","72","thousands","3","v18143","4.5","476.1","","","","1"
"2000-02","Alberta","2016A000248","Ethane","Cubic metres","72","thousands","3","v18148","4.6","972.9","","","","1"
"2000-02","Alberta","2016A000248","Sulphur","Tonnes","288","units","0","v18153","4.7","606700","","","","0"
"2000-02","British Columbia","2016A000259","Propane","Cubic metres","72","thousands","3","v18139","5.4","40.0","","","","1"
"2000-02","British Columbia","2016A000259","Butane","Cubic metres","72","thousands","3","v18144","5.5","28.1","","","","1"
"2000-02","British Columbia","2016A000259","Ethane","Cubic metres","72","thousands","3","v18149","5.6","28.0","","","","1"
"2000-02","British Columbia","2016A000259","Sulphur","Tonnes","288","units","0","v18154","5.7","69713","","","","0"
"2000-03","Canada","2016A000011124","Propane","Cubic metres","72","thousands","3","v18135","1.4","930.6","","","","1"
"2000-03","Canada","2016A000011124","Butane","Cubic metres","72","thousands","3","v18140","1.5","519.6","","","","1"
"2000-03","Canada","2016A000011124","Ethane","Cubic metres","72","thousands","3","v18145","1.6","1161.5","","","","1"
"2000-03","Canada","2016A000011124","Sulphur","Tonnes","288","units","0","v18150","1.7","685674","","","","0"
"2000-03","Canada","2016A000011124","Gas use (reprocessing), shrinkage","Cubic metres","72","millions","6","v18132","1.1","363.8","","","t","1"
"2000-03","Canada","2016A000011124","Gas use (reprocessing), flared","Cubic metres","72","millions","6","v18133","1.2","0.0","","","t","1"
"2000-03","Canada","2016A000011124","Gas use (reprocessing), plant fuel","Cubic metres","72","millions","6","v18134","1.3","48.5","","","t","1"
"2000-03","Nova Scotia","2016A000212","Propane","Cubic metres","72","thousands","3","v783740","6.4","2.9","","","","1"
"2000-03","Nova Scotia","2016A000212","Butane","Cubic metres","72","thousands","3","v783741","6.5","2.7","","","","1"
"2000-03","Saskatchewan","2016A000247","Propane","Cubic metres","72","thousands","3","v18137","3.4","3.8","","","","1"
"2000-03","Saskatchewan","2016A000247","Butane","Cubic metres","72","thousands","3","v18142","3.5","1.5","","","","1"
"2000-03","Saskatchewan","2016A000247","Ethane","Cubic metres","72","thousands","3","v18147","3.6","4.8","","","","1"
"2000-03","Alberta","2016A000248","Propane","Cubic metres","72","thousands","3","v18138","4.4","878.3","","","","1"
"2000-03","Alberta","2016A000248","Butane","Cubic metres","72","thousands","3","v18143","4.5","482.8","","","","1"
"2000-03","Alberta","2016A000248","Ethane","Cubic metres","72","thousands","3","v18148","4.6","1072.1","","","","1"
"2000-03","Alberta","2016A000248","Sulphur","Tonnes","288","units","0","v18153","4.7","608137","","","","0"
"2000-03","British Columbia","2016A000259","Propane","Cubic metres","72","thousands","3","v18139","5.4","45.6","","","","1"
"2000-03","British Columbia","2016A000259","Butane","Cubic metres","72","thousands","3","v18144","5.5","32.6","","","","1"
"2000-03","British Columbia","2016A000259","Ethane","Cubic metres","72","thousands","3","v18149","5.6","84.6","","","","1"
"2000-03","British Columbia","2016A000259","Sulphur","Tonnes","288","units","0","v18154","5.7","77537","","","","0"
"2000-04","Canada","2016A000011124","Propane","Cubic metres","72","thousands","3","v18135","1.4","872.9","","","","1"
"2000-04","Canada","2016A000011124","Butane","Cubic metres","72","thousands","3","v18140","1.5","510.5","","","","1"
"2000-04","Canada","2016A000011124","Ethane","Cubic metres","72","thousands","3","v18145","1.6","1076.7","","","","1"
"2000-04","Canada","2016A000011124","Sulphur","Tonnes","288","units","0","v18150","1.7","657544","","","","0"
"2000-04","Canada","2016A000011124","Gas use (reprocessing), shrinkage","Cubic metres","72","millions","6","v18132","1.1","278.4","","","t","1"
"2000-04","Canada","2016A000011124","Gas use (reprocessing), flared","Cubic metres","72","millions","6","v18133","1.2","0.3","","","t","1"
"2000-04","Canada","2016A000011124","Gas use (reprocessing), plant fuel","Cubic metres","72","millions","6","v18134","1.3","28.6","","","t","1"
"2000-04","Nova Scotia","2016A000212","Propane","Cubic metres","72","thousands","3","v783740","6.4","3.6","","","","1"
"2000-04","Nova Scotia","2016A000212","Butane","Cubic metres","72","thousands","3","v783741","6.5","3.2","","","","1"
"2000-04","Saskatchewan","2016A000247","Propane","Cubic metres","72","thousands","3","v18137","3.4","3.7","","","","1"
"2000-04","Saskatchewan","2016A000247","Butane","Cubic metres","72","thousands","3","v18142","3.5","1.5","","","","1"
"2000-04","Saskatchewan","2016A000247","Ethane","Cubic metres","72","thousands","3","v18147","3.6","3.8","","","","1"
"2000-04","Alberta","2016A000248","Propane","Cubic metres","72","thousands","3","v18138","4.4","820.7","","","","1"
"2000-04","Alberta","2016A000248","Butane","Cubic metres","72","thousands","3","v18143","4.5","472.1","","","","1"
"2000-04","Alberta","2016A000248","Ethane","Cubic metres","72","thousands","3","v18148","4.6","987.2","","","","1"
"2000-04","Alberta","2016A000248","Sulphur","Tonnes","288","units","0","v18153","4.7","581149","","","","0"
"2000-04","British Columbia","2016A000259","Propane","Cubic metres","72","thousands","3","v18139","5.4","44.9","","","","1"
"2000-04","British Columbia","2016A000259","Butane","Cubic metres","72","thousands","3","v18144","5.5","33.7","","","","1"
"2000-04","British Columbia","2016A000259","Ethane","Cubic metres","72","thousands","3","v18149","5.6","85.7","","","","1"
"2000-04","British Columbia","2016A000259","Sulphur","Tonnes","288","units","0","v18154","5.7","76395","","","","0"
"2000-05","Canada","2016A000011124","Propane","Cubic metres","72","thousands","3","v18135","1.4","846.3","","","","1"
"2000-05","Canada","2016A000011124","Butane","Cubic metres","72","thousands","3","v18140","1.5","501.4","","","","1"
"2000-05","Canada","2016A000011124","Ethane","Cubic metres","72","thousands","3","v18145","1.6","1109.2","","","","1"
"2000-05","Canada","2016A000011124","Sulphur","Tonnes","288","units","0","v18150","1.7","667819","","","","0"
"2000-05","Canada","2016A000011124","Gas use (reprocessing), shrinkage","Cubic metres","72","millions","6","v18132","1.1","292.9","","","t","1"
"2000-05","Canada","2016A000011124","Gas use (reprocessing), flared","Cubic metres","72","millions","6","v18133","1.2","0.1","","","t","1"
"2000-05","Canada","2016A000011124","Gas use (reprocessing), plant fuel","Cubic metres","72","millions","6","v18134","1.3","25.3","","","t","1"
"2000-05","Nova Scotia","2016A000212","Propane","Cubic metres","72","thousands","3","v783740","6.4","3.4","","","","1"
"2000-05","Nova Scotia","2016A000212","Butane","Cubic metres","72","thousands","3","v783741","6.5","3.1","","","","1"
"2000-05","Saskatchewan","2016A000247","Propane","Cubic metres","72","thousands","3","v18137","3.4","2.8","","","","1"
"2000-05","Saskatchewan","2016A000247","Butane","Cubic metres","72","thousands","3","v18142","3.5","1.2","","","","1"
"2000-05","Saskatchewan","2016A000247","Ethane","Cubic metres","72","thousands","3","v18147","3.6","4.1","","","","1"
"2000-05","Alberta","2016A000248","Propane","Cubic metres","72","thousands","3","v18138","4.4","790.3","","","","1"
"2000-05","Alberta","2016A000248","Butane","Cubic metres","72","thousands","3","v18143","4.5","456.6","","","","1"
"2000-05","Alberta","2016A000248","Ethane","Cubic metres","72","thousands","3","v18148","4.6","1025.1","","","","1"
"2000-05","Alberta","2016A000248","Sulphur","Tonnes","288","units","0","v18153","4.7","588658","","","","0"
"2000-05","British Columbia","2016A000259","Propane","Cubic metres","72","thousands","3","v18139","5.4","49.8","","","","1"
"2000-05","British Columbia","2016A000259","Butane","Cubic metres","72","thousands","3","v18144","5.5","40.5","","","","1"
"2000-05","British Columbia","2016A000259","Ethane","Cubic metres","72","thousands","3","v18149","5.6","80.0","","","","1"
"2000-05","British Columbia","2016A000259","Sulphur","Tonnes","288","units","0","v18154","5.7","79161","","","","0"
"2000-06","Canada","2016A000011124","Propane","Cubic metres","72","thousands","3","v18135","1.4","868.9","","","","1"
"2000-06","Canada","2016A000011124","Butane","Cubic metres","72","thousands","3","v18140","1.5","525.8","","","","1"
"2000-06","Canada","2016A000011124","Ethane","Cubic metres","72","thousands","3","v18145","1.6","1058.1","","","","1"
"2000-06","Canada","2016A000011124","Sulphur","Tonnes","288","units","0","v18150","1.7","644443","","","","0"
"2000-06","Canada","2016A000011124","Gas use (reprocessing), shrinkage","Cubic metres","72","millions","6","v18132","1.1","339.8","","","t","1"
"2000-06","Canada","2016A000011124","Gas use (reprocessing), flared","Cubic metres","72","millions","6","v18133","1.2","0.4","","","t","1"
"2000-06","Canada","2016A000011124","Gas use (reprocessing), plant fuel","Cubic metres","72","millions","6","v18134","1.3","43.2","","","t","1"
"2000-06","Nova Scotia","2016A000212","Propane","Cubic metres","72","thousands","3","v783740","6.4","3.4","","","","1"
"2000-06","Nova Scotia","2016A000212","Butane","Cubic metres","72","thousands","3","v783741","6.5","3.3","","","","1"
"2000-06","Saskatchewan","2016A000247","Propane","Cubic metres","72","thousands","3","v18137","3.4","3.5","","","","1"
"2000-06","Saskatchewan","2016A000247","Butane","Cubic metres","72","thousands","3","v18142","3.5","1.7","","","","1"
"2000-06","Saskatchewan","2016A000247","Ethane","Cubic metres","72","thousands","3","v18147","3.6","4.4","","","","1"
"2000-06","Alberta","2016A000248","Propane","Cubic metres","72","thousands","3","v18138","4.4","828.2","","","","1"
"2000-06","Alberta","2016A000248","Butane","Cubic metres","72","thousands","3","v18143","4.5","492.4","","","","1"
"2000-06","Alberta","2016A000248","Ethane","Cubic metres","72","thousands","3","v18148","4.6","988.0","","","","1"
"2000-06","Alberta","2016A000248","Sulphur","Tonnes","288","units","0","v18153","4.7","569273","","","","0"
"2000-06","British Columbia","2016A000259","Propane","Cubic metres","72","thousands","3","v18139","5.4","33.8","","","","1"
"2000-06","British Columbia","2016A000259","Butane","Cubic metres","72","thousands","3","v18144","5.5","28.4","","","","1"
"2000-06","British Columbia","2016A000259","Ethane","Cubic metres","72","thousands","3","v18149","5.6","65.7","","","","1"
"2000-06","British Columbia","2016A000259","Sulphur","Tonnes","288","units","0","v18154","5.7","75170","","","","0"
"2000-07","Canada","2016A000011124","Propane","Cubic metres","72","thousands","3","v18135","1.4","824.4","","","","1"
"2000-07","Canada","2016A000011124","Butane","Cubic metres","72","thousands","3","v18140","1.5","488.1","","","","1"
"2000-07","Canada","2016A000011124","Ethane","Cubic metres","72","thousands","3","v18145","1.6","1136.5","","","","1"
"2000-07","Canada","2016A000011124","Sulphur","Tonnes","288","units","0","v18150","1.7","760339","","","","0"
"2000-07","Canada","2016A000011124","Gas use (reprocessing), shrinkage","Cubic metres","72","millions","6","v18132","1.1","313.1","","","t","1"
"2000-07","Canada","2016A000011124","Gas use (reprocessing), flared","Cubic metres","72","millions","6","v18133","1.2","0.3","","","t","1"
"2000-07","Canada","2016A000011124","Gas use (reprocessing), plant fuel","Cubic metres","72","millions","6","v18134","1.3","34.8","","","t","1"
"2000-07","Nova Scotia","2016A000212","Propane","Cubic metres","72","thousands","3","v783740","6.4","3.9","","","","1"
"2000-07","Nova Scotia","2016A000212","Butane","Cubic metres","72","thousands","3","v783741","6.5","3.7","","","","1"
"2000-07","Saskatchewan","2016A000247","Propane","Cubic metres","72","thousands","3","v18137","3.4","3.6","","","","1"
"2000-07","Saskatchewan","2016A000247","Butane","Cubic metres","72","thousands","3","v18142","3.5","1.7","","","","1"
"2000-07","Saskatchewan","2016A000247","Ethane","Cubic metres","72","thousands","3","v18147","3.6","2.9","","","","1"
"2000-07","Alberta","2016A000248","Propane","Cubic metres","72","thousands","3","v18138","4.4","784.0","","","","1"
"2000-07","Alberta","2016A000248","Butane","Cubic metres","72","thousands","3","v18143","4.5","454.2","","","","1"
"2000-07","Alberta","2016A000248","Ethane","Cubic metres","72","thousands","3","v18148","4.6","1063.3","","","","1"
"2000-07","Alberta","2016A000248","Sulphur","Tonnes","288","units","0","v18153","4.7","688111","","","","0"
"2000-07","British Columbia","2016A000259","Propane","Cubic metres","72","thousands","3","v18139","5.4","32.9","","","","1"
"2000-07","British Columbia","2016A000259","Butane","Cubic metres","72","thousands","3","v18144","5.5","28.5","","","","1"
"2000-07","British Columbia","2016A000259","Ethane","Cubic metres","72","thousands","3","v18149","5.6","70.3","","","","1"
"2000-07","British Columbia","2016A000259","Sulphur","Tonnes","288","units","0","v18154","5.7","72228","","","","0"
"2000-08","Canada","2016A000011124","Propane","Cubic metres","72","thousands","3","v18135","1.4","942.2","","","","1"
"2000-08","Canada","2016A000011124","Butane","Cubic metres","72","thousands","3","v18140","1.5","546.4","","","","1"
"2000-08","Canada","2016A000011124","Ethane","Cubic metres","72","thousands","3","v18145","1.6","1132.6","","","","1"
"2000-08","Canada","2016A000011124","Sulphur","Tonnes","288","units","0","v18150","1.7","723459","","","","0"
"2000-08","Canada","2016A000011124","Gas use (reprocessing), shrinkage","Cubic metres","72","millions","6","v18132","1.1","246.5","","","t","1"
"2000-08","Canada","2016A000011124","Gas use (reprocessing), flared","Cubic metres","72","millions","6","v18133","1.2","0.2","","","t","1"
"2000-08","Canada","2016A000011124","Gas use (reprocessing), plant fuel","Cubic metres","72","millions","6","v18134","1.3","36.1","","","t","1"
"2000-08","Nova Scotia","2016A000212","Propane","Cubic metres","72","thousands","3","v783740","6.4","2.8","","","","1"
"2000-08","Nova Scotia","2016A000212","Butane","Cubic metres","72","thousands","3","v783741","6.5","3.0","","","","1"
"2000-08","Saskatchewan","2016A000247","Propane","Cubic metres","72","thousands","3","v18137","3.4","3.7","","","","1"
"2000-08","Saskatchewan","2016A000247","Butane","Cubic metres","72","thousands","3","v18142","3.5","1.8","","","","1"
"2000-08","Saskatchewan","2016A000247","Ethane","Cubic metres","72","thousands","3","v18147","3.6","4.2","","","","1"
"2000-08","Alberta","2016A000248","Propane","Cubic metres","72","thousands","3","v18138","4.4","895.9","","","","1"
"2000-08","Alberta","2016A000248","Butane","Cubic metres","72","thousands","3","v18143","4.5","506.7","","","","1"
"2000-08","Alberta","2016A000248","Ethane","Cubic metres","72","thousands","3","v18148","4.6","1035.9","","","","1"
"2000-08","Alberta","2016A000248","Sulphur","Tonnes","288","units","0","v18153","4.7","646982","","","","0"
"2000-08","British Columbia","2016A000259","Propane","Cubic metres","72","thousands","3","v18139","5.4","39.8","","","","1"
"2000-08","British Columbia","2016A000259","Butane","Cubic metres","72","thousands","3","v18144","5.5","34.9","","","","1"
"2000-08","British Columbia","2016A000259","Ethane","Cubic metres","72","thousands","3","v18149","5.6","92.5","","","","1"
"2000-08","British Columbia","2016A000259","Sulphur","Tonnes","288","units","0","v18154","5.7","76477","","","","0"
"2000-09","Canada","2016A000011124","Propane","Cubic metres","72","thousands","3","v18135","1.4","830.8","","","","1"
"2000-09","Canada","2016A000011124","Butane","Cubic metres","72","thousands","3","v18140","1.5","497.0","","","","1"
"2000-09","Canada","2016A000011124","Ethane","Cubic metres","72","thousands","3","v18145","1.6","1079.7","","","","1"
"2000-09","Canada","2016A000011124","Sulphur","Tonnes","288","units","0","v18150","1.7","654955","","","","0"
"2000-09","Canada","2016A000011124","Gas use (reprocessing), shrinkage","Cubic metres","72","millions","6","v18132","1.1","365.6","","","t","1"
"2000-09","Canada","2016A000011124","Gas use (reprocessing), flared","Cubic metres","72","millions","6","v18133","1.2","0.7","","","t","1"
"2000-09","Canada","2016A000011124","Gas use (reprocessing), plant fuel","Cubic metres","72","millions","6","v18134","1.3","44.3","","","t","1"
"2000-09","Nova Scotia","2016A000212","Propane","Cubic metres","72","thousands","3","v783740","6.4","3.6","","","","1"
"2000-09","Nova Scotia","2016A000212","Butane","Cubic metres","72","thousands","3","v783741","6.5","3.3","","","","1"
"2000-09","Saskatchewan","2016A000247","Propane","Cubic metres","72","thousands","3","v18137","3.4","3.5","","","","1"
"2000-09","Saskatchewan","2016A000247","Butane","Cubic metres","72","thousands","3","v18142","3.5","1.5","","","","1"
"2000-09","Saskatchewan","2016A000247","Ethane","Cubic metres","72","thousands","3","v18147","3.6","4.9","","","","1"
"2000-09","Alberta","2016A000248","Propane","Cubic metres","72","thousands","3","v18138","4.4","785.3","","","","1"
"2000-09","Alberta","2016A000248","Butane","Cubic metres","72","thousands","3","v18143","4.5","460.3","","","","1"
"2000-09","Alberta","2016A000248","Ethane","Cubic metres","72","thousands","3","v18148","4.6","993.4","","","","1"
"2000-09","Alberta","2016A000248","Sulphur","Tonnes","288","units","0","v18153","4.7","581115","","","","0"
"2000-09","British Columbia","2016A000259","Propane","Cubic metres","72","thousands","3","v18139","5.4","38.4","","","","1"
"2000-09","British Columbia","2016A000259","Butane","Cubic metres","72","thousands","3","v18144","5.5","31.9","","","","1"
"2000-09","British Columbia","2016A000259","Ethane","Cubic metres","72","thousands","3","v18149","5.6","81.4","","","","1"
"2000-09","British Columbia","2016A000259","Sulphur","Tonnes","288","units","0","v18154","5.7","73840","","","","0"
"2000-10","Canada","2016A000011124","Propane","Cubic metres","72","thousands","3","v18135","1.4","950.1","","","","1"
"2000-10","Canada","2016A000011124","Butane","Cubic metres","72","thousands","3","v18140","1.5","622.3","","","","1"
"2000-10","Canada","2016A000011124","Ethane","Cubic metres","72","thousands","3","v18145","1.6","1268.3","","","","1"
"2000-10","Canada","2016A000011124","Sulphur","Tonnes","288","units","0","v18150","1.7","694431","","","","0"
"2000-10","Canada","2016A000011124","Gas use (reprocessing), shrinkage","Cubic metres","72","millions","6","v18132","1.1","386.4","","","t","1"
"2000-10","Canada","2016A000011124","Gas use (reprocessing), flared","Cubic metres","72","millions","6","v18133","1.2","0.2","","","t","1"
"2000-10","Canada","2016A000011124","Gas use (reprocessing), plant fuel","Cubic metres","72","millions","6","v18134","1.3","43.4","","","t","1"
"2000-10","Nova Scotia","2016A000212","Propane","Cubic metres","72","thousands","3","v783740","6.4","3.7","","","","1"
"2000-10","Nova Scotia","2016A000212","Butane","Cubic metres","72","thousands","3","v783741","6.5","3.4","","","","1"
"2000-10","Saskatchewan","2016A000247","Propane","Cubic metres","72","thousands","3","v18137","3.4","3.6","","","","1"
"2000-10","Saskatchewan","2016A000247","Butane","Cubic metres","72","thousands","3","v18142","3.5","1.6","","","","1"
"2000-10","Saskatchewan","2016A000247","Ethane","Cubic metres","72","thousands","3","v18147","3.6","4.9","","","","1"
"2000-10","Alberta","2016A000248","Propane","Cubic metres","72","thousands","3","v18138","4.4","902.3","","","","1"
"2000-10","Alberta","2016A000248","Butane","Cubic metres","72","thousands","3","v18143","4.5","582.8","","","","1"
"2000-10","Alberta","2016A000248","Ethane","Cubic metres","72","thousands","3","v18148","4.6","1174.4","","","","1"
"2000-10","Alberta","2016A000248","Sulphur","Tonnes","288","units","0","v18153","4.7","616784","","","","0"
"2000-10","British Columbia","2016A000259","Propane","Cubic metres","72","thousands","3","v18139","5.4","40.5","","","","1"
"2000-10","British Columbia","2016A000259","Butane","Cubic metres","72","thousands","3","v18144","5.5","34.5","","","","1"
"2000-10","British Columbia","2016A000259","Ethane","Cubic metres","72","thousands","3","v18149","5.6","89.0","","","","1"
"2000-10","British Columbia","2016A000259","Sulphur","Tonnes","288","units","0","v18154","5.7","77647","","","","0"
"2000-11","Canada","2016A000011124","Propane","Cubic metres","72","thousands","3","v18135","1.4","942.1","","","","1"
"2000-11","Canada","2016A000011124","Butane","Cubic metres","72","thousands","3","v18140","1.5","731.5","","","","1"
"2000-11","Canada","2016A000011124","Ethane","Cubic metres","72","thousands","3","v18145","1.6","1180.0","","","","1"
"2000-11","Canada","2016A000011124","Sulphur","Tonnes","288","units","0","v18150","1.7","696037","","","","0"
"2000-11","Canada","2016A000011124","Gas use (reprocessing), shrinkage","Cubic metres","72","millions","6","v18132","1.1","363.5","","","t","1"
"2000-11","Canada","2016A000011124","Gas use (reprocessing), flared","Cubic metres","72","millions","6","v18133","1.2","0.4","","","t","1"
"2000-11","Canada","2016A000011124","Gas use (reprocessing), plant fuel","Cubic metres","72","millions","6","v18134","1.3","42.9","","","t","1"
"2000-11","Nova Scotia","2016A000212","Propane","Cubic metres","72","thousands","3","v783740","6.4","6.4","","","","1"
"2000-11","Nova Scotia","2016A000212","Butane","Cubic metres","72","thousands","3","v783741","6.5","6.0","","","","1"
"2000-11","Saskatchewan","2016A000247","Propane","Cubic metres","72","thousands","3","v18137","3.4","3.2","","","","1"
"2000-11","Saskatchewan","2016A000247","Butane","Cubic metres","72","thousands","3","v18142","3.5","1.3","","","","1"
"2000-11","Saskatchewan","2016A000247","Ethane","Cubic metres","72","thousands","3","v18147","3.6","4.2","","","","1"
"2000-11","Alberta","2016A000248","Propane","Cubic metres","72","thousands","3","v18138","4.4","894.3","","","","1"
"2000-11","Alberta","2016A000248","Butane","Cubic metres","72","thousands","3","v18143","4.5","691.8","","","","1"
"2000-11","Alberta","2016A000248","Ethane","Cubic metres","72","thousands","3","v18148","4.6","1092.2","","","","1"
"2000-11","Alberta","2016A000248","Sulphur","Tonnes","288","units","0","v18153","4.7","620130","","","","0"
"2000-11","British Columbia","2016A000259","Propane","Cubic metres","72","thousands","3","v18139","5.4","39.2","","","","1"
"2000-11","British Columbia","2016A000259","Butane","Cubic metres","72","thousands","3","v18144","5.5","28.0","","","","1"
"2000-11","British Columbia","2016A000259","Ethane","Cubic metres","72","thousands","3","v18149","5.6","83.6","","","","1"
"2000-11","British Columbia","2016A000259","Sulphur","Tonnes","288","units","0","v18154","5.7","75907","","","","0"
"2000-12","Canada","2016A000011124","Propane","Cubic metres","72","thousands","3","v18135","1.4","991.7","","","","1"
"2000-12","Canada","2016A000011124","Butane","Cubic metres","72","thousands","3","v18140","1.5","546.9","","","","1"
"2000-12","Canada","2016A000011124","Ethane","Cubic metres","72","thousands","3","v18145","1.6","1166.6","","","","1"
"2000-12","Canada","2016A000011124","Sulphur","Tonnes","288","units","0","v18150","1.7","704582","","","","0"
"2000-12","Canada","2016A000011124","Gas use (reprocessing), shrinkage","Cubic metres","72","millions","6","v18132","1.1","288.4","","","t","1"
"2000-12","Canada","2016A000011124","Gas use (reprocessing), flared","Cubic metres","72","millions","6","v18133","1.2","2.5","","","t","1"
"2000-12","Canada","2016A000011124","Gas use (reprocessing), plant fuel","Cubic metres","72","millions","6","v18134","1.3","37.8","","","t","1"
"2000-12","Nova Scotia","2016A000212","Propane","Cubic metres","72","thousands","3","v783740","6.4","8.9","","","","1"
"2000-12","Nova Scotia","2016A000212","Butane","Cubic metres","72","thousands","3","v783741","6.5","7.6","","","","1"
"2000-12","Saskatchewan","2016A000247","Propane","Cubic metres","72","thousands","3","v18137","3.4","3.3","","","","1"
"2000-12","Saskatchewan","2016A000247","Butane","Cubic metres","72","thousands","3","v18142","3.5","1.3","","","","1"
"2000-12","Saskatchewan","2016A000247","Ethane","Cubic metres","72","thousands","3","v18147","3.6","5.0","","","","1"
"2000-12","Alberta","2016A000248","Propane","Cubic metres","72","thousands","3","v18138","4.4","947.8","","","","1"
"2000-12","Alberta","2016A000248","Butane","Cubic metres","72","thousands","3","v18143","4.5","509.5","","","","1"
"2000-12","Alberta","2016A000248","Ethane","Cubic metres","72","thousands","3","v18148","4.6","1093.6","","","","1"
"2000-12","Alberta","2016A000248","Sulphur","Tonnes","288","units","0","v18153","4.7","625300","","","","0"
"2000-12","British Columbia","2016A000259","Propane","Cubic metres","72","thousands","3","v18139","5.4","31.7","","","","1"
"2000-12","British Columbia","2016A000259","Butane","Cubic metres","72","thousands","3","v18144","5.5","28.5","","","","1"
"2000-12","British Columbia","2016A000259","Ethane","Cubic metres","72","thousands","3","v18149","5.6","68.0","","","","1"
"2000-12","British Columbia","2016A000259","Sulphur","Tonnes","288","units","0","v18154","5.7","79282","","","","0"
"2001-01","Canada","2016A000011124","Propane","Cubic metres","72","thousands","3","v18135","1.4","884.7","","","","1"
"2001-01","Canada","2016A000011124","Butane","Cubic metres","72","thousands","3","v18140","1.5","543.3","","","","1"
"2001-01","Canada","2016A000011124","Ethane","Cubic metres","72","thousands","3","v18145","1.6","926.1","","","","1"
"2001-01","Canada","2016A000011124","Sulphur","Tonnes","288","units","0","v18150","1.7","693050","","","","0"
"2001-01","Canada","2016A000011124","Gas use (reprocessing), shrinkage","Cubic metres","72","millions","6","v18132","1.1","333.5","","","t","1"
"2001-01","Canada","2016A000011124","Gas use (reprocessing), flared","Cubic metres","72","millions","6","v18133","1.2","0.1","","","t","1"
"2001-01","Canada","2016A000011124","Gas use (reprocessing), plant fuel","Cubic metres","72","millions","6","v18134","1.3","40.1","","","t","1"
"2001-01","Nova Scotia","2016A000212","Propane","Cubic metres","72","thousands","3","v783740","6.4","8.5","","","","1"
"2001-01","Nova Scotia","2016A000212","Butane","Cubic metres","72","thousands","3","v783741","6.5","6.8","","","","1"
"2001-01","Saskatchewan","2016A000247","Propane","Cubic metres","72","thousands","3","v18137","3.4","3.5","","","","1"
"2001-01","Saskatchewan","2016A000247","Butane","Cubic metres","72","thousands","3","v18142","3.5","1.4","","","","1"
"2001-01","Saskatchewan","2016A000247","Ethane","Cubic metres","72","thousands","3","v18147","3.6","3.7","","","","1"
"2001-01","Alberta","2016A000248","Propane","Cubic metres","72","thousands","3","v18138","4.4","836.0","","","","1"
"2001-01","Alberta","2016A000248","Butane","Cubic metres","72","thousands","3","v18143","4.5","506.9","","","","1"
"2001-01","Alberta","2016A000248","Ethane","Cubic metres","72","thousands","3","v18148","4.6","874.2","","","","1"
"2001-01","Alberta","2016A000248","Sulphur","Tonnes","288","units","0","v18153","4.7","614325","","","","0"
"2001-01","British Columbia","2016A000259","Propane","Cubic metres","72","thousands","3","v18139","5.4","36.7","","","","1"
"2001-01","British Columbia","2016A000259","Butane","Cubic metres","72","thousands","3","v18144","5.5","28.2","","","","1"
"2001-01","British Columbia","2016A000259","Ethane","Cubic metres","72","thousands","3","v18149","5.6","48.2","","","","1"
"2001-01","British Columbia","2016A000259","Sulphur","Tonnes","288","units","0","v18154","5.7","78725","","","","0"
"2001-02","Canada","2016A000011124","Propane","Cubic metres","72","thousands","3","v18135","1.4","831.3","","","","1"
"2001-02","Canada","2016A000011124","Butane","Cubic metres","72","thousands","3","v18140","1.5","523.3","","","","1"
"2001-02","Canada","2016A000011124","Ethane","Cubic metres","72","thousands","3","v18145","1.6","1021.0","","","","1"
"2001-02","Canada","2016A000011124","Sulphur","Tonnes","288","units","0","v18150","1.7","637875","","","","0"
"2001-02","Canada","2016A000011124","Gas use (reprocessing), shrinkage","Cubic metres","72","millions","6","v18132","1.1","139.1","","","t","1"
"2001-02","Canada","2016A000011124","Gas use (reprocessing), flared","Cubic metres","72","millions","6","v18133","1.2","0.1","","","t","1"
"2001-02","Canada","2016A000011124","Gas use (reprocessing), plant fuel","Cubic metres","72","millions","6","v18134","1.3","16.6","","","t","1"
"2001-02","Nova Scotia","2016A000212","Propane","Cubic metres","72","thousands","3","v783740","6.4","9.1","","","","1"
"2001-02","Nova Scotia","2016A000212","Butane","Cubic metres","72","thousands","3","v783741","6.5","6.8","","","","1"
"2001-02","Saskatchewan","2016A000247","Propane","Cubic metres","72","thousands","3","v18137","3.4","3.4","","","","1"
"2001-02","Saskatchewan","2016A000247","Butane","Cubic metres","72","thousands","3","v18142","3.5","1.5","","","","1"
"2001-02","Saskatchewan","2016A000247","Ethane","Cubic metres","72","thousands","3","v18147","3.6","2.8","","","","1"
"2001-02","Alberta","2016A000248","Propane","Cubic metres","72","thousands","3","v18138","4.4","784.7","","","","1"
"2001-02","Alberta","2016A000248","Butane","Cubic metres","72","thousands","3","v18143","4.5","490.9","","","","1"
"2001-02","Alberta","2016A000248","Ethane","Cubic metres","72","thousands","3","v18148","4.6","931.3","","","","1"
"2001-02","Alberta","2016A000248","Sulphur","Tonnes","288","units","0","v18153","4.7","566403","","","","0"
"2001-02","British Columbia","2016A000259","Propane","Cubic metres","72","thousands","3","v18139","5.4","34.1","","","","1"
"2001-02","British Columbia","2016A000259","Butane","Cubic metres","72","thousands","3","v18144","5.5","24.1","","","","1"
"2001-02","British Columbia","2016A000259","Ethane","Cubic metres","72","thousands","3","v18149","5.6","86.9","","","","1"
"2001-02","British Columbia","2016A000259","Sulphur","Tonnes","288","units","0","v18154","5.7","71472","","","","0"
"2001-03","Canada","2016A000011124","Propane","Cubic metres","72","thousands","3","v18135","1.4","842.9","","","","1"
"2001-03","Canada","2016A000011124","Butane","Cubic metres","72","thousands","3","v18140","1.5","453.0","","","","1"
"2001-03","Canada","2016A000011124","Ethane","Cubic metres","72","thousands","3","v18145","1.6","1202.3","","","","1"
"2001-03","Canada","2016A000011124","Sulphur","Tonnes","288","units","0","v18150","1.7","675888","","","","0"
"2001-03","Canada","2016A000011124","Gas use (reprocessing), shrinkage","Cubic metres","72","millions","6","v18132","1.1","341.8","","","t","1"
"2001-03","Canada","2016A000011124","Gas use (reprocessing), flared","Cubic metres","72","millions","6","v18133","1.2","0.2","","","t","1"
"2001-03","Canada","2016A000011124","Gas use (reprocessing), plant fuel","Cubic metres","72","millions","6","v18134","1.3","40.3","","","t","1"
"2001-03","Nova Scotia","2016A000212","Propane","Cubic metres","72","thousands","3","v783740","6.4","12.7","","","","1"
"2001-03","Nova Scotia","2016A000212","Butane","Cubic metres","72","thousands","3","v783741","6.5","9.1","","","","1"
"2001-03","Saskatchewan","2016A000247","Propane","Cubic metres","72","thousands","3","v18137","3.4","3.5","","","","1"
"2001-03","Saskatchewan","2016A000247","Butane","Cubic metres","72","thousands","3","v18142","3.5","1.6","","","","1"
"2001-03","Saskatchewan","2016A000247","Ethane","Cubic metres","72","thousands","3","v18147","3.6","2.9","","","","1"
"2001-03","Alberta","2016A000248","Propane","Cubic metres","72","thousands","3","v18138","4.4","786.4","","","","1"
"2001-03","Alberta","2016A000248","Butane","Cubic metres","72","thousands","3","v18143","4.5","412.7","","","","1"
"2001-03","Alberta","2016A000248","Ethane","Cubic metres","72","thousands","3","v18148","4.6","1128.0","","","","1"
"2001-03","Alberta","2016A000248","Sulphur","Tonnes","288","units","0","v18153","4.7","599096","","","","0"
"2001-03","British Columbia","2016A000259","Propane","Cubic metres","72","thousands","3","v18139","5.4","40.3","","","","1"
"2001-03","British Columbia","2016A000259","Butane","Cubic metres","72","thousands","3","v18144","5.5","29.6","","","","1"
"2001-03","British Columbia","2016A000259","Ethane","Cubic metres","72","thousands","3","v18149","5.6","71.4","","","","1"
"2001-03","British Columbia","2016A000259","Sulphur","Tonnes","288","units","0","v18154","5.7","76792","","","","0"
"2001-04","Canada","2016A000011124","Propane","Cubic metres","72","thousands","3","v18135","1.4","754.5","","","","1"
"2001-04","Canada","2016A000011124","Butane","Cubic metres","72","thousands","3","v18140","1.5","471.8","","","","1"
"2001-04","Canada","2016A000011124","Ethane","Cubic metres","72","thousands","3","v18145","1.6","1063.7","","","","1"
"2001-04","Canada","2016A000011124","Sulphur","Tonnes","288","units","0","v18150","1.7","622708","","","","0"
"2001-04","Canada","2016A000011124","Gas use (reprocessing), shrinkage","Cubic metres","72","millions","6","v18132","1.1","296.6","","","t","1"
"2001-04","Canada","2016A000011124","Gas use (reprocessing), flared","Cubic metres","72","millions","6","v18133","1.2","0.6","","","t","1"
"2001-04","Canada","2016A000011124","Gas use (reprocessing), plant fuel","Cubic metres","72","millions","6","v18134","1.3","36.1","","","t","1"
"2001-04","Nova Scotia","2016A000212","Propane","Cubic metres","72","thousands","3","v783740","6.4","14.2","","","","1"
"2001-04","Nova Scotia","2016A000212","Butane","Cubic metres","72","thousands","3","v783741","6.5","9.6","","","","1"
"2001-04","Saskatchewan","2016A000247","Propane","Cubic metres","72","thousands","3","v18137","3.4","3.5","","","","1"
"2001-04","Saskatchewan","2016A000247","Butane","Cubic metres","72","thousands","3","v18142","3.5","1.7","","","","1"
"2001-04","Saskatchewan","2016A000247","Ethane","Cubic metres","72","thousands","3","v18147","3.6","2.6","","","","1"
"2001-04","Alberta","2016A000248","Propane","Cubic metres","72","thousands","3","v18138","4.4","698.8","","","","1"
"2001-04","Alberta","2016A000248","Butane","Cubic metres","72","thousands","3","v18143","4.5","430.3","","","","1"
"2001-04","Alberta","2016A000248","Ethane","Cubic metres","72","thousands","3","v18148","4.6","978.0","","","","1"
"2001-04","Alberta","2016A000248","Sulphur","Tonnes","288","units","0","v18153","4.7","544926","","","","0"
"2001-04","British Columbia","2016A000259","Propane","Cubic metres","72","thousands","3","v18139","5.4","38.0","","","","1"
"2001-04","British Columbia","2016A000259","Butane","Cubic metres","72","thousands","3","v18144","5.5","30.2","","","","1"
"2001-04","British Columbia","2016A000259","Ethane","Cubic metres","72","thousands","3","v18149","5.6","83.1","","","","1"
"2001-04","British Columbia","2016A000259","Sulphur","Tonnes","288","units","0","v18154","5.7","77782","","","","0"
"2001-05","Canada","2016A000011124","Propane","Cubic metres","72","thousands","3","v18135","1.4","783.9","","","","1"
"2001-05","Canada","2016A000011124","Butane","Cubic metres","72","thousands","3","v18140","1.5","493.0","","","","1"
"2001-05","Canada","2016A000011124","Ethane","Cubic metres","72","thousands","3","v18145","1.6","1077.5","","","","1"
"2001-05","Canada","2016A000011124","Sulphur","Tonnes","288","units","0","v18150","1.7","650288","","","","0"
"2001-05","Canada","2016A000011124","Gas use (reprocessing), shrinkage","Cubic metres","72","millions","6","v18132","1.1","290.4","","","t","1"
"2001-05","Canada","2016A000011124","Gas use (reprocessing), flared","Cubic metres","72","millions","6","v18133","1.2","0.4","","","t","1"
"2001-05","Canada","2016A000011124","Gas use (reprocessing), plant fuel","Cubic metres","72","millions","6","v18134","1.3","29.5","","","t","1"
"2001-05","Nova Scotia","2016A000212","Propane","Cubic metres","72","thousands","3","v783740","6.4","21.1","","","","1"
"2001-05","Nova Scotia","2016A000212","Butane","Cubic metres","72","thousands","3","v783741","6.5","13.8","","","","1"
"2001-05","Saskatchewan","2016A000247","Propane","Cubic metres","72","thousands","3","v18137","3.4","2.7","","","","1"
"2001-05","Saskatchewan","2016A000247","Butane","Cubic metres","72","thousands","3","v18142","3.5","1.2","","","","1"
"2001-05","Saskatchewan","2016A000247","Ethane","Cubic metres","72","thousands","3","v18147","3.6","2.2","","","","1"
"2001-05","Alberta","2016A000248","Propane","Cubic metres","72","thousands","3","v18138","4.4","719.0","","","","1"
"2001-05","Alberta","2016A000248","Butane","Cubic metres","72","thousands","3","v18143","4.5","449.7","","","","1"
"2001-05","Alberta","2016A000248","Ethane","Cubic metres","72","thousands","3","v18148","4.6","990.1","","","","1"
"2001-05","Alberta","2016A000248","Sulphur","Tonnes","288","units","0","v18153","4.7","574354","","","","0"
"2001-05","British Columbia","2016A000259","Propane","Cubic metres","72","thousands","3","v18139","5.4","41.1","","","","1"
"2001-05","British Columbia","2016A000259","Butane","Cubic metres","72","thousands","3","v18144","5.5","28.3","","","","1"
"2001-05","British Columbia","2016A000259","Ethane","Cubic metres","72","thousands","3","v18149","5.6","85.2","","","","1"
"2001-05","British Columbia","2016A000259","Sulphur","Tonnes","288","units","0","v18154","5.7","75934","","","","0"
"2001-06","Canada","2016A000011124","Propane","Cubic metres","72","thousands","3","v18135","1.4","870.5","","","","1"
"2001-06","Canada","2016A000011124","Butane","Cubic metres","72","thousands","3","v18140","1.5","506.2","","","","1"
"2001-06","Canada","2016A000011124","Ethane","Cubic metres","72","thousands","3","v18145","1.6","1040.9","","","","1"
"2001-06","Canada","2016A000011124","Sulphur","Tonnes","288","units","0","v18150","1.7","618734","","","","0"
"2001-06","Canada","2016A000011124","Gas use (reprocessing), shrinkage","Cubic metres","72","millions","6","v18132","1.1","308.5","","","t","1"
"2001-06","Canada","2016A000011124","Gas use (reprocessing), flared","Cubic metres","72","millions","6","v18133","1.2","0.3","","","t","1"
"2001-06","Canada","2016A000011124","Gas use (reprocessing), plant fuel","Cubic metres","72","millions","6","v18134","1.3","34.9","","","t","1"
"2001-06","Nova Scotia","2016A000212","Propane","Cubic metres","72","thousands","3","v783740","6.4","22.0","","","","1"
"2001-06","Nova Scotia","2016A000212","Butane","Cubic metres","72","thousands","3","v783741","6.5","13.1","","","","1"
"2001-06","Saskatchewan","2016A000247","Propane","Cubic metres","72","thousands","3","v18137","3.4","3.5","","","","1"
"2001-06","Saskatchewan","2016A000247","Butane","Cubic metres","72","thousands","3","v18142","3.5","1.7","","","","1"
"2001-06","Saskatchewan","2016A000247","Ethane","Cubic metres","72","thousands","3","v18147","3.6","3.0","","","","1"
"2001-06","Alberta","2016A000248","Propane","Cubic metres","72","thousands","3","v18138","4.4","809.1","","","","1"
"2001-06","Alberta","2016A000248","Butane","Cubic metres","72","thousands","3","v18143","4.5","464.6","","","","1"
"2001-06","Alberta","2016A000248","Ethane","Cubic metres","72","thousands","3","v18148","4.6","972.8","","","","1"
"2001-06","Alberta","2016A000248","Sulphur","Tonnes","288","units","0","v18153","4.7","556357","","","","0"
"2001-06","British Columbia","2016A000259","Propane","Cubic metres","72","thousands","3","v18139","5.4","35.9","","","","1"
"2001-06","British Columbia","2016A000259","Butane","Cubic metres","72","thousands","3","v18144","5.5","26.8","","","","1"
"2001-06","British Columbia","2016A000259","Ethane","Cubic metres","72","thousands","3","v18149","5.6","65.1","","","","1"
"2001-06","British Columbia","2016A000259","Sulphur","Tonnes","288","units","0","v18154","5.7","62377","","","","0"
"2001-07","Canada","2016A000011124","Propane","Cubic metres","72","thousands","3","v18135","1.4","809.7","","","","1"
"2001-07","Canada","2016A000011124","Butane","Cubic metres","72","thousands","3","v18140","1.5","505.3","","","","1"
"2001-07","Canada","2016A000011124","Ethane","Cubic metres","72","thousands","3","v18145","1.6","1091.3","","","","1"
"2001-07","Canada","2016A000011124","Sulphur","Tonnes","288","units","0","v18150","1.7","663551","","","","0"
"2001-07","Canada","2016A000011124","Gas use (reprocessing), shrinkage","Cubic metres","72","millions","6","v18132","1.1","169.3","","","t","1"
"2001-07","Canada","2016A000011124","Gas use (reprocessing), flared","Cubic metres","72","millions","6","v18133","1.2","0.1","","","t","1"
"2001-07","Canada","2016A000011124","Gas use (reprocessing), plant fuel","Cubic metres","72","millions","6","v18134","1.3","14.2","","","t","1"
"2001-07","Nova Scotia","2016A000212","Propane","Cubic metres","72","thousands","3","v783740","6.4","17.2","","","","1"
"2001-07","Nova Scotia","2016A000212","Butane","Cubic metres","72","thousands","3","v783741","6.5","10.9","","","","1"
"2001-07","Saskatchewan","2016A000247","Propane","Cubic metres","72","thousands","3","v18137","3.4","3.6","","","","1"
"2001-07","Saskatchewan","2016A000247","Butane","Cubic metres","72","thousands","3","v18142","3.5","1.8","","","","1"
"2001-07","Saskatchewan","2016A000247","Ethane","Cubic metres","72","thousands","3","v18147","3.6","1.4","","","","1"
"2001-07","Alberta","2016A000248","Propane","Cubic metres","72","thousands","3","v18138","4.4","749.7","","","","1"
"2001-07","Alberta","2016A000248","Butane","Cubic metres","72","thousands","3","v18143","4.5","462.3","","","","1"
"2001-07","Alberta","2016A000248","Ethane","Cubic metres","72","thousands","3","v18148","4.6","1010.0","","","","1"
"2001-07","Alberta","2016A000248","Sulphur","Tonnes","288","units","0","v18153","4.7","583918","","","","0"
"2001-07","British Columbia","2016A000259","Propane","Cubic metres","72","thousands","3","v18139","5.4","39.2","","","","1"
"2001-07","British Columbia","2016A000259","Butane","Cubic metres","72","thousands","3","v18144","5.5","30.3","","","","1"
"2001-07","British Columbia","2016A000259","Ethane","Cubic metres","72","thousands","3","v18149","5.6","79.9","","","","1"
"2001-07","British Columbia","2016A000259","Sulphur","Tonnes","288","units","0","v18154","5.7","79633","","","","0"
"2001-08","Canada","2016A000011124","Propane","Cubic metres","72","thousands","3","v18135","1.4","871.9","","","","1"
"2001-08","Canada","2016A000011124","Butane","Cubic metres","72","thousands","3","v18140","1.5","511.5","","","","1"
"2001-08","Canada","2016A000011124","Ethane","Cubic metres","72","thousands","3","v18145","1.6","1103.4","","","","1"
"2001-08","Canada","2016A000011124","Sulphur","Tonnes","288","units","0","v18150","1.7","667355","","","","0"
"2001-08","Canada","2016A000011124","Gas use (reprocessing), shrinkage","Cubic metres","72","millions","6","v18132","1.1","344.3","","","t","1"
"2001-08","Canada","2016A000011124","Gas use (reprocessing), flared","Cubic metres","72","millions","6","v18133","1.2","0.4","","","t","1"
"2001-08","Canada","2016A000011124","Gas use (reprocessing), plant fuel","Cubic metres","72","millions","6","v18134","1.3","33.7","","","t","1"
"2001-08","Nova Scotia","2016A000212","Propane","Cubic metres","72","thousands","3","v783740","6.4","26.4","","","","1"
"2001-08","Nova Scotia","2016A000212","Butane","Cubic metres","72","thousands","3","v783741","6.5","17.3","","","","1"
"2001-08","Saskatchewan","2016A000247","Propane","Cubic metres","72","thousands","3","v18137","3.4","3.6","","","","1"
"2001-08","Saskatchewan","2016A000247","Butane","Cubic metres","72","thousands","3","v18142","3.5","1.8","","","","1"
"2001-08","Saskatchewan","2016A000247","Ethane","Cubic metres","72","thousands","3","v18147","3.6","2.9","","","","1"
"2001-08","Alberta","2016A000248","Propane","Cubic metres","72","thousands","3","v18138","4.4","800.1","","","","1"
"2001-08","Alberta","2016A000248","Butane","Cubic metres","72","thousands","3","v18143","4.5","461.1","","","","1"
"2001-08","Alberta","2016A000248","Ethane","Cubic metres","72","thousands","3","v18148","4.6","1017.3","","","","1"
"2001-08","Alberta","2016A000248","Sulphur","Tonnes","288","units","0","v18153","4.7","588505","","","","0"
"2001-08","British Columbia","2016A000259","Propane","Cubic metres","72","thousands","3","v18139","5.4","41.8","","","","1"
"2001-08","British Columbia","2016A000259","Butane","Cubic metres","72","thousands","3","v18144","5.5","31.3","","","","1"
"2001-08","British Columbia","2016A000259","Ethane","Cubic metres","72","thousands","3","v18149","5.6","83.2","","","","1"
"2001-08","British Columbia","2016A000259","Sulphur","Tonnes","288","units","0","v18154","5.7","78850","","","","0"
"2001-09","Canada","2016A000011124","Propane","Cubic metres","72","thousands","3","v18135","1.4","733.5","","","","1"
"2001-09","Canada","2016A000011124","Butane","Cubic metres","72","thousands","3","v18140","1.5","451.1","","","","1"
"2001-09","Canada","2016A000011124","Ethane","Cubic metres","72","thousands","3","v18145","1.6","1069.8","","","","1"
"2001-09","Canada","2016A000011124","Sulphur","Tonnes","288","units","0","v18150","1.7","615612","","","","0"
"2001-09","Canada","2016A000011124","Gas use (reprocessing), shrinkage","Cubic metres","72","millions","6","v18132","1.1","301.2","","","t","1"
"2001-09","Canada","2016A000011124","Gas use (reprocessing), flared","Cubic metres","72","millions","6","v18133","1.2","0.3","","","t","1"
"2001-09","Canada","2016A000011124","Gas use (reprocessing), plant fuel","Cubic metres","72","millions","6","v18134","1.3","31.9","","","t","1"
"2001-09","Nova Scotia","2016A000212","Propane","Cubic metres","72","thousands","3","v783740","6.4","16.6","","","","1"
"2001-09","Nova Scotia","2016A000212","Butane","Cubic metres","72","thousands","3","v783741","6.5","11.9","","","","1"
"2001-09","Saskatchewan","2016A000247","Propane","Cubic metres","72","thousands","3","v18137","3.4","3.7","","","","1"
"2001-09","Saskatchewan","2016A000247","Butane","Cubic metres","72","thousands","3","v18142","3.5","1.8","","","","1"
"2001-09","Saskatchewan","2016A000247","Ethane","Cubic metres","72","thousands","3","v18147","3.6","1.0","","","","1"
"2001-09","Alberta","2016A000248","Propane","Cubic metres","72","thousands","3","v18138","4.4","780.5","","","","1"
"2001-09","Alberta","2016A000248","Butane","Cubic metres","72","thousands","3","v18143","4.5","458.8","","","","1"
"2001-09","Alberta","2016A000248","Ethane","Cubic metres","72","thousands","3","v18148","4.6","992.7","","","","1"
"2001-09","Alberta","2016A000248","Sulphur","Tonnes","288","units","0","v18153","4.7","539067","","","","0"
"2001-09","British Columbia","2016A000259","Propane","Cubic metres","72","thousands","3","v18139","5.4","37.0","","","","1"
"2001-09","British Columbia","2016A000259","Butane","Cubic metres","72","thousands","3","v18144","5.5","29.1","","","","1"
"2001-09","British Columbia","2016A000259","Ethane","Cubic metres","72","thousands","3","v18149","5.6","76.1","","","","1"
"2001-09","British Columbia","2016A000259","Sulphur","Tonnes","288","units","0","v18154","5.7","76545","","","","0"
"2001-10","Canada","2016A000011124","Propane","Cubic metres","72","thousands","3","v18135","1.4","838.0","","","","1"
"2001-10","Canada","2016A000011124","Butane","Cubic metres","72","thousands","3","v18140","1.5","530.8","","","","1"
"2001-10","Canada","2016A000011124","Ethane","Cubic metres","72","thousands","3","v18145","1.6","1077.9","","","","1"
"2001-10","Canada","2016A000011124","Sulphur","Tonnes","288","units","0","v18150","1.7","656259","","","","0"
"2001-10","Canada","2016A000011124","Gas use (reprocessing), shrinkage","Cubic metres","72","millions","6","v18132","1.1","368.5","","","t","1"
"2001-10","Canada","2016A000011124","Gas use (reprocessing), flared","Cubic metres","72","millions","6","v18133","1.2","0.4","","","t","1"
"2001-10","Canada","2016A000011124","Gas use (reprocessing), plant fuel","Cubic metres","72","millions","6","v18134","1.3","37.6","","","t","1"
"2001-10","Nova Scotia","2016A000212","Propane","Cubic metres","72","thousands","3","v783740","6.4","13.8","","","","1"
"2001-10","Nova Scotia","2016A000212","Butane","Cubic metres","72","thousands","3","v783741","6.5","10.6","","","","1"
"2001-10","Saskatchewan","2016A000247","Propane","Cubic metres","72","thousands","3","v18137","3.4","3.7","","","","1"
"2001-10","Saskatchewan","2016A000247","Butane","Cubic metres","72","thousands","3","v18142","3.5","1.9","","","","1"
"2001-10","Saskatchewan","2016A000247","Ethane","Cubic metres","72","thousands","3","v18147","3.6","3.9","","","","1"
"2001-10","Alberta","2016A000248","Propane","Cubic metres","72","thousands","3","v18138","4.4","779.3","","","","1"
"2001-10","Alberta","2016A000248","Butane","Cubic metres","72","thousands","3","v18143","4.5","487.3","","","","1"
"2001-10","Alberta","2016A000248","Ethane","Cubic metres","72","thousands","3","v18148","4.6","974.3","","","","1"
"2001-10","Alberta","2016A000248","Sulphur","Tonnes","288","units","0","v18153","4.7","578906","","","","0"
"2001-10","British Columbia","2016A000259","Propane","Cubic metres","72","thousands","3","v18139","5.4","41.2","","","","1"
"2001-10","British Columbia","2016A000259","Butane","Cubic metres","72","thousands","3","v18144","5.5","31.0","","","","1"
"2001-10","British Columbia","2016A000259","Ethane","Cubic metres","72","thousands","3","v18149","5.6","99.7","","","","1"
"2001-10","British Columbia","2016A000259","Sulphur","Tonnes","288","units","0","v18154","5.7","77353","","","","0"
"2001-11","Canada","2016A000011124","Propane","Cubic metres","72","thousands","3","v18135","1.4","957.7","","","","1"
"2001-11","Canada","2016A000011124","Butane","Cubic metres","72","thousands","3","v18140","1.5","515.5","","","","1"
"2001-11","Canada","2016A000011124","Ethane","Cubic metres","72","thousands","3","v18145","1.6","1199.0","","","","1"
"2001-11","Canada","2016A000011124","Sulphur","Tonnes","288","units","0","v18150","1.7","650721","","","","0"
"2001-11","Canada","2016A000011124","Gas use (reprocessing), shrinkage","Cubic metres","72","millions","6","v18132","1.1","321.8","","","t","1"
"2001-11","Canada","2016A000011124","Gas use (reprocessing), flared","Cubic metres","72","millions","6","v18133","1.2","0.4","","","t","1"
"2001-11","Canada","2016A000011124","Gas use (reprocessing), plant fuel","Cubic metres","72","millions","6","v18134","1.3","31.5","","","t","1"
"2001-11","Nova Scotia","2016A000212","Propane","Cubic metres","72","thousands","3","v783740","6.4","17.4","","","","1"
"2001-11","Nova Scotia","2016A000212","Butane","Cubic metres","72","thousands","3","v783741","6.5","13.4","","","","1"
"2001-11","Saskatchewan","2016A000247","Propane","Cubic metres","72","thousands","3","v18137","3.4","3.5","","","","1"
"2001-11","Saskatchewan","2016A000247","Butane","Cubic metres","72","thousands","3","v18142","3.5","1.8","","","","1"
"2001-11","Saskatchewan","2016A000247","Ethane","Cubic metres","72","thousands","3","v18147","3.6","3.1","","","","1"
"2001-11","Alberta","2016A000248","Propane","Cubic metres","72","thousands","3","v18138","4.4","898.4","","","","1"
"2001-11","Alberta","2016A000248","Butane","Cubic metres","72","thousands","3","v18143","4.5","471.6","","","","1"
"2001-11","Alberta","2016A000248","Ethane","Cubic metres","72","thousands","3","v18148","4.6","1094.0","","","","1"
"2001-11","Alberta","2016A000248","Sulphur","Tonnes","288","units","0","v18153","4.7","578338","","","","0"
"2001-11","British Columbia","2016A000259","Propane","Cubic metres","72","thousands","3","v18139","5.4","38.4","","","","1"
"2001-11","British Columbia","2016A000259","Butane","Cubic metres","72","thousands","3","v18144","5.5","28.7","","","","1"
"2001-11","British Columbia","2016A000259","Ethane","Cubic metres","72","thousands","3","v18149","5.6","101.9","","","","1"
"2001-11","British Columbia","2016A000259","Sulphur","Tonnes","288","units","0","v18154","5.7","72383","","","","0"
"2001-12","Canada","2016A000011124","Propane","Cubic metres","72","thousands","3","v18135","1.4","986.8","","","","1"
"2001-12","Canada","2016A000011124","Butane","Cubic metres","72","thousands","3","v18140","1.5","560.5","","","","1"
"2001-12","Canada","2016A000011124","Ethane","Cubic metres","72","thousands","3","v18145","1.6","1249.8","","","","1"
"2001-12","Canada","2016A000011124","Sulphur","Tonnes","288","units","0","v18150","1.7","683392","","","","0"
"2001-12","Canada","2016A000011124","Gas use (reprocessing), shrinkage","Cubic metres","72","millions","6","v18132","1.1","321.8","","","t","1"
"2001-12","Canada","2016A000011124","Gas use (reprocessing), flared","Cubic metres","72","millions","6","v18133","1.2","0.4","","","t","1"
"2001-12","Canada","2016A000011124","Gas use (reprocessing), plant fuel","Cubic metres","72","millions","6","v18134","1.3","32.1","","","t","1"
"2001-12","Nova Scotia","2016A000212","Propane","Cubic metres","72","thousands","3","v783740","6.4","12.0","","","","1"
"2001-12","Nova Scotia","2016A000212","Butane","Cubic metres","72","thousands","3","v783741","6.5","11.3","","","","1"
"2001-12","Saskatchewan","2016A000247","Propane","Cubic metres","72","thousands","3","v18137","3.4","3.5","","","","1"
"2001-12","Saskatchewan","2016A000247","Butane","Cubic metres","72","thousands","3","v18142","3.5","1.8","","","","1"
"2001-12","Saskatchewan","2016A000247","Ethane","Cubic metres","72","thousands","3","v18147","3.6","2.7","","","","1"
"2001-12","Alberta","2016A000248","Propane","Cubic metres","72","thousands","3","v18138","4.4","933.8","","","","1"
"2001-12","Alberta","2016A000248","Butane","Cubic metres","72","thousands","3","v18143","4.5","518.4","","","","1"
"2001-12","Alberta","2016A000248","Ethane","Cubic metres","72","thousands","3","v18148","4.6","1143.2","","","","1"
"2001-12","Alberta","2016A000248","Sulphur","Tonnes","288","units","0","v18153","4.7","606950","","","","0"
"2001-12","British Columbia","2016A000259","Propane","Cubic metres","72","thousands","3","v18139","5.4","37.5","","","","1"
"2001-12","British Columbia","2016A000259","Butane","Cubic metres","72","thousands","3","v18144","5.5","29.0","","","","1"
"2001-12","British Columbia","2016A000259","Ethane","Cubic metres","72","thousands","3","v18149","5.6","103.9","","","","1"
"2001-12","British Columbia","2016A000259","Sulphur","Tonnes","288","units","0","v18154","5.7","76442","","","","0"
"2002-01","Canada","2016A000011124","Propane","Cubic metres","72","thousands","3","v18135","1.4","844.1","","","","1"
"2002-01","Canada","2016A000011124","Butane","Cubic metres","72","thousands","3","v18140","1.5","524.4","","","","1"
"2002-01","Canada","2016A000011124","Ethane","Cubic metres","72","thousands","3","v18145","1.6","1205.4","","","","1"
"2002-01","Canada","2016A000011124","Sulphur","Tonnes","288","units","0","v18150","1.7","662692","","","","0"
"2002-01","Canada","2016A000011124","Gas use (reprocessing), shrinkage","Cubic metres","72","millions","6","v18132","1.1","354.0","","","t","1"
"2002-01","Canada","2016A000011124","Gas use (reprocessing), flared","Cubic metres","72","millions","6","v18133","1.2","0.4","","","t","1"
"2002-01","Canada","2016A000011124","Gas use (reprocessing), plant fuel","Cubic metres","72","millions","6","v18134","1.3","48.1","","","t","1"
"2002-01","Nova Scotia","2016A000212","Propane","Cubic metres","72","thousands","3","v783740","6.4","15.7","","","","1"
"2002-01","Nova Scotia","2016A000212","Butane","Cubic metres","72","thousands","3","v783741","6.5","11.2","","","","1"
"2002-01","Saskatchewan","2016A000247","Propane","Cubic metres","72","thousands","3","v18137","3.4","3.7","","","","1"
"2002-01","Saskatchewan","2016A000247","Butane","Cubic metres","72","thousands","3","v18142","3.5","1.9","","","","1"
"2002-01","Saskatchewan","2016A000247","Ethane","Cubic metres","72","thousands","3","v18147","3.6","1.6","","","","1"
"2002-01","Alberta","2016A000248","Propane","Cubic metres","72","thousands","3","v18138","4.4","789.2","","","","1"
"2002-01","Alberta","2016A000248","Butane","Cubic metres","72","thousands","3","v18143","4.5","482.7","","","","1"
"2002-01","Alberta","2016A000248","Ethane","Cubic metres","72","thousands","3","v18148","4.6","1099.9","","","","1"
"2002-01","Alberta","2016A000248","Sulphur","Tonnes","288","units","0","v18153","4.7","593882","","","","0"
"2002-01","British Columbia","2016A000259","Propane","Cubic metres","72","thousands","3","v18139","5.4","35.5","","","","1"
"2002-01","British Columbia","2016A000259","Butane","Cubic metres","72","thousands","3","v18144","5.5","28.6","","","","1"
"2002-01","British Columbia","2016A000259","Ethane","Cubic metres","72","thousands","3","v18149","5.6","103.9","","","","1"
"2002-01","British Columbia","2016A000259","Sulphur","Tonnes","288","units","0","v18154","5.7","68810","","","","0"
"2002-02","Canada","2016A000011124","Propane","Cubic metres","72","thousands","3","v18135","1.4","765.8","","","","1"
"2002-02","Canada","2016A000011124","Butane","Cubic metres","72","thousands","3","v18140","1.5","417.3","","","","1"
"2002-02","Canada","2016A000011124","Ethane","Cubic metres","72","thousands","3","v18145","1.6","1193.9","","","","1"
"2002-02","Canada","2016A000011124","Sulphur","Tonnes","288","units","0","v18150","1.7","616666","","","","0"
"2002-02","Canada","2016A000011124","Gas use (reprocessing), shrinkage","Cubic metres","72","millions","6","v18132","1.1","354.6","","","t","1"
"2002-02","Canada","2016A000011124","Gas use (reprocessing), flared","Cubic metres","72","millions","6","v18133","1.2","0.2","","","t","1"
"2002-02","Canada","2016A000011124","Gas use (reprocessing), plant fuel","Cubic metres","72","millions","6","v18134","1.3","38.9","","","t","1"
"2002-02","Nova Scotia","2016A000212","Propane","Cubic metres","72","thousands","3","v783740","6.4","15.3","","","","1"
"2002-02","Nova Scotia","2016A000212","Butane","Cubic metres","72","thousands","3","v783741","6.5","11.9","","","","1"
"2002-02","Saskatchewan","2016A000247","Propane","Cubic metres","72","thousands","3","v18137","3.4","3.3","","","","1"
"2002-02","Saskatchewan","2016A000247","Butane","Cubic metres","72","thousands","3","v18142","3.5","1.6","","","","1"
"2002-02","Saskatchewan","2016A000247","Ethane","Cubic metres","72","thousands","3","v18147","3.6","2.5","","","","1"
"2002-02","Alberta","2016A000248","Propane","Cubic metres","72","thousands","3","v18138","4.4","713.7","","","","1"
"2002-02","Alberta","2016A000248","Butane","Cubic metres","72","thousands","3","v18143","4.5","378.7","","","","1"
"2002-02","Alberta","2016A000248","Ethane","Cubic metres","72","thousands","3","v18148","4.6","1101.0","","","","1"
"2002-02","Alberta","2016A000248","Sulphur","Tonnes","288","units","0","v18153","4.7","544927","","","","0"
"2002-02","British Columbia","2016A000259","Propane","Cubic metres","72","thousands","3","v18139","5.4","33.5","","","","1"
"2002-02","British Columbia","2016A000259","Butane","Cubic metres","72","thousands","3","v18144","5.5","25.1","","","","1"
"2002-02","British Columbia","2016A000259","Ethane","Cubic metres","72","thousands","3","v18149","5.6","90.4","","","","1"
"2002-02","British Columbia","2016A000259","Sulphur","Tonnes","288","units","0","v18154","5.7","71739","","","","0"
"2002-03","Canada","2016A000011124","Propane","Cubic metres","72","thousands","3","v18135","1.4","745.2","","","","1"
"2002-03","Canada","2016A000011124","Butane","Cubic metres","72","thousands","3","v18140","1.5","493.0","","","","1"
"2002-03","Canada","2016A000011124","Ethane","Cubic metres","72","thousands","3","v18145","1.6","1276.2","","","","1"
"2002-03","Canada","2016A000011124","Sulphur","Tonnes","288","units","0","v18150","1.7","681750","","","","0"
"2002-03","Canada","2016A000011124","Gas use (reprocessing), shrinkage","Cubic metres","72","millions","6","v18132","1.1","376.0","","","t","1"
"2002-03","Canada","2016A000011124","Gas use (reprocessing), flared","Cubic metres","72","millions","6","v18133","1.2","0.2","","","t","1"
"2002-03","Canada","2016A000011124","Gas use (reprocessing), plant fuel","Cubic metres","72","millions","6","v18134","1.3","44.4","","","t","1"
"2002-03","Nova Scotia","2016A000212","Propane","Cubic metres","72","thousands","3","v783740","6.4","17.0","","","","1"
"2002-03","Nova Scotia","2016A000212","Butane","Cubic metres","72","thousands","3","v783741","6.5","13.4","","","","1"
"2002-03","Saskatchewan","2016A000247","Propane","Cubic metres","72","thousands","3","v18137","3.4","1.9","","","","1"
"2002-03","Saskatchewan","2016A000247","Butane","Cubic metres","72","thousands","3","v18142","3.5","1.0","","","","1"
"2002-03","Saskatchewan","2016A000247","Ethane","Cubic metres","72","thousands","3","v18147","3.6","2.5","","","","1"
"2002-03","Alberta","2016A000248","Propane","Cubic metres","72","thousands","3","v18138","4.4","696.9","","","","1"
"2002-03","Alberta","2016A000248","Butane","Cubic metres","72","thousands","3","v18143","4.5","452.8","","","","1"
"2002-03","Alberta","2016A000248","Ethane","Cubic metres","72","thousands","3","v18148","4.6","1183.3","","","","1"
"2002-03","Alberta","2016A000248","Sulphur","Tonnes","288","units","0","v18153","4.7","604048","","","","0"
"2002-03","British Columbia","2016A000259","Propane","Cubic metres","72","thousands","3","v18139","5.4","29.4","","","","1"
"2002-03","British Columbia","2016A000259","Butane","Cubic metres","72","thousands","3","v18144","5.5","25.8","","","","1"
"2002-03","British Columbia","2016A000259","Ethane","Cubic metres","72","thousands","3","v18149","5.6","90.4","","","","1"
"2002-03","British Columbia","2016A000259","Sulphur","Tonnes","288","units","0","v18154","5.7","77702","","","","0"
"2002-04","Canada","2016A000011124","Propane","Cubic metres","72","thousands","3","v18135","1.4","716.9","","","","1"
"2002-04","Canada","2016A000011124","Butane","Cubic metres","72","thousands","3","v18140","1.5","412.7","","","","1"
"2002-04","Canada","2016A000011124","Ethane","Cubic metres","72","thousands","3","v18145","1.6","1222.6","","","","1"
"2002-04","Canada","2016A000011124","Sulphur","Tonnes","288","units","0","v18150","1.7","641491","","","","0"
"2002-04","Canada","2016A000011124","Gas use (reprocessing), shrinkage","Cubic metres","72","millions","6","v18132","1.1","338.3","","","t","1"
"2002-04","Canada","2016A000011124","Gas use (reprocessing), flared","Cubic metres","72","millions","6","v18133","1.2","0.3","","","t","1"
"2002-04","Canada","2016A000011124","Gas use (reprocessing), plant fuel","Cubic metres","72","millions","6","v18134","1.3","128.8","","","t","1"
"2002-04","Nova Scotia","2016A000212","Propane","Cubic metres","72","thousands","3","v783740","6.4","15.7","","","","1"
"2002-04","Nova Scotia","2016A000212","Butane","Cubic metres","72","thousands","3","v783741","6.5","11.2","","","","1"
"2002-04","Saskatchewan","2016A000247","Propane","Cubic metres","72","thousands","3","v18137","3.4","3.4","","","","1"
"2002-04","Saskatchewan","2016A000247","Butane","Cubic metres","72","thousands","3","v18142","3.5","1.8","","","","1"
"2002-04","Saskatchewan","2016A000247","Ethane","Cubic metres","72","thousands","3","v18147","3.6","2.2","","","","1"
"2002-04","Alberta","2016A000248","Propane","Cubic metres","72","thousands","3","v18138","4.4","671.5","","","","1"
"2002-04","Alberta","2016A000248","Butane","Cubic metres","72","thousands","3","v18143","4.5","375.5","","","","1"
"2002-04","Alberta","2016A000248","Ethane","Cubic metres","72","thousands","3","v18148","4.6","1109.3","","","","1"
"2002-04","Alberta","2016A000248","Sulphur","Tonnes","288","units","0","v18153","4.7","566257","","","","0"
"2002-04","British Columbia","2016A000259","Propane","Cubic metres","72","thousands","3","v18139","5.4","26.3","","","","1"
"2002-04","British Columbia","2016A000259","Butane","Cubic metres","72","thousands","3","v18144","5.5","24.2","","","","1"
"2002-04","British Columbia","2016A000259","Ethane","Cubic metres","72","thousands","3","v18149","5.6","111.1","","","","1"
"2002-04","British Columbia","2016A000259","Sulphur","Tonnes","288","units","0","v18154","5.7","75234","","","","0"
"2002-05","Canada","2016A000011124","Propane","Cubic metres","72","thousands","3","v18135","1.4","722.5","","","","1"
"2002-05","Canada","2016A000011124","Butane","Cubic metres","72","thousands","3","v18140","1.5","415.7","","","","1"
"2002-05","Canada","2016A000011124","Ethane","Cubic metres","72","thousands","3","v18145","1.6","1218.6","","","","1"
"2002-05","Canada","2016A000011124","Sulphur","Tonnes","288","units","0","v18150","1.7","634298","","","","0"
"2002-05","Canada","2016A000011124","Gas use (reprocessing), shrinkage","Cubic metres","72","millions","6","v18132","1.1","281.8","","","t","1"
"2002-05","Canada","2016A000011124","Gas use (reprocessing), flared","Cubic metres","72","millions","6","v18133","1.2","0.2","","","t","1"
"2002-05","Canada","2016A000011124","Gas use (reprocessing), plant fuel","Cubic metres","72","millions","6","v18134","1.3","19.5","","","t","1"
"2002-05","Nova Scotia","2016A000212","Propane","Cubic metres","72","thousands","3","v783740","6.4","21.9","","","","1"
"2002-05","Nova Scotia","2016A000212","Butane","Cubic metres","72","thousands","3","v783741","6.5","13.1","","","","1"
"2002-05","Saskatchewan","2016A000247","Propane","Cubic metres","72","thousands","3","v18137","3.4","3.6","","","","1"
"2002-05","Saskatchewan","2016A000247","Butane","Cubic metres","72","thousands","3","v18142","3.5","2.0","","","","1"
"2002-05","Saskatchewan","2016A000247","Ethane","Cubic metres","72","thousands","3","v18147","3.6","0.6","","","","1"
"2002-05","Alberta","2016A000248","Propane","Cubic metres","72","thousands","3","v18138","4.4","667.5","","","","1"
"2002-05","Alberta","2016A000248","Butane","Cubic metres","72","thousands","3","v18143","4.5","371.6","","","","1"
"2002-05","Alberta","2016A000248","Ethane","Cubic metres","72","thousands","3","v18148","4.6","1108.1","","","","1"
"2002-05","Alberta","2016A000248","Sulphur","Tonnes","288","units","0","v18153","4.7","558161","","","","0"
"2002-05","British Columbia","2016A000259","Propane","Cubic metres","72","thousands","3","v18139","5.4","29.5","","","","1"
"2002-05","British Columbia","2016A000259","Butane","Cubic metres","72","thousands","3","v18144","5.5","29.0","","","","1"
"2002-05","British Columbia","2016A000259","Ethane","Cubic metres","72","thousands","3","v18149","5.6","109.9","","","","1"
"2002-05","British Columbia","2016A000259","Sulphur","Tonnes","288","units","0","v18154","5.7","76137","","","","0"
"2002-06","Canada","2016A000011124","Propane","Cubic metres","72","thousands","3","v18135","1.4","732.9","","","","1"
"2002-06","Canada","2016A000011124","Butane","Cubic metres","72","thousands","3","v18140","1.5","417.2","","","","1"
"2002-06","Canada","2016A000011124","Ethane","Cubic metres","72","thousands","3","v18145","1.6","1122.4","","","","1"
"2002-06","Canada","2016A000011124","Sulphur","Tonnes","288","units","0","v18150","1.7","517642","","","","0"
"2002-06","Canada","2016A000011124","Gas use (reprocessing), shrinkage","Cubic metres","72","millions","6","v18132","1.1","333.3","","","t","1"
"2002-06","Canada","2016A000011124","Gas use (reprocessing), flared","Cubic metres","72","millions","6","v18133","1.2","0.5","","","t","1"
"2002-06","Canada","2016A000011124","Gas use (reprocessing), plant fuel","Cubic metres","72","millions","6","v18134","1.3","37.3","","","t","1"
"2002-06","Nova Scotia","2016A000212","Propane","Cubic metres","72","thousands","3","v783740","6.4","27.1","","","","1"
"2002-06","Nova Scotia","2016A000212","Butane","Cubic metres","72","thousands","3","v783741","6.5","12.9","","","","1"
"2002-06","Saskatchewan","2016A000247","Propane","Cubic metres","72","thousands","3","v18137","3.4","3.0","","","","1"
"2002-06","Saskatchewan","2016A000247","Butane","Cubic metres","72","thousands","3","v18142","3.5","1.8","","","","1"
"2002-06","Saskatchewan","2016A000247","Ethane","Cubic metres","72","thousands","3","v18147","3.6","2.9","","","","1"
"2002-06","Alberta","2016A000248","Propane","Cubic metres","72","thousands","3","v18138","4.4","675.0","","","","1"
"2002-06","Alberta","2016A000248","Butane","Cubic metres","72","thousands","3","v18143","4.5","378.0","","","","1"
"2002-06","Alberta","2016A000248","Ethane","Cubic metres","72","thousands","3","v18148","4.6","1019.4","","","","1"
"2002-06","Alberta","2016A000248","Sulphur","Tonnes","288","units","0","v18153","4.7","452175","","","","0"
"2002-06","British Columbia","2016A000259","Propane","Cubic metres","72","thousands","3","v18139","5.4","27.8","","","","1"
"2002-06","British Columbia","2016A000259","Butane","Cubic metres","72","thousands","3","v18144","5.5","24.5","","","","1"
"2002-06","British Columbia","2016A000259","Ethane","Cubic metres","72","thousands","3","v18149","5.6","100.1","","","","1"
"2002-06","British Columbia","2016A000259","Sulphur","Tonnes","288","units","0","v18154","5.7","65467","","","","0"
"2002-07","Canada","2016A000011124","Propane","Cubic metres","72","thousands","3","v18135","1.4","735.4","","","","1"
"2002-07","Canada","2016A000011124","Butane","Cubic metres","72","thousands","3","v18140","1.5","427.4","","","","1"
"2002-07","Canada","2016A000011124","Ethane","Cubic metres","72","thousands","3","v18145","1.6","1239.5","","","","1"
"2002-07","Canada","2016A000011124","Sulphur","Tonnes","288","units","0","v18150","1.7","617713","","","","0"
"2002-07","Canada","2016A000011124","Gas use (reprocessing), shrinkage","Cubic metres","72","millions","6","v18132","1.1","146.6","","","t","1"
"2002-07","Canada","2016A000011124","Gas use (reprocessing), flared","Cubic metres","72","millions","6","v18133","1.2","0.2","","","t","1"
"2002-07","Canada","2016A000011124","Gas use (reprocessing), plant fuel","Cubic metres","72","millions","6","v18134","1.3","12.7","","","t","1"
"2002-07","Nova Scotia","2016A000212","Propane","Cubic metres","72","thousands","3","v783740","6.4","24.3","","","","1"
"2002-07","Nova Scotia","2016A000212","Butane","Cubic metres","72","thousands","3","v783741","6.5","14.7","","","","1"
"2002-07","Saskatchewan","2016A000247","Propane","Cubic metres","72","thousands","3","v18137","3.4","3.6","","","","1"
"2002-07","Saskatchewan","2016A000247","Butane","Cubic metres","72","thousands","3","v18142","3.5","2.0","","","","1"
"2002-07","Saskatchewan","2016A000247","Ethane","Cubic metres","72","thousands","3","v18147","3.6","2.0","","","","1"
"2002-07","Alberta","2016A000248","Propane","Cubic metres","72","thousands","3","v18138","4.4","659.9","","","","1"
"2002-07","Alberta","2016A000248","Butane","Cubic metres","72","thousands","3","v18143","4.5","388.0","","","","1"
"2002-07","Alberta","2016A000248","Ethane","Cubic metres","72","thousands","3","v18148","4.6","1124.1","","","","1"
"2002-07","Alberta","2016A000248","Sulphur","Tonnes","288","units","0","v18153","4.7","543791","","","","0"
"2002-07","British Columbia","2016A000259","Propane","Cubic metres","72","thousands","3","v18139","5.4","47.6","","","","1"
"2002-07","British Columbia","2016A000259","Butane","Cubic metres","72","thousands","3","v18144","5.5","22.7","","","","1"
"2002-07","British Columbia","2016A000259","Ethane","Cubic metres","72","thousands","3","v18149","5.6","113.4","","","","1"
"2002-07","British Columbia","2016A000259","Sulphur","Tonnes","288","units","0","v18154","5.7","73922","","","","0"
"2002-08","Canada","2016A000011124","Propane","Cubic metres","72","thousands","3","v18135","1.4","666.4","","","","1"
"2002-08","Canada","2016A000011124","Butane","Cubic metres","72","thousands","3","v18140","1.5","374.6","","","","1"
"2002-08","Canada","2016A000011124","Ethane","Cubic metres","72","thousands","3","v18145","1.6","1128.6","","","","1"
"2002-08","Canada","2016A000011124","Sulphur","Tonnes","288","units","0","v18150","1.7","653425","","","","0"
"2002-08","Canada","2016A000011124","Gas use (reprocessing), shrinkage","Cubic metres","72","millions","6","v18132","1.1","383.3","","","t","1"
"2002-08","Canada","2016A000011124","Gas use (reprocessing), flared","Cubic metres","72","millions","6","v18133","1.2","1.1","","","t","1"
"2002-08","Canada","2016A000011124","Gas use (reprocessing), plant fuel","Cubic metres","72","millions","6","v18134","1.3","33.3","","","t","1"
"2002-08","Nova Scotia","2016A000212","Propane","Cubic metres","72","thousands","3","v783740","6.4","22.0","","","","1"
"2002-08","Nova Scotia","2016A000212","Butane","Cubic metres","72","thousands","3","v783741","6.5","14.2","","","","1"
"2002-08","Saskatchewan","2016A000247","Propane","Cubic metres","72","thousands","3","v18137","3.4","3.0","","","","1"
"2002-08","Saskatchewan","2016A000247","Butane","Cubic metres","72","thousands","3","v18142","3.5","2.0","","","","1"
"2002-08","Saskatchewan","2016A000247","Ethane","Cubic metres","72","thousands","3","v18147","3.6","3.0","","","","1"
"2002-08","Alberta","2016A000248","Propane","Cubic metres","72","thousands","3","v18138","4.4","620.9","","","","1"
"2002-08","Alberta","2016A000248","Butane","Cubic metres","72","thousands","3","v18143","4.5","339.8","","","","1"
"2002-08","Alberta","2016A000248","Ethane","Cubic metres","72","thousands","3","v18148","4.6","1092.8","","","","1"
"2002-08","Alberta","2016A000248","Sulphur","Tonnes","288","units","0","v18153","4.7","586760","","","","0"
"2002-08","British Columbia","2016A000259","Propane","Cubic metres","72","thousands","3","v18139","5.4","20.5","","","","1"
"2002-08","British Columbia","2016A000259","Butane","Cubic metres","72","thousands","3","v18144","5.5","18.6","","","","1"
"2002-08","British Columbia","2016A000259","Ethane","Cubic metres","72","thousands","3","v18149","5.6","32.8","","","","1"
"2002-08","British Columbia","2016A000259","Sulphur","Tonnes","288","units","0","v18154","5.7","66665","","","","0"
"2002-09","Canada","2016A000011124","Propane","Cubic metres","72","thousands","3","v18135","1.4","700.1","","","","1"
"2002-09","Canada","2016A000011124","Butane","Cubic metres","72","thousands","3","v18140","1.5","371.4","","","","1"
"2002-09","Canada","2016A000011124","Ethane","Cubic metres","72","thousands","3","v18145","1.6","1455.0","","","","1"
"2002-09","Canada","2016A000011124","Sulphur","Tonnes","288","units","0","v18150","1.7","633045","","","","0"
"2002-09","Canada","2016A000011124","Gas use (reprocessing), shrinkage","Cubic metres","72","millions","6","v18132","1.1","368.2","","","t","1"
"2002-09","Canada","2016A000011124","Gas use (reprocessing), flared","Cubic metres","72","millions","6","v18133","1.2","0.3","","","t","1"
"2002-09","Canada","2016A000011124","Gas use (reprocessing), plant fuel","Cubic metres","72","millions","6","v18134","1.3","34.4","","","t","1"
"2002-09","Nova Scotia","2016A000212","Propane","Cubic metres","72","thousands","3","v783740","6.4","22.4","","","","1"
"2002-09","Nova Scotia","2016A000212","Butane","Cubic metres","72","thousands","3","v783741","6.5","14.1","","","","1"
"2002-09","Saskatchewan","2016A000247","Propane","Cubic metres","72","thousands","3","v18137","3.4","2.9","","","","1"
"2002-09","Saskatchewan","2016A000247","Butane","Cubic metres","72","thousands","3","v18142","3.5","1.8","","","","1"
"2002-09","Saskatchewan","2016A000247","Ethane","Cubic metres","72","thousands","3","v18147","3.6","3.0","","","","1"
"2002-09","Alberta","2016A000248","Propane","Cubic metres","72","thousands","3","v18138","4.4","643.7","","","","1"
"2002-09","Alberta","2016A000248","Butane","Cubic metres","72","thousands","3","v18143","4.5","331.6","","","","1"
"2002-09","Alberta","2016A000248","Ethane","Cubic metres","72","thousands","3","v18148","4.6","1341.6","","","","1"
"2002-09","Alberta","2016A000248","Sulphur","Tonnes","288","units","0","v18153","4.7","567003","","","","0"
"2002-09","British Columbia","2016A000259","Propane","Cubic metres","72","thousands","3","v18139","5.4","31.1","","","","1"
"2002-09","British Columbia","2016A000259","Butane","Cubic metres","72","thousands","3","v18144","5.5","23.9","","","","1"
"2002-09","British Columbia","2016A000259","Ethane","Cubic metres","72","thousands","3","v18149","5.6","110.4","","","","1"
"2002-09","British Columbia","2016A000259","Sulphur","Tonnes","288","units","0","v18154","5.7","66042","","","","0"
"2002-10","Canada","2016A000011124","Propane","Cubic metres","72","thousands","3","v18135","1.4","711.7","","","","1"
"2002-10","Canada","2016A000011124","Butane","Cubic metres","72","thousands","3","v18140","1.5","405.4","","","","1"
"2002-10","Canada","2016A000011124","Ethane","Cubic metres","72","thousands","3","v18145","1.6","1231.6","","","","1"
"2002-10","Canada","2016A000011124","Sulphur","Tonnes","288","units","0","v18150","1.7","553650","","","","0"
"2002-10","Canada","2016A000011124","Gas use (reprocessing), shrinkage","Cubic metres","72","millions","6","v18132","1.1","367.2","","","t","1"
"2002-10","Canada","2016A000011124","Gas use (reprocessing), flared","Cubic metres","72","millions","6","v18133","1.2","0.4","","","t","1"
"2002-10","Canada","2016A000011124","Gas use (reprocessing), plant fuel","Cubic metres","72","millions","6","v18134","1.3","37.5","","","t","1"
"2002-10","Nova Scotia","2016A000212","Propane","Cubic metres","72","thousands","3","v783740","6.4","19.6","","","","1"
"2002-10","Nova Scotia","2016A000212","Butane","Cubic metres","72","thousands","3","v783741","6.5","13.2","","","","1"
"2002-10","Saskatchewan","2016A000247","Propane","Cubic metres","72","thousands","3","v18137","3.4","3.0","","","","1"
"2002-10","Saskatchewan","2016A000247","Butane","Cubic metres","72","thousands","3","v18142","3.5","1.9","","","","1"
"2002-10","Saskatchewan","2016A000247","Ethane","Cubic metres","72","thousands","3","v18147","3.6","3.1","","","","1"
"2002-10","Alberta","2016A000248","Propane","Cubic metres","72","thousands","3","v18138","4.4","658.3","","","","1"
"2002-10","Alberta","2016A000248","Butane","Cubic metres","72","thousands","3","v18143","4.5","363.0","","","","1"
"2002-10","Alberta","2016A000248","Ethane","Cubic metres","72","thousands","3","v18148","4.6","1128.9","","","","1"
"2002-10","Alberta","2016A000248","Sulphur","Tonnes","288","units","0","v18153","4.7","479993","","","","0"
"2002-10","British Columbia","2016A000259","Propane","Cubic metres","72","thousands","3","v18139","5.4","30.8","","","","1"
"2002-10","British Columbia","2016A000259","Butane","Cubic metres","72","thousands","3","v18144","5.5","27.3","","","","1"
"2002-10","British Columbia","2016A000259","Ethane","Cubic metres","72","thousands","3","v18149","5.6","99.6","","","","1"
"2002-10","British Columbia","2016A000259","Sulphur","Tonnes","288","units","0","v18154","5.7","73657","","","","0"
"2002-11","Canada","2016A000011124","Propane","Cubic metres","72","thousands","3","v18135","1.4","674.4","","","","1"
"2002-11","Canada","2016A000011124","Butane","Cubic metres","72","thousands","3","v18140","1.5","396.6","","","","1"
"2002-11","Canada","2016A000011124","Ethane","Cubic metres","72","thousands","3","v18145","1.6","1211.6","","","","1"
"2002-11","Canada","2016A000011124","Sulphur","Tonnes","288","units","0","v18150","1.7","618322","","","","0"
"2002-11","Canada","2016A000011124","Gas use (reprocessing), shrinkage","Cubic metres","72","millions","6","v18132","1.1","397.1","","","t","1"
"2002-11","Canada","2016A000011124","Gas use (reprocessing), flared","Cubic metres","72","millions","6","v18133","1.2","0.9","","","t","1"
"2002-11","Canada","2016A000011124","Gas use (reprocessing), plant fuel","Cubic metres","72","millions","6","v18134","1.3","31.5","","","t","1"
"2002-11","Nova Scotia","2016A000212","Propane","Cubic metres","72","thousands","3","v783740","6.4","22.4","","","","1"
"2002-11","Nova Scotia","2016A000212","Butane","Cubic metres","72","thousands","3","v783741","6.5","14.7","","","","1"
"2002-11","Saskatchewan","2016A000247","Propane","Cubic metres","72","thousands","3","v18137","3.4","3.3","","","","1"
"2002-11","Saskatchewan","2016A000247","Butane","Cubic metres","72","thousands","3","v18142","3.5","1.8","","","","1"
"2002-11","Saskatchewan","2016A000247","Ethane","Cubic metres","72","thousands","3","v18147","3.6","1.2","","","","1"
"2002-11","Alberta","2016A000248","Propane","Cubic metres","72","thousands","3","v18138","4.4","621.2","","","","1"
"2002-11","Alberta","2016A000248","Butane","Cubic metres","72","thousands","3","v18143","4.5","351.0","","","","1"
"2002-11","Alberta","2016A000248","Ethane","Cubic metres","72","thousands","3","v18148","4.6","1103.9","","","","1"
"2002-11","Alberta","2016A000248","Sulphur","Tonnes","288","units","0","v18153","4.7","552988","","","","0"
"2002-11","British Columbia","2016A000259","Propane","Cubic metres","72","thousands","3","v18139","5.4","27.5","","","","1"
"2002-11","British Columbia","2016A000259","Butane","Cubic metres","72","thousands","3","v18144","5.5","29.1","","","","1"
"2002-11","British Columbia","2016A000259","Ethane","Cubic metres","72","thousands","3","v18149","5.6","106.5","","","","1"
"2002-11","British Columbia","2016A000259","Sulphur","Tonnes","288","units","0","v18154","5.7","65334","","","","0"
"2002-12","Canada","2016A000011124","Propane","Cubic metres","72","thousands","3","v18135","1.4","796.1","","","","1"
"2002-12","Canada","2016A000011124","Butane","Cubic metres","72","thousands","3","v18140","1.5","463.6","","","","1"
"2002-12","Canada","2016A000011124","Ethane","Cubic metres","72","thousands","3","v18145","1.6","1454.3","","","","1"
"2002-12","Canada","2016A000011124","Sulphur","Tonnes","288","units","0","v18150","1.7","554211","","","","0"
"2002-12","Canada","2016A000011124","Gas use (reprocessing), shrinkage","Cubic metres","72","millions","6","v18132","1.1","401.6","","","t","1"
"2002-12","Canada","2016A000011124","Gas use (reprocessing), flared","Cubic metres","72","millions","6","v18133","1.2","0.2","","","t","1"
"2002-12","Canada","2016A000011124","Gas use (reprocessing), plant fuel","Cubic metres","72","millions","6","v18134","1.3","32.1","","","t","1"
"2002-12","Nova Scotia","2016A000212","Propane","Cubic metres","72","thousands","3","v783740","6.4","23.0","","","","1"
"2002-12","Nova Scotia","2016A000212","Butane","Cubic metres","72","thousands","3","v783741","6.5","15.4","","","","1"
"2002-12","Saskatchewan","2016A000247","Propane","Cubic metres","72","thousands","3","v18137","3.4","3.5","","","","1"
"2002-12","Saskatchewan","2016A000247","Butane","Cubic metres","72","thousands","3","v18142","3.5","1.9","","","","1"
"2002-12","Saskatchewan","2016A000247","Ethane","Cubic metres","72","thousands","3","v18147","3.6","2.3","","","","1"
"2002-12","Alberta","2016A000248","Propane","Cubic metres","72","thousands","3","v18138","4.4","732.1","","","","1"
"2002-12","Alberta","2016A000248","Butane","Cubic metres","72","thousands","3","v18143","4.5","416.5","","","","1"
"2002-12","Alberta","2016A000248","Ethane","Cubic metres","72","thousands","3","v18148","4.6","1334.5","","","","1"
"2002-12","Alberta","2016A000248","Sulphur","Tonnes","288","units","0","v18153","4.7","483139","","","","0"
"2002-12","British Columbia","2016A000259","Propane","Cubic metres","72","thousands","3","v18139","5.4","37.5","","","","1"
"2002-12","British Columbia","2016A000259","Butane","Cubic metres","72","thousands","3","v18144","5.5","29.8","","","","1"
"2002-12","British Columbia","2016A000259","Ethane","Cubic metres","72","thousands","3","v18149","5.6","117.5","","","","1"
"2002-12","British Columbia","2016A000259","Sulphur","Tonnes","288","units","0","v18154","5.7","71072","","","","0"
"2003-01","Canada","2016A000011124","Propane","Cubic metres","72","thousands","3","v18135","1.4","842.3","","","","1"
"2003-01","Canada","2016A000011124","Butane","Cubic metres","72","thousands","3","v18140","1.5","511.7","","","","1"
"2003-01","Canada","2016A000011124","Ethane","Cubic metres","72","thousands","3","v18145","1.6","1356.6","","","","1"
"2003-01","Canada","2016A000011124","Sulphur","Tonnes","288","units","0","v18150","1.7","675872","","","","0"
"2003-01","Nova Scotia","2016A000212","Propane","Cubic metres","72","thousands","3","v783740","6.4","22.4","","","","1"
"2003-01","Nova Scotia","2016A000212","Butane","Cubic metres","72","thousands","3","v783741","6.5","14.7","","","","1"
"2003-01","Saskatchewan","2016A000247","Propane","Cubic metres","72","thousands","3","v18137","3.4","3.4","","","","1"
"2003-01","Saskatchewan","2016A000247","Butane","Cubic metres","72","thousands","3","v18142","3.5","1.8","","","","1"
"2003-01","Saskatchewan","2016A000247","Ethane","Cubic metres","72","thousands","3","v18147","3.6","2.1","","","","1"
"2003-01","Alberta","2016A000248","Propane","Cubic metres","72","thousands","3","v18138","4.4","780.8","","","","1"
"2003-01","Alberta","2016A000248","Butane","Cubic metres","72","thousands","3","v18143","4.5","467.4","","","","1"
"2003-01","Alberta","2016A000248","Ethane","Cubic metres","72","thousands","3","v18148","4.6","1251.8","","","","1"
"2003-01","Alberta","2016A000248","Sulphur","Tonnes","288","units","0","v18153","4.7","609868","","","","0"
"2003-01","British Columbia","2016A000259","Propane","Cubic metres","72","thousands","3","v18139","5.4","35.7","","","","1"
"2003-01","British Columbia","2016A000259","Butane","Cubic metres","72","thousands","3","v18144","5.5","27.8","","","","1"
"2003-01","British Columbia","2016A000259","Ethane","Cubic metres","72","thousands","3","v18149","5.6","102.7","","","","1"
"2003-01","British Columbia","2016A000259","Sulphur","Tonnes","288","units","0","v18154","5.7","66004","","","","0"
"2003-02","Canada","2016A000011124","Propane","Cubic metres","72","thousands","3","v18135","1.4","754.3","","","","1"
"2003-02","Canada","2016A000011124","Butane","Cubic metres","72","thousands","3","v18140","1.5","442.1","","","","1"
"2003-02","Canada","2016A000011124","Ethane","Cubic metres","72","thousands","3","v18145","1.6","1242.6","","","","1"
"2003-02","Canada","2016A000011124","Sulphur","Tonnes","288","units","0","v18150","1.7","616839","","","","0"
"2003-02","Nova Scotia","2016A000212","Propane","Cubic metres","72","thousands","3","v783740","6.4","16.7","","","","1"
"2003-02","Nova Scotia","2016A000212","Butane","Cubic metres","72","thousands","3","v783741","6.5","11.3","","","","1"
"2003-02","Saskatchewan","2016A000247","Propane","Cubic metres","72","thousands","3","v18137","3.4","3.0","","","","1"
"2003-02","Saskatchewan","2016A000247","Butane","Cubic metres","72","thousands","3","v18142","3.5","1.6","","","","1"
"2003-02","Saskatchewan","2016A000247","Ethane","Cubic metres","72","thousands","3","v18147","3.6","3.4","","","","1"
"2003-02","Alberta","2016A000248","Propane","Cubic metres","72","thousands","3","v18138","4.4","704.3","","","","1"
"2003-02","Alberta","2016A000248","Butane","Cubic metres","72","thousands","3","v18143","4.5","404.6","","","","1"
"2003-02","Alberta","2016A000248","Ethane","Cubic metres","72","thousands","3","v18148","4.6","1147.0","","","","1"
"2003-02","Alberta","2016A000248","Sulphur","Tonnes","288","units","0","v18153","4.7","559420","","","","0"
"2003-02","British Columbia","2016A000259","Propane","Cubic metres","72","thousands","3","v18139","5.4","30.3","","","","1"
"2003-02","British Columbia","2016A000259","Butane","Cubic metres","72","thousands","3","v18144","5.5","24.6","","","","1"
"2003-02","British Columbia","2016A000259","Ethane","Cubic metres","72","thousands","3","v18149","5.6","92.2","","","","1"
"2003-02","British Columbia","2016A000259","Sulphur","Tonnes","288","units","0","v18154","5.7","57419","","","","0"
"2003-03","Canada","2016A000011124","Propane","Cubic metres","72","thousands","3","v18135","1.4","782.5","","","","1"
"2003-03","Canada","2016A000011124","Butane","Cubic metres","72","thousands","3","v18140","1.5","454.2","","","","1"
"2003-03","Canada","2016A000011124","Ethane","Cubic metres","72","thousands","3","v18145","1.6","1292.3","","","","1"
"2003-03","Canada","2016A000011124","Sulphur","Tonnes","288","units","0","v18150","1.7","653000","","","","0"
"2003-03","Nova Scotia","2016A000212","Propane","Cubic metres","72","thousands","3","v783740","6.4","18.5","","","","1"
"2003-03","Nova Scotia","2016A000212","Butane","Cubic metres","72","thousands","3","v783741","6.5","12.7","","","","1"
"2003-03","Saskatchewan","2016A000247","Propane","Cubic metres","72","thousands","3","v18137","3.4","3.3","","","","1"
"2003-03","Saskatchewan","2016A000247","Butane","Cubic metres","72","thousands","3","v18142","3.5","1.7","","","","1"
"2003-03","Saskatchewan","2016A000247","Ethane","Cubic metres","72","thousands","3","v18147","3.6","5.7","","","","1"
"2003-03","Alberta","2016A000248","Propane","Cubic metres","72","thousands","3","v18138","4.4","728.0","","","","1"
"2003-03","Alberta","2016A000248","Butane","Cubic metres","72","thousands","3","v18143","4.5","416.0","","","","1"
"2003-03","Alberta","2016A000248","Ethane","Cubic metres","72","thousands","3","v18148","4.6","1186.9","","","","1"
"2003-03","Alberta","2016A000248","Sulphur","Tonnes","288","units","0","v18153","4.7","585899","","","","0"
"2003-03","British Columbia","2016A000259","Propane","Cubic metres","72","thousands","3","v18139","5.4","32.7","","","","1"
"2003-03","British Columbia","2016A000259","Butane","Cubic metres","72","thousands","3","v18144","5.5","23.8","","","","1"
"2003-03","British Columbia","2016A000259","Ethane","Cubic metres","72","thousands","3","v18149","5.6","99.7","","","","1"
"2003-03","British Columbia","2016A000259","Sulphur","Tonnes","288","units","0","v18154","5.7","67101","","","","0"
"2003-04","Canada","2016A000011124","Propane","Cubic metres","72","thousands","3","v18135","1.4","744.7","","","","1"
"2003-04","Canada","2016A000011124","Butane","Cubic metres","72","thousands","3","v18140","1.5","455.1","","","","1"
"2003-04","Canada","2016A000011124","Ethane","Cubic metres","72","thousands","3","v18145","1.6","1228.6","","","","1"
"2003-04","Canada","2016A000011124","Sulphur","Tonnes","288","units","0","v18150","1.7","537507","","","","0"
"2003-04","Nova Scotia","2016A000212","Propane","Cubic metres","72","thousands","3","v783740","6.4","23.0","","","","1"
"2003-04","Nova Scotia","2016A000212","Butane","Cubic metres","72","thousands","3","v783741","6.5","14.1","","","","1"
"2003-04","Saskatchewan","2016A000247","Propane","Cubic metres","72","thousands","3","v18137","3.4","3.2","","","","1"
"2003-04","Saskatchewan","2016A000247","Butane","Cubic metres","72","thousands","3","v18142","3.5","1.7","","","","1"
"2003-04","Saskatchewan","2016A000247","Ethane","Cubic metres","72","thousands","3","v18147","3.6","5.1","","","","1"
"2003-04","Alberta","2016A000248","Propane","Cubic metres","72","thousands","3","v18138","4.4","684.4","","","","1"
"2003-04","Alberta","2016A000248","Butane","Cubic metres","72","thousands","3","v18143","4.5","410.4","","","","1"
"2003-04","Alberta","2016A000248","Ethane","Cubic metres","72","thousands","3","v18148","4.6","1124.5","","","","1"
"2003-04","Alberta","2016A000248","Sulphur","Tonnes","288","units","0","v18153","4.7","473509","","","","0"
"2003-04","British Columbia","2016A000259","Propane","Cubic metres","72","thousands","3","v18139","5.4","34.1","","","","1"
"2003-04","British Columbia","2016A000259","Butane","Cubic metres","72","thousands","3","v18144","5.5","28.9","","","","1"
"2003-04","British Columbia","2016A000259","Ethane","Cubic metres","72","thousands","3","v18149","5.6","99.0","","","","1"
"2003-04","British Columbia","2016A000259","Sulphur","Tonnes","288","units","0","v18154","5.7","63998","","","","0"
"2003-05","Canada","2016A000011124","Propane","Cubic metres","72","thousands","3","v18135","1.4","724.7","","","","1"
"2003-05","Canada","2016A000011124","Butane","Cubic metres","72","thousands","3","v18140","1.5","453.1","","","","1"
"2003-05","Canada","2016A000011124","Ethane","Cubic metres","72","thousands","3","v18145","1.6","1117.3","","","","1"
"2003-05","Canada","2016A000011124","Sulphur","Tonnes","288","units","0","v18150","1.7","529189","","","","0"
"2003-05","Nova Scotia","2016A000212","Propane","Cubic metres","72","thousands","3","v783740","6.4","25.6","","","","1"
"2003-05","Nova Scotia","2016A000212","Butane","Cubic metres","72","thousands","3","v783741","6.5","15.4","","","","1"
"2003-05","Saskatchewan","2016A000247","Propane","Cubic metres","72","thousands","3","v18137","3.4","3.6","","","","1"
"2003-05","Saskatchewan","2016A000247","Butane","Cubic metres","72","thousands","3","v18142","3.5","2.0","","","","1"
"2003-05","Saskatchewan","2016A000247","Ethane","Cubic metres","72","thousands","3","v18147","3.6","4.6","","","","1"
"2003-05","Alberta","2016A000248","Propane","Cubic metres","72","thousands","3","v18138","4.4","672.1","","","","1"
"2003-05","Alberta","2016A000248","Butane","Cubic metres","72","thousands","3","v18143","4.5","411.1","","","","1"
"2003-05","Alberta","2016A000248","Ethane","Cubic metres","72","thousands","3","v18148","4.6","1053.2","","","","1"
"2003-05","Alberta","2016A000248","Sulphur","Tonnes","288","units","0","v18153","4.7","468142","","","","0"
"2003-05","British Columbia","2016A000259","Propane","Cubic metres","72","thousands","3","v18139","5.4","23.4","","","","1"
"2003-05","British Columbia","2016A000259","Butane","Cubic metres","72","thousands","3","v18144","5.5","24.6","","","","1"
"2003-05","British Columbia","2016A000259","Ethane","Cubic metres","72","thousands","3","v18149","5.6","59.5","","","","1"
"2003-05","British Columbia","2016A000259","Sulphur","Tonnes","288","units","0","v18154","5.7","61047","","","","0"
"2003-06","Canada","2016A000011124","Propane","Cubic metres","72","thousands","3","v18135","1.4","681.1","","","","1"
"2003-06","Canada","2016A000011124","Butane","Cubic metres","72","thousands","3","v18140","1.5","427.5","","","","1"
"2003-06","Canada","2016A000011124","Ethane","Cubic metres","72","thousands","3","v18145","1.6","1064.9","","","","1"
"2003-06","Canada","2016A000011124","Sulphur","Tonnes","288","units","0","v18150","1.7","505704","","","","0"
"2003-06","Nova Scotia","2016A000212","Propane","Cubic metres","72","thousands","3","v783740","6.4","21.7","","","","1"
"2003-06","Nova Scotia","2016A000212","Butane","Cubic metres","72","thousands","3","v783741","6.5","13.4","","","","1"
"2003-06","Saskatchewan","2016A000247","Propane","Cubic metres","72","thousands","3","v18137","3.4","3.4","","","","1"
"2003-06","Saskatchewan","2016A000247","Butane","Cubic metres","72","thousands","3","v18142","3.5","2.0","","","","1"
"2003-06","Saskatchewan","2016A000247","Ethane","Cubic metres","72","thousands","3","v18147","3.6","0.7","","","","1"
"2003-06","Alberta","2016A000248","Propane","Cubic metres","72","thousands","3","v18138","4.4","634.4","","","","1"
"2003-06","Alberta","2016A000248","Butane","Cubic metres","72","thousands","3","v18143","4.5","390.5","","","","1"
"2003-06","Alberta","2016A000248","Ethane","Cubic metres","72","thousands","3","v18148","4.6","997.1","","","","1"
"2003-06","Alberta","2016A000248","Sulphur","Tonnes","288","units","0","v18153","4.7","447932","","","","0"
"2003-06","British Columbia","2016A000259","Propane","Cubic metres","72","thousands","3","v18139","5.4","21.6","","","","1"
"2003-06","British Columbia","2016A000259","Butane","Cubic metres","72","thousands","3","v18144","5.5","21.6","","","","1"
"2003-06","British Columbia","2016A000259","Ethane","Cubic metres","72","thousands","3","v18149","5.6","67.1","","","","1"
"2003-06","British Columbia","2016A000259","Sulphur","Tonnes","288","units","0","v18154","5.7","57772","","","","0"
"2003-07","Canada","2016A000011124","Propane","Cubic metres","72","thousands","3","v18135","1.4","758.2","","","","1"
"2003-07","Canada","2016A000011124","Butane","Cubic metres","72","thousands","3","v18140","1.5","467.1","","","","1"
"2003-07","Canada","2016A000011124","Ethane","Cubic metres","72","thousands","3","v18145","1.6","1188.5","","","","1"
"2003-07","Canada","2016A000011124","Sulphur","Tonnes","288","units","0","v18150","1.7","548020","","","","0"
"2003-07","Nova Scotia","2016A000212","Propane","Cubic metres","72","thousands","3","v783740","6.4","22.3","","","","1"
"2003-07","Nova Scotia","2016A000212","Butane","Cubic metres","72","thousands","3","v783741","6.5","13.8","","","","1"
"2003-07","Saskatchewan","2016A000247","Propane","Cubic metres","72","thousands","3","v18137","3.4","3.5","","","","1"
"2003-07","Saskatchewan","2016A000247","Butane","Cubic metres","72","thousands","3","v18142","3.5","2.0","","","","1"
"2003-07","Saskatchewan","2016A000247","Ethane","Cubic metres","72","thousands","3","v18147","3.6","0.9","","","","1"
"2003-07","Alberta","2016A000248","Propane","Cubic metres","72","thousands","3","v18138","4.4","700.5","","","","1"
"2003-07","Alberta","2016A000248","Butane","Cubic metres","72","thousands","3","v18143","4.5","424.4","","","","1"
"2003-07","Alberta","2016A000248","Ethane","Cubic metres","72","thousands","3","v18148","4.6","1097.0","","","","1"
"2003-07","Alberta","2016A000248","Sulphur","Tonnes","288","units","0","v18153","4.7","483220","","","","0"
"2003-07","British Columbia","2016A000259","Propane","Cubic metres","72","thousands","3","v18139","5.4","31.9","","","","1"
"2003-07","British Columbia","2016A000259","Butane","Cubic metres","72","thousands","3","v18144","5.5","26.9","","","","1"
"2003-07","British Columbia","2016A000259","Ethane","Cubic metres","72","thousands","3","v18149","5.6","90.6","","","","1"
"2003-07","British Columbia","2016A000259","Sulphur","Tonnes","288","units","0","v18154","5.7","64800","","","","0"
"2003-08","Canada","2016A000011124","Propane","Cubic metres","72","thousands","3","v18135","1.4","742.5","","","","1"
"2003-08","Canada","2016A000011124","Butane","Cubic metres","72","thousands","3","v18140","1.5","440.9","","","","1"
"2003-08","Canada","2016A000011124","Ethane","Cubic metres","72","thousands","3","v18145","1.6","1206.5","","","","1"
"2003-08","Canada","2016A000011124","Sulphur","Tonnes","288","units","0","v18150","1.7","525401","","","","0"
"2003-08","Nova Scotia","2016A000212","Propane","Cubic metres","72","thousands","3","v783740","6.4","17.9","","","","1"
"2003-08","Nova Scotia","2016A000212","Butane","Cubic metres","72","thousands","3","v783741","6.5","12.0","","","","1"
"2003-08","Saskatchewan","2016A000247","Propane","Cubic metres","72","thousands","3","v18137","3.4","3.7","","","","1"
"2003-08","Saskatchewan","2016A000247","Butane","Cubic metres","72","thousands","3","v18142","3.5","2.1","","","","1"
"2003-08","Saskatchewan","2016A000247","Ethane","Cubic metres","72","thousands","3","v18147","3.6","1.7","","","","1"
"2003-08","Alberta","2016A000248","Propane","Cubic metres","72","thousands","3","v18138","4.4","686.4","","","","1"
"2003-08","Alberta","2016A000248","Butane","Cubic metres","72","thousands","3","v18143","4.5","398.7","","","","1"
"2003-08","Alberta","2016A000248","Ethane","Cubic metres","72","thousands","3","v18148","4.6","1098.2","","","","1"
"2003-08","Alberta","2016A000248","Sulphur","Tonnes","288","units","0","v18153","4.7","456997","","","","0"
"2003-08","British Columbia","2016A000259","Propane","Cubic metres","72","thousands","3","v18139","5.4","34.5","","","","1"
"2003-08","British Columbia","2016A000259","Butane","Cubic metres","72","thousands","3","v18144","5.5","28.1","","","","1"
"2003-08","British Columbia","2016A000259","Ethane","Cubic metres","72","thousands","3","v18149","5.6","106.6","","","","1"
"2003-08","British Columbia","2016A000259","Sulphur","Tonnes","288","units","0","v18154","5.7","68404","","","","0"
"2003-09","Canada","2016A000011124","Propane","Cubic metres","72","thousands","3","v18135","1.4","751.3","","","","1"
"2003-09","Canada","2016A000011124","Butane","Cubic metres","72","thousands","3","v18140","1.5","431.5","","","","1"
"2003-09","Canada","2016A000011124","Ethane","Cubic metres","72","thousands","3","v18145","1.6","1152.2","","","","1"
"2003-09","Canada","2016A000011124","Sulphur","Tonnes","288","units","0","v18150","1.7","513955","","","","0"
"2003-09","Nova Scotia","2016A000212","Propane","Cubic metres","72","thousands","3","v783740","6.4","17.9","","","","1"
"2003-09","Nova Scotia","2016A000212","Butane","Cubic metres","72","thousands","3","v783741","6.5","12.0","","","","1"
"2003-09","Saskatchewan","2016A000247","Propane","Cubic metres","72","thousands","3","v18137","3.4","3.1","","","","1"
"2003-09","Saskatchewan","2016A000247","Butane","Cubic metres","72","thousands","3","v18142","3.5","1.6","","","","1"
"2003-09","Saskatchewan","2016A000247","Ethane","Cubic metres","72","thousands","3","v18147","3.6","2.5","","","","1"
"2003-09","Alberta","2016A000248","Propane","Cubic metres","72","thousands","3","v18138","4.4","700.3","","","","1"
"2003-09","Alberta","2016A000248","Butane","Cubic metres","72","thousands","3","v18143","4.5","397.6","","","","1"
"2003-09","Alberta","2016A000248","Ethane","Cubic metres","72","thousands","3","v18148","4.6","1058.9","","","","1"
"2003-09","Alberta","2016A000248","Sulphur","Tonnes","288","units","0","v18153","4.7","462269","","","","0"
"2003-09","British Columbia","2016A000259","Propane","Cubic metres","72","thousands","3","v18139","5.4","30.0","","","","1"
"2003-09","British Columbia","2016A000259","Butane","Cubic metres","72","thousands","3","v18144","5.5","20.3","","","","1"
"2003-09","British Columbia","2016A000259","Ethane","Cubic metres","72","thousands","3","v18149","5.6","90.8","","","","1"
"2003-09","British Columbia","2016A000259","Sulphur","Tonnes","288","units","0","v18154","5.7","51686","","","","0"
"2003-10","Canada","2016A000011124","Propane","Cubic metres","72","thousands","3","v18135","1.4","748.2","","","","1"
"2003-10","Canada","2016A000011124","Butane","Cubic metres","72","thousands","3","v18140","1.5","467.2","","","","1"
"2003-10","Canada","2016A000011124","Ethane","Cubic metres","72","thousands","3","v18145","1.6","1319.4","","","","1"
"2003-10","Canada","2016A000011124","Sulphur","Tonnes","288","units","0","v18150","1.7","561097","","","","0"
"2003-10","Nova Scotia","2016A000212","Propane","Cubic metres","72","thousands","3","v783740","6.4","16.4","","","","1"
"2003-10","Nova Scotia","2016A000212","Butane","Cubic metres","72","thousands","3","v783741","6.5","11.7","","","","1"
"2003-10","Saskatchewan","2016A000247","Propane","Cubic metres","72","thousands","3","v18137","3.4","3.7","","","","1"
"2003-10","Saskatchewan","2016A000247","Butane","Cubic metres","72","thousands","3","v18142","3.5","2.0","","","","1"
"2003-10","Saskatchewan","2016A000247","Ethane","Cubic metres","72","thousands","3","v18147","3.6","3.9","","","","1"
"2003-10","Alberta","2016A000248","Propane","Cubic metres","72","thousands","3","v18138","4.4","692.7","","","","1"
"2003-10","Alberta","2016A000248","Butane","Cubic metres","72","thousands","3","v18143","4.5","424.4","","","","1"
"2003-10","Alberta","2016A000248","Ethane","Cubic metres","72","thousands","3","v18148","4.6","1214.3","","","","1"
"2003-10","Alberta","2016A000248","Sulphur","Tonnes","288","units","0","v18153","4.7","494541","","","","0"
"2003-10","British Columbia","2016A000259","Propane","Cubic metres","72","thousands","3","v18139","5.4","35.4","","","","1"
"2003-10","British Columbia","2016A000259","Butane","Cubic metres","72","thousands","3","v18144","5.5","29.1","","","","1"
"2003-10","British Columbia","2016A000259","Ethane","Cubic metres","72","thousands","3","v18149","5.6","101.2","","","","1"
"2003-10","British Columbia","2016A000259","Sulphur","Tonnes","288","units","0","v18154","5.7","66556","","","","0"
"2003-11","Canada","2016A000011124","Propane","Cubic metres","72","thousands","3","v18135","1.4","764.3","","","","1"
"2003-11","Canada","2016A000011124","Butane","Cubic metres","72","thousands","3","v18140","1.5","446.3","","","","1"
"2003-11","Canada","2016A000011124","Ethane","Cubic metres","72","thousands","3","v18145","1.6","1285.7","","","","1"
"2003-11","Canada","2016A000011124","Sulphur","Tonnes","288","units","0","v18150","1.7","551921","","","","0"
"2003-11","Nova Scotia","2016A000212","Propane","Cubic metres","72","thousands","3","v783740","6.4","17.1","","","","1"
"2003-11","Nova Scotia","2016A000212","Butane","Cubic metres","72","thousands","3","v783741","6.5","12.5","","","","1"
"2003-11","Saskatchewan","2016A000247","Propane","Cubic metres","72","thousands","3","v18137","3.4","3.6","","","","1"
"2003-11","Saskatchewan","2016A000247","Butane","Cubic metres","72","thousands","3","v18142","3.5","1.9","","","","1"
"2003-11","Saskatchewan","2016A000247","Ethane","Cubic metres","72","thousands","3","v18147","3.6","4.1","","","","1"
"2003-11","Alberta","2016A000248","Propane","Cubic metres","72","thousands","3","v18138","4.4","713.6","","","","1"
"2003-11","Alberta","2016A000248","Butane","Cubic metres","72","thousands","3","v18143","4.5","404.6","","","","1"
"2003-11","Alberta","2016A000248","Ethane","Cubic metres","72","thousands","3","v18148","4.6","1190.0","","","","1"
"2003-11","Alberta","2016A000248","Sulphur","Tonnes","288","units","0","v18153","4.7","486251","","","","0"
"2003-11","British Columbia","2016A000259","Propane","Cubic metres","72","thousands","3","v18139","5.4","30.0","","","","1"
"2003-11","British Columbia","2016A000259","Butane","Cubic metres","72","thousands","3","v18144","5.5","27.3","","","","1"
"2003-11","British Columbia","2016A000259","Ethane","Cubic metres","72","thousands","3","v18149","5.6","91.6","","","","1"
"2003-11","British Columbia","2016A000259","Sulphur","Tonnes","288","units","0","v18154","5.7","65670","","","","0"
"2003-12","Canada","2016A000011124","Propane","Cubic metres","72","thousands","3","v18135","1.4","829.7","","","","1"
"2003-12","Canada","2016A000011124","Butane","Cubic metres","72","thousands","3","v18140","1.5","480.3","","","","1"
"2003-12","Canada","2016A000011124","Ethane","Cubic metres","72","thousands","3","v18145","1.6","1423.9","","","","1"
"2003-12","Canada","2016A000011124","Sulphur","Tonnes","288","units","0","v18150","1.7","546388","","","","0"
"2003-12","Nova Scotia","2016A000212","Propane","Cubic metres","72","thousands","3","v783740","6.4","20.2","","","","1"
"2003-12","Nova Scotia","2016A000212","Butane","Cubic metres","72","thousands","3","v783741","6.5","14.1","","","","1"
"2003-12","Saskatchewan","2016A000247","Propane","Cubic metres","72","thousands","3","v18137","3.4","3.9","","","","1"
"2003-12","Saskatchewan","2016A000247","Butane","Cubic metres","72","thousands","3","v18142","3.5","2.0","","","","1"
"2003-12","Saskatchewan","2016A000247","Ethane","Cubic metres","72","thousands","3","v18147","3.6","4.9","","","","1"
"2003-12","Alberta","2016A000248","Propane","Cubic metres","72","thousands","3","v18138","4.4","772.1","","","","1"
"2003-12","Alberta","2016A000248","Butane","Cubic metres","72","thousands","3","v18143","4.5","436.3","","","","1"
"2003-12","Alberta","2016A000248","Ethane","Cubic metres","72","thousands","3","v18148","4.6","1322.9","","","","1"
"2003-12","Alberta","2016A000248","Sulphur","Tonnes","288","units","0","v18153","4.7","478250","","","","0"
"2003-12","British Columbia","2016A000259","Propane","Cubic metres","72","thousands","3","v18139","5.4","33.5","","","","1"
"2003-12","British Columbia","2016A000259","Butane","Cubic metres","72","thousands","3","v18144","5.5","27.9","","","","1"
"2003-12","British Columbia","2016A000259","Ethane","Cubic metres","72","thousands","3","v18149","5.6","96.1","","","","1"
"2003-12","British Columbia","2016A000259","Sulphur","Tonnes","288","units","0","v18154","5.7","68138","","","","0"
"2004-01","Canada","2016A000011124","Propane","Cubic metres","72","thousands","3","v18135","1.4","847.6","","","","1"
"2004-01","Canada","2016A000011124","Butane","Cubic metres","72","thousands","3","v18140","1.5","480.7","","","","1"
"2004-01","Canada","2016A000011124","Ethane","Cubic metres","72","thousands","3","v18145","1.6","1397.7","","","","1"
"2004-01","Canada","2016A000011124","Sulphur","Tonnes","288","units","0","v18150","1.7","661692","","","","0"
"2004-01","Nova Scotia","2016A000212","Propane","Cubic metres","72","thousands","3","v783740","6.4","19.4","","","","1"
"2004-01","Nova Scotia","2016A000212","Butane","Cubic metres","72","thousands","3","v783741","6.5","13.6","","","","1"
"2004-01","Saskatchewan","2016A000247","Propane","Cubic metres","72","thousands","3","v18137","3.4","3.8","","","","1"
"2004-01","Saskatchewan","2016A000247","Butane","Cubic metres","72","thousands","3","v18142","3.5","2.0","","","","1"
"2004-01","Saskatchewan","2016A000247","Ethane","Cubic metres","72","thousands","3","v18147","3.6","4.4","","","","1"
"2004-01","Alberta","2016A000248","Propane","Cubic metres","72","thousands","3","v18138","4.4","793.0","","","","1"
"2004-01","Alberta","2016A000248","Butane","Cubic metres","72","thousands","3","v18143","4.5","439.1","","","","1"
"2004-01","Alberta","2016A000248","Ethane","Cubic metres","72","thousands","3","v18148","4.6","1298.0","","","","1"
"2004-01","Alberta","2016A000248","Sulphur","Tonnes","288","units","0","v18153","4.7","593531","","","","0"
"2004-01","British Columbia","2016A000259","Propane","Cubic metres","72","thousands","3","v18139","5.4","31.4","","","","1"
"2004-01","British Columbia","2016A000259","Butane","Cubic metres","72","thousands","3","v18144","5.5","26.0","","","","1"
"2004-01","British Columbia","2016A000259","Ethane","Cubic metres","72","thousands","3","v18149","5.6","95.3","","","","1"
"2004-01","British Columbia","2016A000259","Sulphur","Tonnes","288","units","0","v18154","5.7","68161","","","","0"
"2004-02","Canada","2016A000011124","Propane","Cubic metres","72","thousands","3","v18135","1.4","730.1","","","","1"
"2004-02","Canada","2016A000011124","Butane","Cubic metres","72","thousands","3","v18140","1.5","433.1","","","","1"
"2004-02","Canada","2016A000011124","Ethane","Cubic metres","72","thousands","3","v18145","1.6","1328.1","","","","1"
"2004-02","Canada","2016A000011124","Sulphur","Tonnes","288","units","0","v18150","1.7","618999","","","","0"
"2004-02","Nova Scotia","2016A000212","Propane","Cubic metres","72","thousands","3","v783740","6.4","18.4","","","","1"
"2004-02","Nova Scotia","2016A000212","Butane","Cubic metres","72","thousands","3","v783741","6.5","12.9","","","","1"
"2004-02","Saskatchewan","2016A000247","Propane","Cubic metres","72","thousands","3","v18137","3.4","3.5","","","","1"
"2004-02","Saskatchewan","2016A000247","Butane","Cubic metres","72","thousands","3","v18142","3.5","1.8","","","","1"
"2004-02","Saskatchewan","2016A000247","Ethane","Cubic metres","72","thousands","3","v18147","3.6","4.1","","","","1"
"2004-02","Alberta","2016A000248","Propane","Cubic metres","72","thousands","3","v18138","4.4","677.2","","","","1"
"2004-02","Alberta","2016A000248","Butane","Cubic metres","72","thousands","3","v18143","4.5","394.8","","","","1"
"2004-02","Alberta","2016A000248","Ethane","Cubic metres","72","thousands","3","v18148","4.6","1234.9","","","","1"
"2004-02","Alberta","2016A000248","Sulphur","Tonnes","288","units","0","v18153","4.7","554943","","","","0"
"2004-02","British Columbia","2016A000259","Propane","Cubic metres","72","thousands","3","v18139","5.4","31.0","","","","1"
"2004-02","British Columbia","2016A000259","Butane","Cubic metres","72","thousands","3","v18144","5.5","23.6","","","","1"
"2004-02","British Columbia","2016A000259","Ethane","Cubic metres","72","thousands","3","v18149","5.6","89.1","","","","1"
"2004-02","British Columbia","2016A000259","Sulphur","Tonnes","288","units","0","v18154","5.7","64056","","","","0"
"2004-03","Canada","2016A000011124","Propane","Cubic metres","72","thousands","3","v18135","1.4","731.5","","","","1"
"2004-03","Canada","2016A000011124","Butane","Cubic metres","72","thousands","3","v18140","1.5","452.0","","","","1"
"2004-03","Canada","2016A000011124","Ethane","Cubic metres","72","thousands","3","v18145","1.6","1400.1","","","","1"
"2004-03","Canada","2016A000011124","Sulphur","Tonnes","288","units","0","v18150","1.7","671411","","","","0"
"2004-03","Nova Scotia","2016A000212","Propane","Cubic metres","72","thousands","3","v783740","6.4","20.6","","","","1"
"2004-03","Nova Scotia","2016A000212","Butane","Cubic metres","72","thousands","3","v783741","6.5","14.0","","","","1"
"2004-03","Saskatchewan","2016A000247","Propane","Cubic metres","72","thousands","3","v18137","3.4","3.9","","","","1"
"2004-03","Saskatchewan","2016A000247","Butane","Cubic metres","72","thousands","3","v18142","3.5","2.0","","","","1"
"2004-03","Saskatchewan","2016A000247","Ethane","Cubic metres","72","thousands","3","v18147","3.6","4.7","","","","1"
"2004-03","Alberta","2016A000248","Propane","Cubic metres","72","thousands","3","v18138","4.4","664.9","","","","1"
"2004-03","Alberta","2016A000248","Butane","Cubic metres","72","thousands","3","v18143","4.5","410.2","","","","1"
"2004-03","Alberta","2016A000248","Ethane","Cubic metres","72","thousands","3","v18148","4.6","1294.7","","","","1"
"2004-03","Alberta","2016A000248","Sulphur","Tonnes","288","units","0","v18153","4.7","602596","","","","0"
"2004-03","British Columbia","2016A000259","Propane","Cubic metres","72","thousands","3","v18139","5.4","42.1","","","","1"
"2004-03","British Columbia","2016A000259","Butane","Cubic metres","72","thousands","3","v18144","5.5","25.8","","","","1"
"2004-03","British Columbia","2016A000259","Ethane","Cubic metres","72","thousands","3","v18149","5.6","100.7","","","","1"
"2004-03","British Columbia","2016A000259","Sulphur","Tonnes","288","units","0","v18154","5.7","68815","","","","0"
"2004-04","Canada","2016A000011124","Propane","Cubic metres","72","thousands","3","v18135","1.4","715.1","","","","1"
"2004-04","Canada","2016A000011124","Butane","Cubic metres","72","thousands","3","v18140","1.5","422.5","","","","1"
"2004-04","Canada","2016A000011124","Ethane","Cubic metres","72","thousands","3","v18145","1.6","1239.8","","","","1"
"2004-04","Canada","2016A000011124","Sulphur","Tonnes","288","units","0","v18150","1.7","628560","","","","0"
"2004-04","Nova Scotia","2016A000212","Propane","Cubic metres","72","thousands","3","v783740","6.4","17.6","","","","1"
"2004-04","Nova Scotia","2016A000212","Butane","Cubic metres","72","thousands","3","v783741","6.5","12.5","","","","1"
"2004-04","Saskatchewan","2016A000247","Propane","Cubic metres","72","thousands","3","v18137","3.4","3.8","","","","1"
"2004-04","Saskatchewan","2016A000247","Butane","Cubic metres","72","thousands","3","v18142","3.5","2.0","","","","1"
"2004-04","Saskatchewan","2016A000247","Ethane","Cubic metres","72","thousands","3","v18147","3.6","2.8","","","","1"
"2004-04","Alberta","2016A000248","Propane","Cubic metres","72","thousands","3","v18138","4.4","669.8","","","","1"
"2004-04","Alberta","2016A000248","Butane","Cubic metres","72","thousands","3","v18143","4.5","383.9","","","","1"
"2004-04","Alberta","2016A000248","Ethane","Cubic metres","72","thousands","3","v18148","4.6","1163.7","","","","1"
"2004-04","Alberta","2016A000248","Sulphur","Tonnes","288","units","0","v18153","4.7","562287","","","","0"
"2004-04","British Columbia","2016A000259","Propane","Cubic metres","72","thousands","3","v18139","5.4","23.9","","","","1"
"2004-04","British Columbia","2016A000259","Butane","Cubic metres","72","thousands","3","v18144","5.5","24.1","","","","1"
"2004-04","British Columbia","2016A000259","Ethane","Cubic metres","72","thousands","3","v18149","5.6","73.3","","","","1"
"2004-04","British Columbia","2016A000259","Sulphur","Tonnes","288","units","0","v18154","5.7","66273","","","","0"
"2004-05","Canada","2016A000011124","Propane","Cubic metres","72","thousands","3","v18135","1.4","725.5","","","","1"
"2004-05","Canada","2016A000011124","Butane","Cubic metres","72","thousands","3","v18140","1.5","424.9","","","","1"
"2004-05","Canada","2016A000011124","Ethane","Cubic metres","72","thousands","3","v18145","1.6","1048.6","","","","1"
"2004-05","Canada","2016A000011124","Sulphur","Tonnes","288","units","0","v18150","1.7","612651","","","","0"
"2004-05","Nova Scotia","2016A000212","Propane","Cubic metres","72","thousands","3","v783740","6.4","19.3","","","","1"
"2004-05","Nova Scotia","2016A000212","Butane","Cubic metres","72","thousands","3","v783741","6.5","13.2","","","","1"
"2004-05","Saskatchewan","2016A000247","Propane","Cubic metres","72","thousands","3","v18137","3.4","3.1","","","","1"
"2004-05","Saskatchewan","2016A000247","Butane","Cubic metres","72","thousands","3","v18142","3.5","1.7","","","","1"
"2004-05","Saskatchewan","2016A000247","Ethane","Cubic metres","72","thousands","3","v18147","3.6","2.1","","","","1"
"2004-05","Alberta","2016A000248","Propane","Cubic metres","72","thousands","3","v18138","4.4","670.5","","","","1"
"2004-05","Alberta","2016A000248","Butane","Cubic metres","72","thousands","3","v18143","4.5","382.5","","","","1"
"2004-05","Alberta","2016A000248","Ethane","Cubic metres","72","thousands","3","v18148","4.6","1005.7","","","","1"
"2004-05","Alberta","2016A000248","Sulphur","Tonnes","288","units","0","v18153","4.7","547333","","","","0"
"2004-05","British Columbia","2016A000259","Propane","Cubic metres","72","thousands","3","v18139","5.4","32.6","","","","1"
"2004-05","British Columbia","2016A000259","Butane","Cubic metres","72","thousands","3","v18144","5.5","27.5","","","","1"
"2004-05","British Columbia","2016A000259","Ethane","Cubic metres","72","thousands","3","v18149","5.6","40.8","","","","1"
"2004-05","British Columbia","2016A000259","Sulphur","Tonnes","288","units","0","v18154","5.7","65318","","","","0"
"2004-06","Canada","2016A000011124","Propane","Cubic metres","72","thousands","3","v18135","1.4","732.5","","","","1"
"2004-06","Canada","2016A000011124","Butane","Cubic metres","72","thousands","3","v18140","1.5","451.6","","","","1"
"2004-06","Canada","2016A000011124","Ethane","Cubic metres","72","thousands","3","v18145","1.6","1216.0","","","","1"
"2004-06","Canada","2016A000011124","Sulphur","Tonnes","288","units","0","v18150","1.7","578329","","","","0"
"2004-06","Nova Scotia","2016A000212","Propane","Cubic metres","72","thousands","3","v783740","6.4","17.6","","","","1"
"2004-06","Nova Scotia","2016A000212","Butane","Cubic metres","72","thousands","3","v783741","6.5","12.6","","","","1"
"2004-06","Saskatchewan","2016A000247","Propane","Cubic metres","72","thousands","3","v18137","3.4","3.9","","","","1"
"2004-06","Saskatchewan","2016A000247","Butane","Cubic metres","72","thousands","3","v18142","3.5","2.1","","","","1"
"2004-06","Saskatchewan","2016A000247","Ethane","Cubic metres","72","thousands","3","v18147","3.6","2.8","","","","1"
"2004-06","Alberta","2016A000248","Propane","Cubic metres","72","thousands","3","v18138","4.4","678.7","","","","1"
"2004-06","Alberta","2016A000248","Butane","Cubic metres","72","thousands","3","v18143","4.5","410.3","","","","1"
"2004-06","Alberta","2016A000248","Ethane","Cubic metres","72","thousands","3","v18148","4.6","1126.4","","","","1"
"2004-06","Alberta","2016A000248","Sulphur","Tonnes","288","units","0","v18153","4.7","547448","","","","0"
"2004-06","British Columbia","2016A000259","Propane","Cubic metres","72","thousands","3","v18139","5.4","32.3","","","","1"
"2004-06","British Columbia","2016A000259","Butane","Cubic metres","72","thousands","3","v18144","5.5","26.6","","","","1"
"2004-06","British Columbia","2016A000259","Ethane","Cubic metres","72","thousands","3","v18149","5.6","86.8","","","","1"
"2004-06","British Columbia","2016A000259","Sulphur","Tonnes","288","units","0","v18154","5.7","30881","","","","0"
"2004-07","Canada","2016A000011124","Propane","Cubic metres","72","thousands","3","v18135","1.4","741.0","","","","1"
"2004-07","Canada","2016A000011124","Butane","Cubic metres","72","thousands","3","v18140","1.5","456.4","","","","1"
"2004-07","Canada","2016A000011124","Ethane","Cubic metres","72","thousands","3","v18145","1.6","1286.7","","","","1"
"2004-07","Canada","2016A000011124","Sulphur","Tonnes","288","units","0","v18150","1.7","624941","","","","0"
"2004-07","Nova Scotia","2016A000212","Propane","Cubic metres","72","thousands","3","v783740","6.4","13.2","","","","1"
"2004-07","Nova Scotia","2016A000212","Butane","Cubic metres","72","thousands","3","v783741","6.5","10.3","","","","1"
"2004-07","Saskatchewan","2016A000247","Propane","Cubic metres","72","thousands","3","v18137","3.4","4.0","","","","1"
"2004-07","Saskatchewan","2016A000247","Butane","Cubic metres","72","thousands","3","v18142","3.5","2.1","","","","1"
"2004-07","Saskatchewan","2016A000247","Ethane","Cubic metres","72","thousands","3","v18147","3.6","2.0","","","","1"
"2004-07","Alberta","2016A000248","Propane","Cubic metres","72","thousands","3","v18138","4.4","693.8","","","","1"
"2004-07","Alberta","2016A000248","Butane","Cubic metres","72","thousands","3","v18143","4.5","419.1","","","","1"
"2004-07","Alberta","2016A000248","Ethane","Cubic metres","72","thousands","3","v18148","4.6","1219.6","","","","1"
"2004-07","Alberta","2016A000248","Sulphur","Tonnes","288","units","0","v18153","4.7","554941","","","","0"
"2004-07","British Columbia","2016A000259","Propane","Cubic metres","72","thousands","3","v18139","5.4","30.0","","","","1"
"2004-07","British Columbia","2016A000259","Butane","Cubic metres","72","thousands","3","v18144","5.5","24.9","","","","1"
"2004-07","British Columbia","2016A000259","Ethane","Cubic metres","72","thousands","3","v18149","5.6","65.1","","","","1"
"2004-07","British Columbia","2016A000259","Sulphur","Tonnes","288","units","0","v18154","5.7","70000","","","","0"
"2004-08","Canada","2016A000011124","Propane","Cubic metres","72","thousands","3","v18135","1.4","755.8","","","","1"
"2004-08","Canada","2016A000011124","Butane","Cubic metres","72","thousands","3","v18140","1.5","456.0","","","","1"
"2004-08","Canada","2016A000011124","Ethane","Cubic metres","72","thousands","3","v18145","1.6","1297.8","","","","1"
"2004-08","Canada","2016A000011124","Sulphur","Tonnes","288","units","0","v18150","1.7","682423","","","","0"
"2004-08","Nova Scotia","2016A000212","Propane","Cubic metres","72","thousands","3","v783740","6.4","15.1","","","","1"
"2004-08","Nova Scotia","2016A000212","Butane","Cubic metres","72","thousands","3","v783741","6.5","11.4","","","","1"
"2004-08","Saskatchewan","2016A000247","Propane","Cubic metres","72","thousands","3","v18137","3.4","3.9","","","","1"
"2004-08","Saskatchewan","2016A000247","Butane","Cubic metres","72","thousands","3","v18142","3.5","2.1","","","","1"
"2004-08","Saskatchewan","2016A000247","Ethane","Cubic metres","72","thousands","3","v18147","3.6","2.8","","","","1"
"2004-08","Alberta","2016A000248","Propane","Cubic metres","72","thousands","3","v18138","4.4","706.7","","","","1"
"2004-08","Alberta","2016A000248","Butane","Cubic metres","72","thousands","3","v18143","4.5","416.1","","","","1"
"2004-08","Alberta","2016A000248","Ethane","Cubic metres","72","thousands","3","v18148","4.6","1213.6","","","","1"
"2004-08","Alberta","2016A000248","Sulphur","Tonnes","288","units","0","v18153","4.7","605460","","","","0"
"2004-08","British Columbia","2016A000259","Propane","Cubic metres","72","thousands","3","v18139","5.4","30.1","","","","1"
"2004-08","British Columbia","2016A000259","Butane","Cubic metres","72","thousands","3","v18144","5.5","26.4","","","","1"
"2004-08","British Columbia","2016A000259","Ethane","Cubic metres","72","thousands","3","v18149","5.6","81.4","","","","1"
"2004-08","British Columbia","2016A000259","Sulphur","Tonnes","288","units","0","v18154","5.7","76963","","","","0"
"2004-09","Canada","2016A000011124","Propane","Cubic metres","72","thousands","3","v18135","1.4","707.7","","","","1"
"2004-09","Canada","2016A000011124","Butane","Cubic metres","72","thousands","3","v18140","1.5","433.9","","","","1"
"2004-09","Canada","2016A000011124","Ethane","Cubic metres","72","thousands","3","v18145","1.6","1336.8","","","","1"
"2004-09","Canada","2016A000011124","Sulphur","Tonnes","288","units","0","v18150","1.7","630643","","","","0"
"2004-09","Nova Scotia","2016A000212","Propane","Cubic metres","72","thousands","3","v783740","6.4","15.6","","","","1"
"2004-09","Nova Scotia","2016A000212","Butane","Cubic metres","72","thousands","3","v783741","6.5","11.5","","","","1"
"2004-09","Saskatchewan","2016A000247","Propane","Cubic metres","72","thousands","3","v18137","3.4","3.7","","","","1"
"2004-09","Saskatchewan","2016A000247","Butane","Cubic metres","72","thousands","3","v18142","3.5","2.0","","","","1"
"2004-09","Saskatchewan","2016A000247","Ethane","Cubic metres","72","thousands","3","v18147","3.6","2.7","","","","1"
"2004-09","Alberta","2016A000248","Propane","Cubic metres","72","thousands","3","v18138","4.4","653.0","","","","1"
"2004-09","Alberta","2016A000248","Butane","Cubic metres","72","thousands","3","v18143","4.5","393.2","","","","1"
"2004-09","Alberta","2016A000248","Ethane","Cubic metres","72","thousands","3","v18148","4.6","1251.2","","","","1"
"2004-09","Alberta","2016A000248","Sulphur","Tonnes","288","units","0","v18153","4.7","560195","","","","0"
"2004-09","British Columbia","2016A000259","Propane","Cubic metres","72","thousands","3","v18139","5.4","35.4","","","","1"
"2004-09","British Columbia","2016A000259","Butane","Cubic metres","72","thousands","3","v18144","5.5","27.2","","","","1"
"2004-09","British Columbia","2016A000259","Ethane","Cubic metres","72","thousands","3","v18149","5.6","82.9","","","","1"
"2004-09","British Columbia","2016A000259","Sulphur","Tonnes","288","units","0","v18154","5.7","70448","","","","0"
"2004-10","Canada","2016A000011124","Propane","Cubic metres","72","thousands","3","v18135","1.4","759.9","","","","1"
"2004-10","Canada","2016A000011124","Butane","Cubic metres","72","thousands","3","v18140","1.5","455.6","","","","1"
"2004-10","Canada","2016A000011124","Ethane","Cubic metres","72","thousands","3","v18145","1.6","1339.0","","","","1"
"2004-10","Canada","2016A000011124","Sulphur","Tonnes","288","units","0","v18150","1.7","592638","","","","0"
"2004-10","Nova Scotia","2016A000212","Propane","Cubic metres","72","thousands","3","v783740","6.4","8.1","","","","1"
"2004-10","Nova Scotia","2016A000212","Butane","Cubic metres","72","thousands","3","v783741","6.5","6.6","","","","1"
"2004-10","Saskatchewan","2016A000247","Propane","Cubic metres","72","thousands","3","v18137","3.4","3.6","","","","1"
"2004-10","Saskatchewan","2016A000247","Butane","Cubic metres","72","thousands","3","v18142","3.5","1.9","","","","1"
"2004-10","Saskatchewan","2016A000247","Ethane","Cubic metres","72","thousands","3","v18147","3.6","3.2","","","","1"
"2004-10","Alberta","2016A000248","Propane","Cubic metres","72","thousands","3","v18138","4.4","712.7","","","","1"
"2004-10","Alberta","2016A000248","Butane","Cubic metres","72","thousands","3","v18143","4.5","417.8","","","","1"
"2004-10","Alberta","2016A000248","Ethane","Cubic metres","72","thousands","3","v18148","4.6","1272.8","","","","1"
"2004-10","Alberta","2016A000248","Sulphur","Tonnes","288","units","0","v18153","4.7","524736","","","","0"
"2004-10","British Columbia","2016A000259","Propane","Cubic metres","72","thousands","3","v18139","5.4","35.5","","","","1"
"2004-10","British Columbia","2016A000259","Butane","Cubic metres","72","thousands","3","v18144","5.5","29.3","","","","1"
"2004-10","British Columbia","2016A000259","Ethane","Cubic metres","72","thousands","3","v18149","5.6","63.0","","","","1"
"2004-10","British Columbia","2016A000259","Sulphur","Tonnes","288","units","0","v18154","5.7","67902","","","","0"
"2004-11","Canada","2016A000011124","Propane","Cubic metres","72","thousands","3","v18135","1.4","734.4","","","","1"
"2004-11","Canada","2016A000011124","Butane","Cubic metres","72","thousands","3","v18140","1.5","436.6","","","","1"
"2004-11","Canada","2016A000011124","Ethane","Cubic metres","72","thousands","3","v18145","1.6","1362.0","","","","1"
"2004-11","Canada","2016A000011124","Sulphur","Tonnes","288","units","0","v18150","1.7","554257","","","","0"
"2004-11","Nova Scotia","2016A000212","Propane","Cubic metres","72","thousands","3","v783740","6.4","2.0","","","","1"
"2004-11","Nova Scotia","2016A000212","Butane","Cubic metres","72","thousands","3","v783741","6.5","1.9","","","","1"
"2004-11","Saskatchewan","2016A000247","Propane","Cubic metres","72","thousands","3","v18137","3.4","3.6","","","","1"
"2004-11","Saskatchewan","2016A000247","Butane","Cubic metres","72","thousands","3","v18142","3.5","1.9","","","","1"
"2004-11","Saskatchewan","2016A000247","Ethane","Cubic metres","72","thousands","3","v18147","3.6","3.7","","","","1"
"2004-11","Alberta","2016A000248","Propane","Cubic metres","72","thousands","3","v18138","4.4","695.6","","","","1"
"2004-11","Alberta","2016A000248","Butane","Cubic metres","72","thousands","3","v18143","4.5","403.6","","","","1"
"2004-11","Alberta","2016A000248","Ethane","Cubic metres","72","thousands","3","v18148","4.6","1273.2","","","","1"
"2004-11","Alberta","2016A000248","Sulphur","Tonnes","288","units","0","v18153","4.7","482599","","","","0"
"2004-11","British Columbia","2016A000259","Propane","Cubic metres","72","thousands","3","v18139","5.4","33.2","","","","1"
"2004-11","British Columbia","2016A000259","Butane","Cubic metres","72","thousands","3","v18144","5.5","29.2","","","","1"
"2004-11","British Columbia","2016A000259","Ethane","Cubic metres","72","thousands","3","v18149","5.6","85.1","","","","1"
"2004-11","British Columbia","2016A000259","Sulphur","Tonnes","288","units","0","v18154","5.7","71658","","","","0"
"2004-12","Canada","2016A000011124","Propane","Cubic metres","72","thousands","3","v18135","1.4","838.5","","","","1"
"2004-12","Canada","2016A000011124","Butane","Cubic metres","72","thousands","3","v18140","1.5","477.2","","","","1"
"2004-12","Canada","2016A000011124","Ethane","Cubic metres","72","thousands","3","v18145","1.6","1409.0","","","","1"
"2004-12","Canada","2016A000011124","Sulphur","Tonnes","288","units","0","v18150","1.7","629657","","","","0"
"2004-12","Nova Scotia","2016A000212","Propane","Cubic metres","72","thousands","3","v783740","6.4","18.2","","","","1"
"2004-12","Nova Scotia","2016A000212","Butane","Cubic metres","72","thousands","3","v783741","6.5","13.0","","","","1"
"2004-12","Saskatchewan","2016A000247","Propane","Cubic metres","72","thousands","3","v18137","3.4","3.9","","","","1"
"2004-12","Saskatchewan","2016A000247","Butane","Cubic metres","72","thousands","3","v18142","3.5","2.0","","","","1"
"2004-12","Saskatchewan","2016A000247","Ethane","Cubic metres","72","thousands","3","v18147","3.6","3.9","","","","1"
"2004-12","Alberta","2016A000248","Propane","Cubic metres","72","thousands","3","v18138","4.4","781.5","","","","1"
"2004-12","Alberta","2016A000248","Butane","Cubic metres","72","thousands","3","v18143","4.5","433.9","","","","1"
"2004-12","Alberta","2016A000248","Ethane","Cubic metres","72","thousands","3","v18148","4.6","1315.2","","","","1"
"2004-12","Alberta","2016A000248","Sulphur","Tonnes","288","units","0","v18153","4.7","568405","","","","0"
"2004-12","British Columbia","2016A000259","Propane","Cubic metres","72","thousands","3","v18139","5.4","34.9","","","","1"
"2004-12","British Columbia","2016A000259","Butane","Cubic metres","72","thousands","3","v18144","5.5","28.3","","","","1"
"2004-12","British Columbia","2016A000259","Ethane","Cubic metres","72","thousands","3","v18149","5.6","89.9","","","","1"
"2004-12","British Columbia","2016A000259","Sulphur","Tonnes","288","units","0","v18154","5.7","61252","","","","0"
"2005-01","Canada","2016A000011124","Propane","Cubic metres","72","thousands","3","v18135","1.4","824.8","","","","1"
"2005-01","Canada","2016A000011124","Butane","Cubic metres","72","thousands","3","v18140","1.5","478.1","","","","1"
"2005-01","Canada","2016A000011124","Ethane","Cubic metres","72","thousands","3","v18145","1.6","1440.4","","","","1"
"2005-01","Canada","2016A000011124","Sulphur","Tonnes","288","units","0","v18150","1.7","625227","","","","0"
"2005-01","Nova Scotia","2016A000212","Propane","Cubic metres","72","thousands","3","v783740","6.4","16.4","","","","1"
"2005-01","Nova Scotia","2016A000212","Butane","Cubic metres","72","thousands","3","v783741","6.5","13.3","","","","1"
"2005-01","Saskatchewan","2016A000247","Propane","Cubic metres","72","thousands","3","v18137","3.4","3.8","","","","1"
"2005-01","Saskatchewan","2016A000247","Butane","Cubic metres","72","thousands","3","v18142","3.5","2.0","","","","1"
"2005-01","Saskatchewan","2016A000247","Ethane","Cubic metres","72","thousands","3","v18147","3.6","3.4","","","","1"
"2005-01","Alberta","2016A000248","Propane","Cubic metres","72","thousands","3","v18138","4.4","771.7","","","","1"
"2005-01","Alberta","2016A000248","Butane","Cubic metres","72","thousands","3","v18143","4.5","434.8","","","","1"
"2005-01","Alberta","2016A000248","Ethane","Cubic metres","72","thousands","3","v18148","4.6","1344.3","","","","1"
"2005-01","Alberta","2016A000248","Sulphur","Tonnes","288","units","0","v18153","4.7","556377","","","","0"
"2005-01","British Columbia","2016A000259","Propane","Cubic metres","72","thousands","3","v18139","5.4","32.9","","","","1"
"2005-01","British Columbia","2016A000259","Butane","Cubic metres","72","thousands","3","v18144","5.5","28.0","","","","1"
"2005-01","British Columbia","2016A000259","Ethane","Cubic metres","72","thousands","3","v18149","5.6","92.7","","","","1"
"2005-01","British Columbia","2016A000259","Sulphur","Tonnes","288","units","0","v18154","5.7","68850","","","","0"
"2005-02","Canada","2016A000011124","Propane","Cubic metres","72","thousands","3","v18135","1.4","728.3","","","","1"
"2005-02","Canada","2016A000011124","Butane","Cubic metres","72","thousands","3","v18140","1.5","436.2","","","","1"
"2005-02","Canada","2016A000011124","Ethane","Cubic metres","72","thousands","3","v18145","1.6","1298.0","","","","1"
"2005-02","Canada","2016A000011124","Sulphur","Tonnes","288","units","0","v18150","1.7","552251","","","","0"
"2005-02","Nova Scotia","2016A000212","Propane","Cubic metres","72","thousands","3","v783740","6.4","17.7","","","","1"
"2005-02","Nova Scotia","2016A000212","Butane","Cubic metres","72","thousands","3","v783741","6.5","13.3","","","","1"
"2005-02","Saskatchewan","2016A000247","Propane","Cubic metres","72","thousands","3","v18137","3.4","3.7","","","","1"
"2005-02","Saskatchewan","2016A000247","Butane","Cubic metres","72","thousands","3","v18142","3.5","1.9","","","","1"
"2005-02","Saskatchewan","2016A000247","Ethane","Cubic metres","72","thousands","3","v18147","3.6","2.9","","","","1"
"2005-02","Alberta","2016A000248","Propane","Cubic metres","72","thousands","3","v18138","4.4","676.7","","","","1"
"2005-02","Alberta","2016A000248","Butane","Cubic metres","72","thousands","3","v18143","4.5","394.9","","","","1"
"2005-02","Alberta","2016A000248","Ethane","Cubic metres","72","thousands","3","v18148","4.6","1206.1","","","","1"
"2005-02","Alberta","2016A000248","Sulphur","Tonnes","288","units","0","v18153","4.7","478709","","","","0"
"2005-02","British Columbia","2016A000259","Propane","Cubic metres","72","thousands","3","v18139","5.4","30.2","","","","1"
"2005-02","British Columbia","2016A000259","Butane","Cubic metres","72","thousands","3","v18144","5.5","26.1","","","","1"
"2005-02","British Columbia","2016A000259","Ethane","Cubic metres","72","thousands","3","v18149","5.6","89.0","","","","1"
"2005-02","British Columbia","2016A000259","Sulphur","Tonnes","288","units","0","v18154","5.7","73542","","","","0"
"2005-03","Canada","2016A000011124","Propane","Cubic metres","72","thousands","3","v18135","1.4","801.1","","","","1"
"2005-03","Canada","2016A000011124","Butane","Cubic metres","72","thousands","3","v18140","1.5","474.7","","","","1"
"2005-03","Canada","2016A000011124","Ethane","Cubic metres","72","thousands","3","v18145","1.6","1409.4","","","","1"
"2005-03","Canada","2016A000011124","Sulphur","Tonnes","288","units","0","v18150","1.7","616580","","","","0"
"2005-03","Nova Scotia","2016A000212","Propane","Cubic metres","72","thousands","3","v783740","6.4","20.4","","","","1"
"2005-03","Nova Scotia","2016A000212","Butane","Cubic metres","72","thousands","3","v783741","6.5","16.2","","","","1"
"2005-03","Saskatchewan","2016A000247","Propane","Cubic metres","72","thousands","3","v18137","3.4","4.2","","","","1"
"2005-03","Saskatchewan","2016A000247","Butane","Cubic metres","72","thousands","3","v18142","3.5","2.2","","","","1"
"2005-03","Saskatchewan","2016A000247","Ethane","Cubic metres","72","thousands","3","v18147","3.6","3.6","","","","1"
"2005-03","Alberta","2016A000248","Propane","Cubic metres","72","thousands","3","v18138","4.4","742.9","","","","1"
"2005-03","Alberta","2016A000248","Butane","Cubic metres","72","thousands","3","v18143","4.5","426.6","","","","1"
"2005-03","Alberta","2016A000248","Ethane","Cubic metres","72","thousands","3","v18148","4.6","1304.9","","","","1"
"2005-03","Alberta","2016A000248","Sulphur","Tonnes","288","units","0","v18153","4.7","544372","","","","0"
"2005-03","British Columbia","2016A000259","Propane","Cubic metres","72","thousands","3","v18139","5.4","33.6","","","","1"
"2005-03","British Columbia","2016A000259","Butane","Cubic metres","72","thousands","3","v18144","5.5","29.7","","","","1"
"2005-03","British Columbia","2016A000259","Ethane","Cubic metres","72","thousands","3","v18149","5.6","100.9","","","","1"
"2005-03","British Columbia","2016A000259","Sulphur","Tonnes","288","units","0","v18154","5.7","72208","","","","0"
"2005-04","Canada","2016A000011124","Propane","Cubic metres","72","thousands","3","v18135","1.4","725.3","","","","1"
"2005-04","Canada","2016A000011124","Butane","Cubic metres","72","thousands","3","v18140","1.5","434.0","","","","1"
"2005-04","Canada","2016A000011124","Ethane","Cubic metres","72","thousands","3","v18145","1.6","1315.9","","","","1"
"2005-04","Canada","2016A000011124","Sulphur","Tonnes","288","units","0","v18150","1.7","594495","","","","0"
"2005-04","Nova Scotia","2016A000212","Propane","Cubic metres","72","thousands","3","v783740","6.4","16.4","","","","1"
"2005-04","Nova Scotia","2016A000212","Butane","Cubic metres","72","thousands","3","v783741","6.5","13.3","","","","1"
"2005-04","Saskatchewan","2016A000247","Propane","Cubic metres","72","thousands","3","v18137","3.4","3.9","","","","1"
"2005-04","Saskatchewan","2016A000247","Butane","Cubic metres","72","thousands","3","v18142","3.5","2.1","","","","1"
"2005-04","Saskatchewan","2016A000247","Ethane","Cubic metres","72","thousands","3","v18147","3.6","2.8","","","","1"
"2005-04","Alberta","2016A000248","Propane","Cubic metres","72","thousands","3","v18138","4.4","671.2","","","","1"
"2005-04","Alberta","2016A000248","Butane","Cubic metres","72","thousands","3","v18143","4.5","389.4","","","","1"
"2005-04","Alberta","2016A000248","Ethane","Cubic metres","72","thousands","3","v18148","4.6","1216.7","","","","1"
"2005-04","Alberta","2016A000248","Sulphur","Tonnes","288","units","0","v18153","4.7","524125","","","","0"
"2005-04","British Columbia","2016A000259","Propane","Cubic metres","72","thousands","3","v18139","5.4","33.8","","","","1"
"2005-04","British Columbia","2016A000259","Butane","Cubic metres","72","thousands","3","v18144","5.5","29.2","","","","1"
"2005-04","British Columbia","2016A000259","Ethane","Cubic metres","72","thousands","3","v18149","5.6","96.4","","","","1"
"2005-04","British Columbia","2016A000259","Sulphur","Tonnes","288","units","0","v18154","5.7","70370","","","","0"
"2005-05","Canada","2016A000011124","Propane","Cubic metres","72","thousands","3","v18135","1.4","757.9","","","","1"
"2005-05","Canada","2016A000011124","Butane","Cubic metres","72","thousands","3","v18140","1.5","446.1","","","","1"
"2005-05","Canada","2016A000011124","Ethane","Cubic metres","72","thousands","3","v18145","1.6","1297.2","","","","1"
"2005-05","Canada","2016A000011124","Sulphur","Tonnes","288","units","0","v18150","1.7","609074","","","","0"
"2005-05","Nova Scotia","2016A000212","Propane","Cubic metres","72","thousands","3","v783740","6.4","18.1","","","","1"
"2005-05","Nova Scotia","2016A000212","Butane","Cubic metres","72","thousands","3","v783741","6.5","14.5","","","","1"
"2005-05","Saskatchewan","2016A000247","Propane","Cubic metres","72","thousands","3","v18137","3.4","3.2","","","","1"
"2005-05","Saskatchewan","2016A000247","Butane","Cubic metres","72","thousands","3","v18142","3.5","1.7","","","","1"
"2005-05","Saskatchewan","2016A000247","Ethane","Cubic metres","72","thousands","3","v18147","3.6","3.4","","","","1"
"2005-05","Alberta","2016A000248","Propane","Cubic metres","72","thousands","3","v18138","4.4","704.1","","","","1"
"2005-05","Alberta","2016A000248","Butane","Cubic metres","72","thousands","3","v18143","4.5","400.4","","","","1"
"2005-05","Alberta","2016A000248","Ethane","Cubic metres","72","thousands","3","v18148","4.6","1206.9","","","","1"
"2005-05","Alberta","2016A000248","Sulphur","Tonnes","288","units","0","v18153","4.7","536517","","","","0"
"2005-05","British Columbia","2016A000259","Propane","Cubic metres","72","thousands","3","v18139","5.4","32.5","","","","1"
"2005-05","British Columbia","2016A000259","Butane","Cubic metres","72","thousands","3","v18144","5.5","29.5","","","","1"
"2005-05","British Columbia","2016A000259","Ethane","Cubic metres","72","thousands","3","v18149","5.6","86.9","","","","1"
"2005-05","British Columbia","2016A000259","Sulphur","Tonnes","288","units","0","v18154","5.7","72557","","","","0"
"2005-06","Canada","2016A000011124","Propane","Cubic metres","72","thousands","3","v18135","1.4","630.2","","","","1"
"2005-06","Canada","2016A000011124","Butane","Cubic metres","72","thousands","3","v18140","1.5","403.6","","","","1"
"2005-06","Canada","2016A000011124","Ethane","Cubic metres","72","thousands","3","v18145","1.6","1024.7","","","","1"
"2005-06","Canada","2016A000011124","Sulphur","Tonnes","288","units","0","v18150","1.7","593239","","","","0"
"2005-06","Nova Scotia","2016A000212","Propane","Cubic metres","72","thousands","3","v783740","6.4","21.5","","","","1"
"2005-06","Nova Scotia","2016A000212","Butane","Cubic metres","72","thousands","3","v783741","6.5","16.8","","","","1"
"2005-06","Saskatchewan","2016A000247","Propane","Cubic metres","72","thousands","3","v18137","3.4","4.2","","","","1"
"2005-06","Saskatchewan","2016A000247","Butane","Cubic metres","72","thousands","3","v18142","3.5","2.1","","","","1"
"2005-06","Saskatchewan","2016A000247","Ethane","Cubic metres","72","thousands","3","v18147","3.6","2.6","","","","1"
"2005-06","Alberta","2016A000248","Propane","Cubic metres","72","thousands","3","v18138","4.4","578.4","","","","1"
"2005-06","Alberta","2016A000248","Butane","Cubic metres","72","thousands","3","v18143","4.5","360.3","","","","1"
"2005-06","Alberta","2016A000248","Ethane","Cubic metres","72","thousands","3","v18148","4.6","965.9","","","","1"
"2005-06","Alberta","2016A000248","Sulphur","Tonnes","288","units","0","v18153","4.7","525248","","","","0"
"2005-06","British Columbia","2016A000259","Propane","Cubic metres","72","thousands","3","v18139","5.4","26.1","","","","1"
"2005-06","British Columbia","2016A000259","Butane","Cubic metres","72","thousands","3","v18144","5.5","24.4","","","","1"
"2005-06","British Columbia","2016A000259","Ethane","Cubic metres","72","thousands","3","v18149","5.6","56.2","","","","1"
"2005-06","British Columbia","2016A000259","Sulphur","Tonnes","288","units","0","v18154","5.7","67991","","","","0"
"2005-07","Canada","2016A000011124","Propane","Cubic metres","72","thousands","3","v18135","1.4","710.3","","","","1"
"2005-07","Canada","2016A000011124","Butane","Cubic metres","72","thousands","3","v18140","1.5","442.4","","","","1"
"2005-07","Canada","2016A000011124","Ethane","Cubic metres","72","thousands","3","v18145","1.6","1096.6","","","","1"
"2005-07","Canada","2016A000011124","Sulphur","Tonnes","288","units","0","v18150","1.7","645831","","","","0"
"2005-07","Nova Scotia","2016A000212","Propane","Cubic metres","72","thousands","3","v783740","6.4","17.8","","","","1"
"2005-07","Nova Scotia","2016A000212","Butane","Cubic metres","72","thousands","3","v783741","6.5","16.5","","","","1"
"2005-07","Saskatchewan","2016A000247","Propane","Cubic metres","72","thousands","3","v18137","3.4","4.5","","","","1"
"2005-07","Saskatchewan","2016A000247","Butane","Cubic metres","72","thousands","3","v18142","3.5","2.3","","","","1"
"2005-07","Saskatchewan","2016A000247","Ethane","Cubic metres","72","thousands","3","v18147","3.6","3.0","","","","1"
"2005-07","Alberta","2016A000248","Propane","Cubic metres","72","thousands","3","v18138","4.4","658.7","","","","1"
"2005-07","Alberta","2016A000248","Butane","Cubic metres","72","thousands","3","v18143","4.5","397.2","","","","1"
"2005-07","Alberta","2016A000248","Ethane","Cubic metres","72","thousands","3","v18148","4.6","1031.9","","","","1"
"2005-07","Alberta","2016A000248","Sulphur","Tonnes","288","units","0","v18153","4.7","574240","","","","0"
"2005-07","British Columbia","2016A000259","Propane","Cubic metres","72","thousands","3","v18139","5.4","29.3","","","","1"
"2005-07","British Columbia","2016A000259","Butane","Cubic metres","72","thousands","3","v18144","5.5","26.4","","","","1"
"2005-07","British Columbia","2016A000259","Ethane","Cubic metres","72","thousands","3","v18149","5.6","61.7","","","","1"
"2005-07","British Columbia","2016A000259","Sulphur","Tonnes","288","units","0","v18154","5.7","71591","","","","0"
"2005-08","Canada","2016A000011124","Propane","Cubic metres","72","thousands","3","v18135","1.4","789.1","","","","1"
"2005-08","Canada","2016A000011124","Butane","Cubic metres","72","thousands","3","v18140","1.5","477.2","","","","1"
"2005-08","Canada","2016A000011124","Ethane","Cubic metres","72","thousands","3","v18145","1.6","1370.6","","","","1"
"2005-08","Canada","2016A000011124","Sulphur","Tonnes","288","units","0","v18150","1.7","635865","","","","0"
"2005-08","Nova Scotia","2016A000212","Propane","Cubic metres","72","thousands","3","v783740","6.4","17.5","","","","1"
"2005-08","Nova Scotia","2016A000212","Butane","Cubic metres","72","thousands","3","v783741","6.5","17.4","","","","1"
"2005-08","Saskatchewan","2016A000247","Propane","Cubic metres","72","thousands","3","v18137","3.4","4.6","","","","1"
"2005-08","Saskatchewan","2016A000247","Butane","Cubic metres","72","thousands","3","v18142","3.5","2.4","","","","1"
"2005-08","Saskatchewan","2016A000247","Ethane","Cubic metres","72","thousands","3","v18147","3.6","2.8","","","","1"
"2005-08","Alberta","2016A000248","Propane","Cubic metres","72","thousands","3","v18138","4.4","731.7","","","","1"
"2005-08","Alberta","2016A000248","Butane","Cubic metres","72","thousands","3","v18143","4.5","425.7","","","","1"
"2005-08","Alberta","2016A000248","Ethane","Cubic metres","72","thousands","3","v18148","4.6","1269.0","","","","1"
"2005-08","Alberta","2016A000248","Sulphur","Tonnes","288","units","0","v18153","4.7","564555","","","","0"
"2005-08","British Columbia","2016A000259","Propane","Cubic metres","72","thousands","3","v18139","5.4","35.3","","","","1"
"2005-08","British Columbia","2016A000259","Butane","Cubic metres","72","thousands","3","v18144","5.5","31.7","","","","1"
"2005-08","British Columbia","2016A000259","Ethane","Cubic metres","72","thousands","3","v18149","5.6","98.8","","","","1"
"2005-08","British Columbia","2016A000259","Sulphur","Tonnes","288","units","0","v18154","5.7","71310","","","","0"
"2005-09","Canada","2016A000011124","Propane","Cubic metres","72","thousands","3","v18135","1.4","765.7","","","","1"
"2005-09","Canada","2016A000011124","Butane","Cubic metres","72","thousands","3","v18140","1.5","443.4","","","","1"
"2005-09","Canada","2016A000011124","Ethane","Cubic metres","72","thousands","3","v18145","1.6","1309.0","","","","1"
"2005-09","Canada","2016A000011124","Sulphur","Tonnes","288","units","0","v18150","1.7","585934","","","","0"
"2005-09","Nova Scotia","2016A000212","Propane","Cubic metres","72","thousands","3","v783740","6.4","18.4","","","","1"
"2005-09","Nova Scotia","2016A000212","Butane","Cubic metres","72","thousands","3","v783741","6.5","17.8","","","","1"
"2005-09","Saskatchewan","2016A000247","Propane","Cubic metres","72","thousands","3","v18137","3.4","4.4","","","","1"
"2005-09","Saskatchewan","2016A000247","Butane","Cubic metres","72","thousands","3","v18142","3.5","2.2","","","","1"
"2005-09","Saskatchewan","2016A000247","Ethane","Cubic metres","72","thousands","3","v18147","3.6","4.1","","","","1"
"2005-09","Alberta","2016A000248","Propane","Cubic metres","72","thousands","3","v18138","4.4","711.1","","","","1"
"2005-09","Alberta","2016A000248","Butane","Cubic metres","72","thousands","3","v18143","4.5","394.0","","","","1"
"2005-09","Alberta","2016A000248","Ethane","Cubic metres","72","thousands","3","v18148","4.6","1210.0","","","","1"
"2005-09","Alberta","2016A000248","Sulphur","Tonnes","288","units","0","v18153","4.7","517840","","","","0"
"2005-09","British Columbia","2016A000259","Propane","Cubic metres","72","thousands","3","v18139","5.4","31.8","","","","1"
"2005-09","British Columbia","2016A000259","Butane","Cubic metres","72","thousands","3","v18144","5.5","29.5","","","","1"
"2005-09","British Columbia","2016A000259","Ethane","Cubic metres","72","thousands","3","v18149","5.6","94.9","","","","1"
"2005-09","British Columbia","2016A000259","Sulphur","Tonnes","288","units","0","v18154","5.7","68094","","","","0"
"2005-10","Canada","2016A000011124","Propane","Cubic metres","72","thousands","3","v18135","1.4","742.9","","","","1"
"2005-10","Canada","2016A000011124","Butane","Cubic metres","72","thousands","3","v18140","1.5","456.8","","","","1"
"2005-10","Canada","2016A000011124","Ethane","Cubic metres","72","thousands","3","v18145","1.6","1353.2","","","","1"
"2005-10","Canada","2016A000011124","Sulphur","Tonnes","288","units","0","v18150","1.7","627983","","","","0"
"2005-10","Nova Scotia","2016A000212","Propane","Cubic metres","72","thousands","3","v783740","6.4","18.4","","","","1"
"2005-10","Nova Scotia","2016A000212","Butane","Cubic metres","72","thousands","3","v783741","6.5","17.8","","","","1"
"2005-10","Saskatchewan","2016A000247","Propane","Cubic metres","72","thousands","3","v18137","3.4","4.5","","","","1"
"2005-10","Saskatchewan","2016A000247","Butane","Cubic metres","72","thousands","3","v18142","3.5","2.2","","","","1"
"2005-10","Saskatchewan","2016A000247","Ethane","Cubic metres","72","thousands","3","v18147","3.6","3.1","","","","1"
"2005-10","Alberta","2016A000248","Propane","Cubic metres","72","thousands","3","v18138","4.4","688.0","","","","1"
"2005-10","Alberta","2016A000248","Butane","Cubic metres","72","thousands","3","v18143","4.5","406.4","","","","1"
"2005-10","Alberta","2016A000248","Ethane","Cubic metres","72","thousands","3","v18148","4.6","1251.6","","","","1"
"2005-10","Alberta","2016A000248","Sulphur","Tonnes","288","units","0","v18153","4.7","557610","","","","0"
"2005-10","British Columbia","2016A000259","Propane","Cubic metres","72","thousands","3","v18139","5.4","32.0","","","","1"
"2005-10","British Columbia","2016A000259","Butane","Cubic metres","72","thousands","3","v18144","5.5","30.4","","","","1"
"2005-10","British Columbia","2016A000259","Ethane","Cubic metres","72","thousands","3","v18149","5.6","98.5","","","","1"
"2005-10","British Columbia","2016A000259","Sulphur","Tonnes","288","units","0","v18154","5.7","70373","","","","0"
"2005-11","Canada","2016A000011124","Propane","Cubic metres","72","thousands","3","v18135","1.4","729.6","","","","1"
"2005-11","Canada","2016A000011124","Butane","Cubic metres","72","thousands","3","v18140","1.5","443.0","","","","1"
"2005-11","Canada","2016A000011124","Ethane","Cubic metres","72","thousands","3","v18145","1.6","1336.7","","","","1"
"2005-11","Canada","2016A000011124","Sulphur","Tonnes","288","units","0","v18150","1.7","649343","","","","0"
"2005-11","Nova Scotia","2016A000212","Propane","Cubic metres","72","thousands","3","v783740","6.4","17.9","","","","1"
"2005-11","Nova Scotia","2016A000212","Butane","Cubic metres","72","thousands","3","v783741","6.5","17.5","","","","1"
"2005-11","Saskatchewan","2016A000247","Propane","Cubic metres","72","thousands","3","v18137","3.4","4.1","","","","1"
"2005-11","Saskatchewan","2016A000247","Butane","Cubic metres","72","thousands","3","v18142","3.5","2.0","","","","1"
"2005-11","Saskatchewan","2016A000247","Ethane","Cubic metres","72","thousands","3","v18147","3.6","4.7","","","","1"
"2005-11","Alberta","2016A000248","Propane","Cubic metres","72","thousands","3","v18138","4.4","676.7","","","","1"
"2005-11","Alberta","2016A000248","Butane","Cubic metres","72","thousands","3","v18143","4.5","392.9","","","","1"
"2005-11","Alberta","2016A000248","Ethane","Cubic metres","72","thousands","3","v18148","4.6","1237.6","","","","1"
"2005-11","Alberta","2016A000248","Sulphur","Tonnes","288","units","0","v18153","4.7","576145","","","","0"
"2005-11","British Columbia","2016A000259","Propane","Cubic metres","72","thousands","3","v18139","5.4","30.9","","","","1"
"2005-11","British Columbia","2016A000259","Butane","Cubic metres","72","thousands","3","v18144","5.5","30.6","","","","1"
"2005-11","British Columbia","2016A000259","Ethane","Cubic metres","72","thousands","3","v18149","5.6","94.4","","","","1"
"2005-11","British Columbia","2016A000259","Sulphur","Tonnes","288","units","0","v18154","5.7","73198","","","","0"
"2005-12","Canada","2016A000011124","Propane","Cubic metres","72","thousands","3","v18135","1.4","888.1","","","","1"
"2005-12","Canada","2016A000011124","Butane","Cubic metres","72","thousands","3","v18140","1.5","519.6","","","","1"
"2005-12","Canada","2016A000011124","Ethane","Cubic metres","72","thousands","3","v18145","1.6","1456.2","","","","1"
"2005-12","Canada","2016A000011124","Sulphur","Tonnes","288","units","0","v18150","1.7","676857","","","","0"
"2005-12","Nova Scotia","2016A000212","Propane","Cubic metres","72","thousands","3","v783740","6.4","15.2","","","","1"
"2005-12","Nova Scotia","2016A000212","Butane","Cubic metres","72","thousands","3","v783741","6.5","16.5","","","","1"
"2005-12","Saskatchewan","2016A000247","Propane","Cubic metres","72","thousands","3","v18137","3.4","4.4","","","","1"
"2005-12","Saskatchewan","2016A000247","Butane","Cubic metres","72","thousands","3","v18142","3.5","2.1","","","","1"
"2005-12","Saskatchewan","2016A000247","Ethane","Cubic metres","72","thousands","3","v18147","3.6","4.2","","","","1"
"2005-12","Alberta","2016A000248","Propane","Cubic metres","72","thousands","3","v18138","4.4","841.5","","","","1"
"2005-12","Alberta","2016A000248","Butane","Cubic metres","72","thousands","3","v18143","4.5","472.4","","","","1"
"2005-12","Alberta","2016A000248","Ethane","Cubic metres","72","thousands","3","v18148","4.6","1375.6","","","","1"
"2005-12","Alberta","2016A000248","Sulphur","Tonnes","288","units","0","v18153","4.7","603963","","","","0"
"2005-12","British Columbia","2016A000259","Propane","Cubic metres","72","thousands","3","v18139","5.4","27.0","","","","1"
"2005-12","British Columbia","2016A000259","Butane","Cubic metres","72","thousands","3","v18144","5.5","28.6","","","","1"
"2005-12","British Columbia","2016A000259","Ethane","Cubic metres","72","thousands","3","v18149","5.6","76.4","","","","1"
"2005-12","British Columbia","2016A000259","Sulphur","Tonnes","288","units","0","v18154","5.7","72894","","","","0"
"2006-01","Canada","2016A000011124","Propane","Cubic metres","72","thousands","3","v18135","1.4","879.1","","","","1"
"2006-01","Canada","2016A000011124","Butane","Cubic metres","72","thousands","3","v18140","1.5","555.9","","","","1"
"2006-01","Canada","2016A000011124","Ethane","Cubic metres","72","thousands","3","v18145","1.6","1538.5","","","","1"
"2006-01","Canada","2016A000011124","Sulphur","Tonnes","288","units","0","v18150","1.7","679691","","","","0"
"2006-01","Nova Scotia","2016A000212","Propane","Cubic metres","72","thousands","3","v783740","6.4","16.3","","","","1"
"2006-01","Nova Scotia","2016A000212","Butane","Cubic metres","72","thousands","3","v783741","6.5","17.8","","","","1"
"2006-01","Saskatchewan","2016A000247","Propane","Cubic metres","72","thousands","3","v18137","3.4","4.3","","","","1"
"2006-01","Saskatchewan","2016A000247","Butane","Cubic metres","72","thousands","3","v18142","3.5","2.0","","","","1"
"2006-01","Saskatchewan","2016A000247","Ethane","Cubic metres","72","thousands","3","v18147","3.6","3.5","","","","1"
"2006-01","Alberta","2016A000248","Propane","Cubic metres","72","thousands","3","v18138","4.4","828.4","","","","1"
"2006-01","Alberta","2016A000248","Butane","Cubic metres","72","thousands","3","v18143","4.5","509.4","","","","1"
"2006-01","Alberta","2016A000248","Ethane","Cubic metres","72","thousands","3","v18148","4.6","1426.4","","","","1"
"2006-01","Alberta","2016A000248","Sulphur","Tonnes","288","units","0","v18153","4.7","607118","","","","0"
"2006-01","British Columbia","2016A000259","Propane","Cubic metres","72","thousands","3","v18139","5.4","30.1","","","","1"
"2006-01","British Columbia","2016A000259","Butane","Cubic metres","72","thousands","3","v18144","5.5","26.7","","","","1"
"2006-01","British Columbia","2016A000259","Ethane","Cubic metres","72","thousands","3","v18149","5.6","108.6","","","","1"
"2006-01","British Columbia","2016A000259","Sulphur","Tonnes","288","units","0","v18154","5.7","72573","","","","0"
"2006-02","Canada","2016A000011124","Propane","Cubic metres","72","thousands","3","v18135","1.4","793.0","","","","1"
"2006-02","Canada","2016A000011124","Butane","Cubic metres","72","thousands","3","v18140","1.5","505.4","","","","1"
"2006-02","Canada","2016A000011124","Ethane","Cubic metres","72","thousands","3","v18145","1.6","1391.5","","","","1"
"2006-02","Canada","2016A000011124","Sulphur","Tonnes","288","units","0","v18150","1.7","584755","","","","0"
"2006-02","Nova Scotia","2016A000212","Propane","Cubic metres","72","thousands","3","v783740","6.4","14.9","","","","1"
"2006-02","Nova Scotia","2016A000212","Butane","Cubic metres","72","thousands","3","v783741","6.5","15.9","","","","1"
"2006-02","Saskatchewan","2016A000247","Propane","Cubic metres","72","thousands","3","v18137","3.4","3.8","","","","1"
"2006-02","Saskatchewan","2016A000247","Butane","Cubic metres","72","thousands","3","v18142","3.5","1.8","","","","1"
"2006-02","Saskatchewan","2016A000247","Ethane","Cubic metres","72","thousands","3","v18147","3.6","3.6","","","","1"
"2006-02","Alberta","2016A000248","Propane","Cubic metres","72","thousands","3","v18138","4.4","747.9","","","","1"
"2006-02","Alberta","2016A000248","Butane","Cubic metres","72","thousands","3","v18143","4.5","464.3","","","","1"
"2006-02","Alberta","2016A000248","Ethane","Cubic metres","72","thousands","3","v18148","4.6","1288.3","","","","1"
"2006-02","Alberta","2016A000248","Sulphur","Tonnes","288","units","0","v18153","4.7","520268","","","","0"
"2006-02","British Columbia","2016A000259","Propane","Cubic metres","72","thousands","3","v18139","5.4","26.4","","","","1"
"2006-02","British Columbia","2016A000259","Butane","Cubic metres","72","thousands","3","v18144","5.5","23.4","","","","1"
"2006-02","British Columbia","2016A000259","Ethane","Cubic metres","72","thousands","3","v18149","5.6","99.6","","","","1"
"2006-02","British Columbia","2016A000259","Sulphur","Tonnes","288","units","0","v18154","5.7","64487","","","","0"
"2006-03","Canada","2016A000011124","Propane","Cubic metres","72","thousands","3","v18135","1.4","879.2","","","","1"
"2006-03","Canada","2016A000011124","Butane","Cubic metres","72","thousands","3","v18140","1.5","521.6","","","","1"
"2006-03","Canada","2016A000011124","Ethane","Cubic metres","72","thousands","3","v18145","1.6","1463.4","","","","1"
"2006-03","Canada","2016A000011124","Sulphur","Tonnes","288","units","0","v18150","1.7","629866","","","","0"
"2006-03","Nova Scotia","2016A000212","Propane","Cubic metres","72","thousands","3","v783740","6.4","13.5","","","","1"
"2006-03","Nova Scotia","2016A000212","Butane","Cubic metres","72","thousands","3","v783741","6.5","13.8","","","","1"
"2006-03","Saskatchewan","2016A000247","Propane","Cubic metres","72","thousands","3","v18137","3.4","4.1","","","","1"
"2006-03","Saskatchewan","2016A000247","Butane","Cubic metres","72","thousands","3","v18142","3.5","2.0","","","","1"
"2006-03","Saskatchewan","2016A000247","Ethane","Cubic metres","72","thousands","3","v18147","3.6","4.3","","","","1"
"2006-03","Alberta","2016A000248","Propane","Cubic metres","72","thousands","3","v18138","4.4","831.2","","","","1"
"2006-03","Alberta","2016A000248","Butane","Cubic metres","72","thousands","3","v18143","4.5","481.9","","","","1"
"2006-03","Alberta","2016A000248","Ethane","Cubic metres","72","thousands","3","v18148","4.6","1351.6","","","","1"
"2006-03","Alberta","2016A000248","Sulphur","Tonnes","288","units","0","v18153","4.7","558379","","","","0"
"2006-03","British Columbia","2016A000259","Propane","Cubic metres","72","thousands","3","v18139","5.4","30.4","","","","1"
"2006-03","British Columbia","2016A000259","Butane","Cubic metres","72","thousands","3","v18144","5.5","23.9","","","","1"
"2006-03","British Columbia","2016A000259","Ethane","Cubic metres","72","thousands","3","v18149","5.6","107.5","","","","1"
"2006-03","British Columbia","2016A000259","Sulphur","Tonnes","288","units","0","v18154","5.7","71487","","","","0"
"2006-04","Canada","2016A000011124","Propane","Cubic metres","72","thousands","3","v18135","1.4","805.3","","","","1"
"2006-04","Canada","2016A000011124","Butane","Cubic metres","72","thousands","3","v18140","1.5","466.0","","","","1"
"2006-04","Canada","2016A000011124","Ethane","Cubic metres","72","thousands","3","v18145","1.6","1396.1","","","","1"
"2006-04","Canada","2016A000011124","Sulphur","Tonnes","288","units","0","v18150","1.7","606096","","","","0"
"2006-04","Nova Scotia","2016A000212","Propane","Cubic metres","72","thousands","3","v783740","6.4","13.4","","","","1"
"2006-04","Nova Scotia","2016A000212","Butane","Cubic metres","72","thousands","3","v783741","6.5","12.4","","","","1"
"2006-04","Saskatchewan","2016A000247","Propane","Cubic metres","72","thousands","3","v18137","3.4","2.6","","","","1"
"2006-04","Saskatchewan","2016A000247","Butane","Cubic metres","72","thousands","3","v18142","3.5","1.2","","","","1"
"2006-04","Saskatchewan","2016A000247","Ethane","Cubic metres","72","thousands","3","v18147","3.6","2.9","","","","1"
"2006-04","Alberta","2016A000248","Propane","Cubic metres","72","thousands","3","v18138","4.4","759.4","","","","1"
"2006-04","Alberta","2016A000248","Butane","Cubic metres","72","thousands","3","v18143","4.5","428.3","","","","1"
"2006-04","Alberta","2016A000248","Ethane","Cubic metres","72","thousands","3","v18148","4.6","1283.9","","","","1"
"2006-04","Alberta","2016A000248","Sulphur","Tonnes","288","units","0","v18153","4.7","538808","","","","0"
"2006-04","British Columbia","2016A000259","Propane","Cubic metres","72","thousands","3","v18139","5.4","29.9","","","","1"
"2006-04","British Columbia","2016A000259","Butane","Cubic metres","72","thousands","3","v18144","5.5","24.1","","","","1"
"2006-04","British Columbia","2016A000259","Ethane","Cubic metres","72","thousands","3","v18149","5.6","109.3","","","","1"
"2006-04","British Columbia","2016A000259","Sulphur","Tonnes","288","units","0","v18154","5.7","67288","","","","0"
"2006-05","Canada","2016A000011124","Propane","Cubic metres","72","thousands","3","v18135","1.4","818.4","","","","1"
"2006-05","Canada","2016A000011124","Butane","Cubic metres","72","thousands","3","v18140","1.5","537.9","","","","1"
"2006-05","Canada","2016A000011124","Ethane","Cubic metres","72","thousands","3","v18145","1.6","1286.4","","","","1"
"2006-05","Canada","2016A000011124","Sulphur","Tonnes","288","units","0","v18150","1.7","629147","","","","0"
"2006-05","Nova Scotia","2016A000212","Propane","Cubic metres","72","thousands","3","v783740","6.4","15.2","","","","1"
"2006-05","Nova Scotia","2016A000212","Butane","Cubic metres","72","thousands","3","v783741","6.5","13.7","","","","1"
"2006-05","Saskatchewan","2016A000247","Propane","Cubic metres","72","thousands","3","v18137","3.4","3.9","","","","1"
"2006-05","Saskatchewan","2016A000247","Butane","Cubic metres","72","thousands","3","v18142","3.5","2.0","","","","1"
"2006-05","Saskatchewan","2016A000247","Ethane","Cubic metres","72","thousands","3","v18147","3.6","3.0","","","","1"
"2006-05","Alberta","2016A000248","Propane","Cubic metres","72","thousands","3","v18138","4.4","768.2","","","","1"
"2006-05","Alberta","2016A000248","Butane","Cubic metres","72","thousands","3","v18143","4.5","495.9","","","","1"
"2006-05","Alberta","2016A000248","Ethane","Cubic metres","72","thousands","3","v18148","4.6","1176.5","","","","1"
"2006-05","Alberta","2016A000248","Sulphur","Tonnes","288","units","0","v18153","4.7","556897","","","","0"
"2006-05","British Columbia","2016A000259","Propane","Cubic metres","72","thousands","3","v18139","5.4","31.1","","","","1"
"2006-05","British Columbia","2016A000259","Butane","Cubic metres","72","thousands","3","v18144","5.5","26.3","","","","1"
"2006-05","British Columbia","2016A000259","Ethane","Cubic metres","72","thousands","3","v18149","5.6","106.9","","","","1"
"2006-05","British Columbia","2016A000259","Sulphur","Tonnes","288","units","0","v18154","5.7","72250","","","","0"
"2006-06","Canada","2016A000011124","Propane","Cubic metres","72","thousands","3","v18135","1.4","731.6","","","","1"
"2006-06","Canada","2016A000011124","Butane","Cubic metres","72","thousands","3","v18140","1.5","505.3","","","","1"
"2006-06","Canada","2016A000011124","Ethane","Cubic metres","72","thousands","3","v18145","1.6","1242.2","","","","1"
"2006-06","Canada","2016A000011124","Sulphur","Tonnes","288","units","0","v18150","1.7","554121","","","","0"
"2006-06","Nova Scotia","2016A000212","Propane","Cubic metres","72","thousands","3","v783740","6.4","0.6","","","","1"
"2006-06","Nova Scotia","2016A000212","Butane","Cubic metres","72","thousands","3","v783741","6.5","13.2","","","","1"
"2006-06","Saskatchewan","2016A000247","Propane","Cubic metres","72","thousands","3","v18137","3.4","3.8","","","","1"
"2006-06","Saskatchewan","2016A000247","Butane","Cubic metres","72","thousands","3","v18142","3.5","2.0","","","","1"
"2006-06","Saskatchewan","2016A000247","Ethane","Cubic metres","72","thousands","3","v18147","3.6","3.0","","","","1"
"2006-06","Alberta","2016A000248","Propane","Cubic metres","72","thousands","3","v18138","4.4","698.3","","","","1"
"2006-06","Alberta","2016A000248","Butane","Cubic metres","72","thousands","3","v18143","4.5","467.8","","","","1"
"2006-06","Alberta","2016A000248","Ethane","Cubic metres","72","thousands","3","v18148","4.6","1139.0","","","","1"
"2006-06","Alberta","2016A000248","Sulphur","Tonnes","288","units","0","v18153","4.7","488090","","","","0"
"2006-06","British Columbia","2016A000259","Propane","Cubic metres","72","thousands","3","v18139","5.4","28.9","","","","1"
"2006-06","British Columbia","2016A000259","Butane","Cubic metres","72","thousands","3","v18144","5.5","22.3","","","","1"
"2006-06","British Columbia","2016A000259","Ethane","Cubic metres","72","thousands","3","v18149","5.6","100.2","","","","1"
"2006-06","British Columbia","2016A000259","Sulphur","Tonnes","288","units","0","v18154","5.7","66031","","","","0"
"2006-07","Canada","2016A000011124","Propane","Cubic metres","72","thousands","3","v18135","1.4","804.3","","","","1"
"2006-07","Canada","2016A000011124","Butane","Cubic metres","72","thousands","3","v18140","1.5","531.1","","","","1"
"2006-07","Canada","2016A000011124","Ethane","Cubic metres","72","thousands","3","v18145","1.6","1270.9","","","","1"
"2006-07","Canada","2016A000011124","Sulphur","Tonnes","288","units","0","v18150","1.7","565203","","","","0"
"2006-07","Nova Scotia","2016A000212","Propane","Cubic metres","72","thousands","3","v783740","6.4","18.4","","","","1"
"2006-07","Nova Scotia","2016A000212","Butane","Cubic metres","72","thousands","3","v783741","6.5","18.8","","","","1"
"2006-07","Saskatchewan","2016A000247","Propane","Cubic metres","72","thousands","3","v18137","3.4","2.9","","","","1"
"2006-07","Saskatchewan","2016A000247","Butane","Cubic metres","72","thousands","3","v18142","3.5","1.5","","","","1"
"2006-07","Saskatchewan","2016A000247","Ethane","Cubic metres","72","thousands","3","v18147","3.6","1.1","","","","1"
"2006-07","Alberta","2016A000248","Propane","Cubic metres","72","thousands","3","v18138","4.4","753.9","","","","1"
"2006-07","Alberta","2016A000248","Butane","Cubic metres","72","thousands","3","v18143","4.5","489.8","","","","1"
"2006-07","Alberta","2016A000248","Ethane","Cubic metres","72","thousands","3","v18148","4.6","1166.5","","","","1"
"2006-07","Alberta","2016A000248","Sulphur","Tonnes","288","units","0","v18153","4.7","508180","","","","0"
"2006-07","British Columbia","2016A000259","Propane","Cubic metres","72","thousands","3","v18139","5.4","29.1","","","","1"
"2006-07","British Columbia","2016A000259","Butane","Cubic metres","72","thousands","3","v18144","5.5","21.0","","","","1"
"2006-07","British Columbia","2016A000259","Ethane","Cubic metres","72","thousands","3","v18149","5.6","103.3","","","","1"
"2006-07","British Columbia","2016A000259","Sulphur","Tonnes","288","units","0","v18154","5.7","57023","","","","0"
"2006-08","Canada","2016A000011124","Propane","Cubic metres","72","thousands","3","v18135","1.4","865.4","","","","1"
"2006-08","Canada","2016A000011124","Butane","Cubic metres","72","thousands","3","v18140","1.5","539.5","","","","1"
"2006-08","Canada","2016A000011124","Ethane","Cubic metres","72","thousands","3","v18145","1.6","1316.5","","","","1"
"2006-08","Canada","2016A000011124","Sulphur","Tonnes","288","units","0","v18150","1.7","658533","","","","0"
"2006-08","Nova Scotia","2016A000212","Propane","Cubic metres","72","thousands","3","v783740","6.4","17.9","","","","1"
"2006-08","Nova Scotia","2016A000212","Butane","Cubic metres","72","thousands","3","v783741","6.5","17.6","","","","1"
"2006-08","Saskatchewan","2016A000247","Propane","Cubic metres","72","thousands","3","v18137","3.4","2.1","","","","1"
"2006-08","Saskatchewan","2016A000247","Butane","Cubic metres","72","thousands","3","v18142","3.5","1.0","","","","1"
"2006-08","Saskatchewan","2016A000247","Ethane","Cubic metres","72","thousands","3","v18147","3.6","0.6","","","","1"
"2006-08","Alberta","2016A000248","Propane","Cubic metres","72","thousands","3","v18138","4.4","812.5","","","","1"
"2006-08","Alberta","2016A000248","Butane","Cubic metres","72","thousands","3","v18143","4.5","495.4","","","","1"
"2006-08","Alberta","2016A000248","Ethane","Cubic metres","72","thousands","3","v18148","4.6","1207.0","","","","1"
"2006-08","Alberta","2016A000248","Sulphur","Tonnes","288","units","0","v18153","4.7","576881","","","","0"
"2006-08","British Columbia","2016A000259","Propane","Cubic metres","72","thousands","3","v18139","5.4","32.9","","","","1"
"2006-08","British Columbia","2016A000259","Butane","Cubic metres","72","thousands","3","v18144","5.5","25.5","","","","1"
"2006-08","British Columbia","2016A000259","Ethane","Cubic metres","72","thousands","3","v18149","5.6","108.9","","","","1"
"2006-08","British Columbia","2016A000259","Sulphur","Tonnes","288","units","0","v18154","5.7","81652","","","","0"
"2006-09","Canada","2016A000011124","Propane","Cubic metres","72","thousands","3","v18135","1.4","757.1","","","","1"
"2006-09","Canada","2016A000011124","Butane","Cubic metres","72","thousands","3","v18140","1.5","513.5","","","","1"
"2006-09","Canada","2016A000011124","Ethane","Cubic metres","72","thousands","3","v18145","1.6","1236.6","","","","1"
"2006-09","Canada","2016A000011124","Sulphur","Tonnes","288","units","0","v18150","1.7","615748","","","","0"
"2006-09","Nova Scotia","2016A000212","Propane","Cubic metres","72","thousands","3","v783740","6.4","13.3","","","","1"
"2006-09","Nova Scotia","2016A000212","Butane","Cubic metres","72","thousands","3","v783741","6.5","13.2","","","","1"
"2006-09","Saskatchewan","2016A000247","Propane","Cubic metres","72","thousands","3","v18137","3.4","3.9","","","","1"
"2006-09","Saskatchewan","2016A000247","Butane","Cubic metres","72","thousands","3","v18142","3.5","2.2","","","","1"
"2006-09","Saskatchewan","2016A000247","Ethane","Cubic metres","72","thousands","3","v18147","3.6","1.5","","","","1"
"2006-09","Alberta","2016A000248","Propane","Cubic metres","72","thousands","3","v18138","4.4","712.1","","","","1"
"2006-09","Alberta","2016A000248","Butane","Cubic metres","72","thousands","3","v18143","4.5","475.3","","","","1"
"2006-09","Alberta","2016A000248","Ethane","Cubic metres","72","thousands","3","v18148","4.6","1153.1","","","","1"
"2006-09","Alberta","2016A000248","Sulphur","Tonnes","288","units","0","v18153","4.7","550839","","","","0"
"2006-09","British Columbia","2016A000259","Propane","Cubic metres","72","thousands","3","v18139","5.4","27.8","","","","1"
"2006-09","British Columbia","2016A000259","Butane","Cubic metres","72","thousands","3","v18144","5.5","22.8","","","","1"
"2006-09","British Columbia","2016A000259","Ethane","Cubic metres","72","thousands","3","v18149","5.6","82.0","","","","1"
"2006-09","British Columbia","2016A000259","Sulphur","Tonnes","288","units","0","v18154","5.7","64909","","","","0"
"2006-10","Canada","2016A000011124","Propane","Cubic metres","72","thousands","3","v18135","1.4","820.7","","","","1"
"2006-10","Canada","2016A000011124","Butane","Cubic metres","72","thousands","3","v18140","1.5","515.7","","","","1"
"2006-10","Canada","2016A000011124","Ethane","Cubic metres","72","thousands","3","v18145","1.6","1314.0","","","","1"
"2006-10","Canada","2016A000011124","Sulphur","Tonnes","288","units","0","v18150","1.7","658552","","","","0"
"2006-10","Nova Scotia","2016A000212","Propane","Cubic metres","72","thousands","3","v783740","6.4","18.4","","","","1"
"2006-10","Nova Scotia","2016A000212","Butane","Cubic metres","72","thousands","3","v783741","6.5","1.6","","","","1"
"2006-10","Saskatchewan","2016A000247","Propane","Cubic metres","72","thousands","3","v18137","3.4","4.1","","","","1"
"2006-10","Saskatchewan","2016A000247","Butane","Cubic metres","72","thousands","3","v18142","3.5","2.1","","","","1"
"2006-10","Saskatchewan","2016A000247","Ethane","Cubic metres","72","thousands","3","v18147","3.6","1.2","","","","1"
"2006-10","Alberta","2016A000248","Propane","Cubic metres","72","thousands","3","v18138","4.4","765.9","","","","1"
"2006-10","Alberta","2016A000248","Butane","Cubic metres","72","thousands","3","v18143","4.5","485.5","","","","1"
"2006-10","Alberta","2016A000248","Ethane","Cubic metres","72","thousands","3","v18148","4.6","1194.4","","","","1"
"2006-10","Alberta","2016A000248","Sulphur","Tonnes","288","units","0","v18153","4.7","584499","","","","0"
"2006-10","British Columbia","2016A000259","Propane","Cubic metres","72","thousands","3","v18139","5.4","32.3","","","","1"
"2006-10","British Columbia","2016A000259","Butane","Cubic metres","72","thousands","3","v18144","5.5","26.5","","","","1"
"2006-10","British Columbia","2016A000259","Ethane","Cubic metres","72","thousands","3","v18149","5.6","118.4","","","","1"
"2006-10","British Columbia","2016A000259","Sulphur","Tonnes","288","units","0","v18154","5.7","74053","","","","0"
"2006-11","Canada","2016A000011124","Propane","Cubic metres","72","thousands","3","v18135","1.4","773.9","","","","1"
"2006-11","Canada","2016A000011124","Butane","Cubic metres","72","thousands","3","v18140","1.5","504.0","","","","1"
"2006-11","Canada","2016A000011124","Ethane","Cubic metres","72","thousands","3","v18145","1.6","1259.3","","","","1"
"2006-11","Canada","2016A000011124","Sulphur","Tonnes","288","units","0","v18150","1.7","619022","","","","0"
"2006-11","Nova Scotia","2016A000212","Propane","Cubic metres","72","thousands","3","v783740","6.4","12.4","","","","1"
"2006-11","Nova Scotia","2016A000212","Butane","Cubic metres","72","thousands","3","v783741","6.5","12.6","","","","1"
"2006-11","Saskatchewan","2016A000247","Propane","Cubic metres","72","thousands","3","v18137","3.4","4.1","","","","1"
"2006-11","Saskatchewan","2016A000247","Butane","Cubic metres","72","thousands","3","v18142","3.5","2.1","","","","1"
"2006-11","Saskatchewan","2016A000247","Ethane","Cubic metres","72","thousands","3","v18147","3.6","0.2","","","","1"
"2006-11","Alberta","2016A000248","Propane","Cubic metres","72","thousands","3","v18138","4.4","729.2","","","","1"
"2006-11","Alberta","2016A000248","Butane","Cubic metres","72","thousands","3","v18143","4.5","467.9","","","","1"
"2006-11","Alberta","2016A000248","Ethane","Cubic metres","72","thousands","3","v18148","4.6","1160.4","","","","1"
"2006-11","Alberta","2016A000248","Sulphur","Tonnes","288","units","0","v18153","4.7","549678","","","","0"
"2006-11","British Columbia","2016A000259","Propane","Cubic metres","72","thousands","3","v18139","5.4","28.2","","","","1"
"2006-11","British Columbia","2016A000259","Butane","Cubic metres","72","thousands","3","v18144","5.5","21.4","","","","1"
"2006-11","British Columbia","2016A000259","Ethane","Cubic metres","72","thousands","3","v18149","5.6","98.7","","","","1"
"2006-11","British Columbia","2016A000259","Sulphur","Tonnes","288","units","0","v18154","5.7","69344","","","","0"
"2006-12","Canada","2016A000011124","Propane","Cubic metres","72","thousands","3","v18135","1.4","837.1","","","","1"
"2006-12","Canada","2016A000011124","Butane","Cubic metres","72","thousands","3","v18140","1.5","531.0","","","","1"
"2006-12","Canada","2016A000011124","Ethane","Cubic metres","72","thousands","3","v18145","1.6","1377.2","","","","1"
"2006-12","Canada","2016A000011124","Sulphur","Tonnes","288","units","0","v18150","1.7","634642","","","","0"
"2006-12","Nova Scotia","2016A000212","Propane","Cubic metres","72","thousands","3","v783740","6.4","13.3","","","","1"
"2006-12","Nova Scotia","2016A000212","Butane","Cubic metres","72","thousands","3","v783741","6.5","12.7","","","","1"
"2006-12","Saskatchewan","2016A000247","Propane","Cubic metres","72","thousands","3","v18137","3.4","3.9","","","","1"
"2006-12","Saskatchewan","2016A000247","Butane","Cubic metres","72","thousands","3","v18142","3.5","2.0","","","","1"
"2006-12","Saskatchewan","2016A000247","Ethane","Cubic metres","72","thousands","3","v18147","3.6","1.8","","","","1"
"2006-12","Alberta","2016A000248","Propane","Cubic metres","72","thousands","3","v18138","4.4","787.0","","","","1"
"2006-12","Alberta","2016A000248","Butane","Cubic metres","72","thousands","3","v18143","4.5","490.4","","","","1"
"2006-12","Alberta","2016A000248","Ethane","Cubic metres","72","thousands","3","v18148","4.6","1277.4","","","","1"
"2006-12","Alberta","2016A000248","Sulphur","Tonnes","288","units","0","v18153","4.7","560502","","","","0"
"2006-12","British Columbia","2016A000259","Propane","Cubic metres","72","thousands","3","v18139","5.4","32.9","","","","1"
"2006-12","British Columbia","2016A000259","Butane","Cubic metres","72","thousands","3","v18144","5.5","25.9","","","","1"
"2006-12","British Columbia","2016A000259","Ethane","Cubic metres","72","thousands","3","v18149","5.6","98.0","","","","1"
"2006-12","British Columbia","2016A000259","Sulphur","Tonnes","288","units","0","v18154","5.7","74140","","","","0"
"2007-01","Canada","2016A000011124","Propane","Cubic metres","72","thousands","3","v18135","1.4","972.5","","","","1"
"2007-01","Canada","2016A000011124","Butane","Cubic metres","72","thousands","3","v18140","1.5","563.0","","","","1"
"2007-01","Canada","2016A000011124","Ethane","Cubic metres","72","thousands","3","v18145","1.6","1431.4","","","","1"
"2007-01","Canada","2016A000011124","Sulphur","Tonnes","288","units","0","v18150","1.7","606769","","","","0"
"2007-01","Nova Scotia","2016A000212","Propane","Cubic metres","72","thousands","3","v783740","6.4","13.9","","","","1"
"2007-01","Nova Scotia","2016A000212","Butane","Cubic metres","72","thousands","3","v783741","6.5","12.8","","","","1"
"2007-01","Saskatchewan","2016A000247","Propane","Cubic metres","72","thousands","3","v18137","3.4","4.0","","","","1"
"2007-01","Saskatchewan","2016A000247","Butane","Cubic metres","72","thousands","3","v18142","3.5","2.0","","","","1"
"2007-01","Saskatchewan","2016A000247","Ethane","Cubic metres","72","thousands","3","v18147","3.6","2.1","","","","1"
"2007-01","Alberta","2016A000248","Propane","Cubic metres","72","thousands","3","v18138","4.4","923.7","","","","1"
"2007-01","Alberta","2016A000248","Butane","Cubic metres","72","thousands","3","v18143","4.5","522.5","","","","1"
"2007-01","Alberta","2016A000248","Ethane","Cubic metres","72","thousands","3","v18148","4.6","1338.2","","","","1"
"2007-01","Alberta","2016A000248","Sulphur","Tonnes","288","units","0","v18153","4.7","534736","","","","0"
"2007-01","British Columbia","2016A000259","Propane","Cubic metres","72","thousands","3","v18139","5.4","30.9","","","","1"
"2007-01","British Columbia","2016A000259","Butane","Cubic metres","72","thousands","3","v18144","5.5","25.7","","","","1"
"2007-01","British Columbia","2016A000259","Ethane","Cubic metres","72","thousands","3","v18149","5.6","91.1","","","","1"
"2007-01","British Columbia","2016A000259","Sulphur","Tonnes","288","units","0","v18154","5.7","72033","","","","0"
"2007-02","Canada","2016A000011124","Propane","Cubic metres","72","thousands","3","v18135","1.4","920.7","","","","1"
"2007-02","Canada","2016A000011124","Butane","Cubic metres","72","thousands","3","v18140","1.5","558.6","","","","1"
"2007-02","Canada","2016A000011124","Ethane","Cubic metres","72","thousands","3","v18145","1.6","1335.5","","","","1"
"2007-02","Canada","2016A000011124","Sulphur","Tonnes","288","units","0","v18150","1.7","564373","","","","0"
"2007-02","Nova Scotia","2016A000212","Propane","Cubic metres","72","thousands","3","v783740","6.4","12.1","","","","1"
"2007-02","Nova Scotia","2016A000212","Butane","Cubic metres","72","thousands","3","v783741","6.5","10.9","","","","1"
"2007-02","Saskatchewan","2016A000247","Propane","Cubic metres","72","thousands","3","v18137","3.4","3.4","","","","1"
"2007-02","Saskatchewan","2016A000247","Butane","Cubic metres","72","thousands","3","v18142","3.5","1.7","","","","1"
"2007-02","Saskatchewan","2016A000247","Ethane","Cubic metres","72","thousands","3","v18147","3.6","2.3","","","","1"
"2007-02","Alberta","2016A000248","Propane","Cubic metres","72","thousands","3","v18138","4.4","878.1","","","","1"
"2007-02","Alberta","2016A000248","Butane","Cubic metres","72","thousands","3","v18143","4.5","523.0","","","","1"
"2007-02","Alberta","2016A000248","Ethane","Cubic metres","72","thousands","3","v18148","4.6","1244.4","","","","1"
"2007-02","Alberta","2016A000248","Sulphur","Tonnes","288","units","0","v18153","4.7","499071","","","","0"
"2007-02","British Columbia","2016A000259","Propane","Cubic metres","72","thousands","3","v18139","5.4","27.1","","","","1"
"2007-02","British Columbia","2016A000259","Butane","Cubic metres","72","thousands","3","v18144","5.5","23.0","","","","1"
"2007-02","British Columbia","2016A000259","Ethane","Cubic metres","72","thousands","3","v18149","5.6","88.8","","","","1"
"2007-02","British Columbia","2016A000259","Sulphur","Tonnes","288","units","0","v18154","5.7","65302","","","","0"
"2007-03","Canada","2016A000011124","Propane","Cubic metres","72","thousands","3","v18135","1.4","871.7","","","","1"
"2007-03","Canada","2016A000011124","Butane","Cubic metres","72","thousands","3","v18140","1.5","541.2","","","","1"
"2007-03","Canada","2016A000011124","Ethane","Cubic metres","72","thousands","3","v18145","1.6","1399.7","","","","1"
"2007-03","Canada","2016A000011124","Sulphur","Tonnes","288","units","0","v18150","1.7","644865","","","","0"
"2007-03","Nova Scotia","2016A000212","Propane","Cubic metres","72","thousands","3","v783740","6.4","13.1","","","","1"
"2007-03","Nova Scotia","2016A000212","Butane","Cubic metres","72","thousands","3","v783741","6.5","12.4","","","","1"
"2007-03","Saskatchewan","2016A000247","Propane","Cubic metres","72","thousands","3","v18137","3.4","3.9","","","","1"
"2007-03","Saskatchewan","2016A000247","Butane","Cubic metres","72","thousands","3","v18142","3.5","2.0","","","","1"
"2007-03","Saskatchewan","2016A000247","Ethane","Cubic metres","72","thousands","3","v18147","3.6","1.1","","","","1"
"2007-03","Alberta","2016A000248","Propane","Cubic metres","72","thousands","3","v18138","4.4","825.3","","","","1"
"2007-03","Alberta","2016A000248","Butane","Cubic metres","72","thousands","3","v18143","4.5","502.5","","","","1"
"2007-03","Alberta","2016A000248","Ethane","Cubic metres","72","thousands","3","v18148","4.6","1287.6","","","","1"
"2007-03","Alberta","2016A000248","Sulphur","Tonnes","288","units","0","v18153","4.7","569824","","","","0"
"2007-03","British Columbia","2016A000259","Propane","Cubic metres","72","thousands","3","v18139","5.4","29.4","","","","1"
"2007-03","British Columbia","2016A000259","Butane","Cubic metres","72","thousands","3","v18144","5.5","24.3","","","","1"
"2007-03","British Columbia","2016A000259","Ethane","Cubic metres","72","thousands","3","v18149","5.6","111.0","","","","1"
"2007-03","British Columbia","2016A000259","Sulphur","Tonnes","288","units","0","v18154","5.7","75041","","","","0"
"2007-04","Canada","2016A000011124","Propane","Cubic metres","72","thousands","3","v18135","1.4","814.6","","","","1"
"2007-04","Canada","2016A000011124","Butane","Cubic metres","72","thousands","3","v18140","1.5","538.0","","","","1"
"2007-04","Canada","2016A000011124","Ethane","Cubic metres","72","thousands","3","v18145","1.6","1317.5","","","","1"
"2007-04","Canada","2016A000011124","Sulphur","Tonnes","288","units","0","v18150","1.7","589210","","","","0"
"2007-04","Nova Scotia","2016A000212","Propane","Cubic metres","72","thousands","3","v783740","6.4","12.5","","","","1"
"2007-04","Nova Scotia","2016A000212","Butane","Cubic metres","72","thousands","3","v783741","6.5","13.3","","","","1"
"2007-04","Saskatchewan","2016A000247","Propane","Cubic metres","72","thousands","3","v18137","3.4","3.5","","","","1"
"2007-04","Saskatchewan","2016A000247","Butane","Cubic metres","72","thousands","3","v18142","3.5","1.8","","","","1"
"2007-04","Saskatchewan","2016A000247","Ethane","Cubic metres","72","thousands","3","v18147","3.6","1.8","","","","1"
"2007-04","Alberta","2016A000248","Propane","Cubic metres","72","thousands","3","v18138","4.4","769.5","","","","1"
"2007-04","Alberta","2016A000248","Butane","Cubic metres","72","thousands","3","v18143","4.5","499.2","","","","1"
"2007-04","Alberta","2016A000248","Ethane","Cubic metres","72","thousands","3","v18148","4.6","1202.2","","","","1"
"2007-04","Alberta","2016A000248","Sulphur","Tonnes","288","units","0","v18153","4.7","518792","","","","0"
"2007-04","British Columbia","2016A000259","Propane","Cubic metres","72","thousands","3","v18139","5.4","29.1","","","","1"
"2007-04","British Columbia","2016A000259","Butane","Cubic metres","72","thousands","3","v18144","5.5","23.7","","","","1"
"2007-04","British Columbia","2016A000259","Ethane","Cubic metres","72","thousands","3","v18149","5.6","113.5","","","","1"
"2007-04","British Columbia","2016A000259","Sulphur","Tonnes","288","units","0","v18154","5.7","70418","","","","0"
"2007-05","Canada","2016A000011124","Propane","Cubic metres","72","thousands","3","v18135","1.4","793.7","","","","1"
"2007-05","Canada","2016A000011124","Butane","Cubic metres","72","thousands","3","v18140","1.5","534.6","","","","1"
"2007-05","Canada","2016A000011124","Ethane","Cubic metres","72","thousands","3","v18145","1.6","1304.1","","","","1"
"2007-05","Canada","2016A000011124","Sulphur","Tonnes","288","units","0","v18150","1.7","572678","","","","0"
"2007-05","Nova Scotia","2016A000212","Propane","Cubic metres","72","thousands","3","v783740","6.4","14.4","","","","1"
"2007-05","Nova Scotia","2016A000212","Butane","Cubic metres","72","thousands","3","v783741","6.5","15.4","","","","1"
"2007-05","Saskatchewan","2016A000247","Propane","Cubic metres","72","thousands","3","v18137","3.4","3.9","","","","1"
"2007-05","Saskatchewan","2016A000247","Butane","Cubic metres","72","thousands","3","v18142","3.5","2.1","","","","1"
"2007-05","Saskatchewan","2016A000247","Ethane","Cubic metres","72","thousands","3","v18147","3.6","2.6","","","","1"
"2007-05","Alberta","2016A000248","Propane","Cubic metres","72","thousands","3","v18138","4.4","748.8","","","","1"
"2007-05","Alberta","2016A000248","Butane","Cubic metres","72","thousands","3","v18143","4.5","494.7","","","","1"
"2007-05","Alberta","2016A000248","Ethane","Cubic metres","72","thousands","3","v18148","4.6","1200.0","","","","1"
"2007-05","Alberta","2016A000248","Sulphur","Tonnes","288","units","0","v18153","4.7","520341","","","","0"
"2007-05","British Columbia","2016A000259","Propane","Cubic metres","72","thousands","3","v18139","5.4","26.6","","","","1"
"2007-05","British Columbia","2016A000259","Butane","Cubic metres","72","thousands","3","v18144","5.5","22.4","","","","1"
"2007-05","British Columbia","2016A000259","Ethane","Cubic metres","72","thousands","3","v18149","5.6","101.5","","","","1"
"2007-05","British Columbia","2016A000259","Sulphur","Tonnes","288","units","0","v18154","5.7","52337","","","","0"
"2007-06","Canada","2016A000011124","Propane","Cubic metres","72","thousands","3","v18135","1.4","809.1","","","","1"
"2007-06","Canada","2016A000011124","Butane","Cubic metres","72","thousands","3","v18140","1.5","533.9","","","","1"
"2007-06","Canada","2016A000011124","Ethane","Cubic metres","72","thousands","3","v18145","1.6","1239.0","","","","1"
"2007-06","Canada","2016A000011124","Sulphur","Tonnes","288","units","0","v18150","1.7","533552","","","","0"
"2007-06","Nova Scotia","2016A000212","Propane","Cubic metres","72","thousands","3","v783740","6.4","13.6","","","","1"
"2007-06","Nova Scotia","2016A000212","Butane","Cubic metres","72","thousands","3","v783741","6.5","14.5","","","","1"
"2007-06","Saskatchewan","2016A000247","Propane","Cubic metres","72","thousands","3","v18137","3.4","2.2","","","","1"
"2007-06","Saskatchewan","2016A000247","Butane","Cubic metres","72","thousands","3","v18142","3.5","1.1","","","","1"
"2007-06","Saskatchewan","2016A000247","Ethane","Cubic metres","72","thousands","3","v18147","3.6","2.6","","","","1"
"2007-06","Alberta","2016A000248","Propane","Cubic metres","72","thousands","3","v18138","4.4","762.7","","","","1"
"2007-06","Alberta","2016A000248","Butane","Cubic metres","72","thousands","3","v18143","4.5","491.8","","","","1"
"2007-06","Alberta","2016A000248","Ethane","Cubic metres","72","thousands","3","v18148","4.6","1134.2","","","","1"
"2007-06","Alberta","2016A000248","Sulphur","Tonnes","288","units","0","v18153","4.7","497214","","","","0"
"2007-06","British Columbia","2016A000259","Propane","Cubic metres","72","thousands","3","v18139","5.4","30.6","","","","1"
"2007-06","British Columbia","2016A000259","Butane","Cubic metres","72","thousands","3","v18144","5.5","26.5","","","","1"
"2007-06","British Columbia","2016A000259","Ethane","Cubic metres","72","thousands","3","v18149","5.6","102.2","","","","1"
"2007-06","British Columbia","2016A000259","Sulphur","Tonnes","288","units","0","v18154","5.7","36338","","","","0"
"2007-07","Canada","2016A000011124","Propane","Cubic metres","72","thousands","3","v18135","1.4","798.9","","","","1"
"2007-07","Canada","2016A000011124","Butane","Cubic metres","72","thousands","3","v18140","1.5","520.6","","","","1"
"2007-07","Canada","2016A000011124","Ethane","Cubic metres","72","thousands","3","v18145","1.6","1273.9","","","","1"
"2007-07","Canada","2016A000011124","Sulphur","Tonnes","288","units","0","v18150","1.7","579289","","","","0"
"2007-07","Nova Scotia","2016A000212","Propane","Cubic metres","72","thousands","3","v783740","6.4","12.6","","","","1"
"2007-07","Nova Scotia","2016A000212","Butane","Cubic metres","72","thousands","3","v783741","6.5","13.5","","","","1"
"2007-07","Saskatchewan","2016A000247","Propane","Cubic metres","72","thousands","3","v18137","3.4","3.8","","","","1"
"2007-07","Saskatchewan","2016A000247","Butane","Cubic metres","72","thousands","3","v18142","3.5","2.0","","","","1"
"2007-07","Saskatchewan","2016A000247","Ethane","Cubic metres","72","thousands","3","v18147","3.6","1.5","","","","1"
"2007-07","Alberta","2016A000248","Propane","Cubic metres","72","thousands","3","v18138","4.4","752.4","","","","1"
"2007-07","Alberta","2016A000248","Butane","Cubic metres","72","thousands","3","v18143","4.5","480.8","","","","1"
"2007-07","Alberta","2016A000248","Ethane","Cubic metres","72","thousands","3","v18148","4.6","1169.5","","","","1"
"2007-07","Alberta","2016A000248","Sulphur","Tonnes","288","units","0","v18153","4.7","505432","","","","0"
"2007-07","British Columbia","2016A000259","Propane","Cubic metres","72","thousands","3","v18139","5.4","30.1","","","","1"
"2007-07","British Columbia","2016A000259","Butane","Cubic metres","72","thousands","3","v18144","5.5","24.3","","","","1"
"2007-07","British Columbia","2016A000259","Ethane","Cubic metres","72","thousands","3","v18149","5.6","102.9","","","","1"
"2007-07","British Columbia","2016A000259","Sulphur","Tonnes","288","units","0","v18154","5.7","73857","","","","0"
"2007-08","Canada","2016A000011124","Propane","Cubic metres","72","thousands","3","v18135","1.4","807.3","","","","1"
"2007-08","Canada","2016A000011124","Butane","Cubic metres","72","thousands","3","v18140","1.5","532.0","","","","1"
"2007-08","Canada","2016A000011124","Ethane","Cubic metres","72","thousands","3","v18145","1.6","1328.5","","","","1"
"2007-08","Canada","2016A000011124","Sulphur","Tonnes","288","units","0","v18150","1.7","637985","","","","0"
"2007-08","Nova Scotia","2016A000212","Propane","Cubic metres","72","thousands","3","v783740","6.4","12.6","","","","1"
"2007-08","Nova Scotia","2016A000212","Butane","Cubic metres","72","thousands","3","v783741","6.5","14.0","","","","1"
"2007-08","Saskatchewan","2016A000247","Propane","Cubic metres","72","thousands","3","v18137","3.4","4.1","","","","1"
"2007-08","Saskatchewan","2016A000247","Butane","Cubic metres","72","thousands","3","v18142","3.5","2.2","","","","1"
"2007-08","Saskatchewan","2016A000247","Ethane","Cubic metres","72","thousands","3","v18147","3.6","1.4","","","","1"
"2007-08","Alberta","2016A000248","Propane","Cubic metres","72","thousands","3","v18138","4.4","761.6","","","","1"
"2007-08","Alberta","2016A000248","Butane","Cubic metres","72","thousands","3","v18143","4.5","489.3","","","","1"
"2007-08","Alberta","2016A000248","Ethane","Cubic metres","72","thousands","3","v18148","4.6","1222.1","","","","1"
"2007-08","Alberta","2016A000248","Sulphur","Tonnes","288","units","0","v18153","4.7","565507","","","","0"
"2007-08","British Columbia","2016A000259","Propane","Cubic metres","72","thousands","3","v18139","5.4","29.0","","","","1"
"2007-08","British Columbia","2016A000259","Butane","Cubic metres","72","thousands","3","v18144","5.5","26.5","","","","1"
"2007-08","British Columbia","2016A000259","Ethane","Cubic metres","72","thousands","3","v18149","5.6","105.0","","","","1"
"2007-08","British Columbia","2016A000259","Sulphur","Tonnes","288","units","0","v18154","5.7","72478","","","","0"
"2007-09","Canada","2016A000011124","Propane","Cubic metres","72","thousands","3","v18135","1.4","782.6","","","","1"
"2007-09","Canada","2016A000011124","Butane","Cubic metres","72","thousands","3","v18140","1.5","444.7","","","","1"
"2007-09","Canada","2016A000011124","Ethane","Cubic metres","72","thousands","3","v18145","1.6","1143.9","","","","1"
"2007-09","Canada","2016A000011124","Sulphur","Tonnes","288","units","0","v18150","1.7","590574","","","","0"
"2007-09","Nova Scotia","2016A000212","Propane","Cubic metres","72","thousands","3","v783740","6.4","13.2","","","","1"
"2007-09","Nova Scotia","2016A000212","Butane","Cubic metres","72","thousands","3","v783741","6.5","14.6","","","","1"
"2007-09","Saskatchewan","2016A000247","Propane","Cubic metres","72","thousands","3","v18137","3.4","2.1","","","","1"
"2007-09","Saskatchewan","2016A000247","Butane","Cubic metres","72","thousands","3","v18142","3.5","0.9","","","","1"
"2007-09","Saskatchewan","2016A000247","Ethane","Cubic metres","72","thousands","3","v18147","3.6","0.0","","","","1"
"2007-09","Alberta","2016A000248","Propane","Cubic metres","72","thousands","3","v18138","4.4","741.7","","","","1"
"2007-09","Alberta","2016A000248","Butane","Cubic metres","72","thousands","3","v18143","4.5","405.0","","","","1"
"2007-09","Alberta","2016A000248","Ethane","Cubic metres","72","thousands","3","v18148","4.6","1036.9","","","","1"
"2007-09","Alberta","2016A000248","Sulphur","Tonnes","288","units","0","v18153","4.7","519552","","","","0"
"2007-09","British Columbia","2016A000259","Propane","Cubic metres","72","thousands","3","v18139","5.4","25.6","","","","1"
"2007-09","British Columbia","2016A000259","Butane","Cubic metres","72","thousands","3","v18144","5.5","24.2","","","","1"
"2007-09","British Columbia","2016A000259","Ethane","Cubic metres","72","thousands","3","v18149","5.6","107.0","","","","1"
"2007-09","British Columbia","2016A000259","Sulphur","Tonnes","288","units","0","v18154","5.7","71022","","","","0"
"2007-10","Canada","2016A000011124","Propane","Cubic metres","72","thousands","3","v18135","1.4","821.0","","","","1"
"2007-10","Canada","2016A000011124","Butane","Cubic metres","72","thousands","3","v18140","1.5","510.2","","","","1"
"2007-10","Canada","2016A000011124","Ethane","Cubic metres","72","thousands","3","v18145","1.6","1306.4","","","","1"
"2007-10","Canada","2016A000011124","Sulphur","Tonnes","288","units","0","v18150","1.7","625079","","","","0"
"2007-10","Nova Scotia","2016A000212","Propane","Cubic metres","72","thousands","3","v783740","6.4","10.8","","","","1"
"2007-10","Nova Scotia","2016A000212","Butane","Cubic metres","72","thousands","3","v783741","6.5","10.7","","","","1"
"2007-10","Saskatchewan","2016A000247","Propane","Cubic metres","72","thousands","3","v18137","3.4","4.2","","","","1"
"2007-10","Saskatchewan","2016A000247","Butane","Cubic metres","72","thousands","3","v18142","3.5","1.7","","","","1"
"2007-10","Saskatchewan","2016A000247","Ethane","Cubic metres","72","thousands","3","v18147","3.6","0.0","","","","1"
"2007-10","Alberta","2016A000248","Propane","Cubic metres","72","thousands","3","v18138","4.4","776.6","","","","1"
"2007-10","Alberta","2016A000248","Butane","Cubic metres","72","thousands","3","v18143","4.5","469.9","","","","1"
"2007-10","Alberta","2016A000248","Ethane","Cubic metres","72","thousands","3","v18148","4.6","1198.2","","","","1"
"2007-10","Alberta","2016A000248","Sulphur","Tonnes","288","units","0","v18153","4.7","551785","","","","0"
"2007-10","British Columbia","2016A000259","Propane","Cubic metres","72","thousands","3","v18139","5.4","29.4","","","","1"
"2007-10","British Columbia","2016A000259","Butane","Cubic metres","72","thousands","3","v18144","5.5","27.9","","","","1"
"2007-10","British Columbia","2016A000259","Ethane","Cubic metres","72","thousands","3","v18149","5.6","108.2","","","","1"
"2007-10","British Columbia","2016A000259","Sulphur","Tonnes","288","units","0","v18154","5.7","73294","","","","0"
"2007-11","Canada","2016A000011124","Propane","Cubic metres","72","thousands","3","v18135","1.4","845.1","","","","1"
"2007-11","Canada","2016A000011124","Butane","Cubic metres","72","thousands","3","v18140","1.5","531.3","","","","1"
"2007-11","Canada","2016A000011124","Ethane","Cubic metres","72","thousands","3","v18145","1.6","1261.2","","","","1"
"2007-11","Canada","2016A000011124","Sulphur","Tonnes","288","units","0","v18150","1.7","586429","","","","0"
"2007-11","Nova Scotia","2016A000212","Propane","Cubic metres","72","thousands","3","v783740","6.4","11.9","","","","1"
"2007-11","Nova Scotia","2016A000212","Butane","Cubic metres","72","thousands","3","v783741","6.5","12.6","","","","1"
"2007-11","Saskatchewan","2016A000247","Propane","Cubic metres","72","thousands","3","v18137","3.4","4.1","","","","1"
"2007-11","Saskatchewan","2016A000247","Butane","Cubic metres","72","thousands","3","v18142","3.5","2.1","","","","1"
"2007-11","Saskatchewan","2016A000247","Ethane","Cubic metres","72","thousands","3","v18147","3.6","0.0","","","","1"
"2007-11","Alberta","2016A000248","Propane","Cubic metres","72","thousands","3","v18138","4.4","801.9","","","","1"
"2007-11","Alberta","2016A000248","Butane","Cubic metres","72","thousands","3","v18143","4.5","491.1","","","","1"
"2007-11","Alberta","2016A000248","Ethane","Cubic metres","72","thousands","3","v18148","4.6","1148.7","","","","1"
"2007-11","Alberta","2016A000248","Sulphur","Tonnes","288","units","0","v18153","4.7","513717","","","","0"
"2007-11","British Columbia","2016A000259","Propane","Cubic metres","72","thousands","3","v18139","5.4","27.2","","","","1"
"2007-11","British Columbia","2016A000259","Butane","Cubic metres","72","thousands","3","v18144","5.5","25.5","","","","1"
"2007-11","British Columbia","2016A000259","Ethane","Cubic metres","72","thousands","3","v18149","5.6","112.5","","","","1"
"2007-11","British Columbia","2016A000259","Sulphur","Tonnes","288","units","0","v18154","5.7","72712","","","","0"
"2007-12","Canada","2016A000011124","Propane","Cubic metres","72","thousands","3","v18135","1.4","969.1","","","","1"
"2007-12","Canada","2016A000011124","Butane","Cubic metres","72","thousands","3","v18140","1.5","587.4","","","","1"
"2007-12","Canada","2016A000011124","Ethane","Cubic metres","72","thousands","3","v18145","1.6","1416.5","","","","1"
"2007-12","Canada","2016A000011124","Sulphur","Tonnes","288","units","0","v18150","1.7","580202","","","","0"
"2007-12","Nova Scotia","2016A000212","Propane","Cubic metres","72","thousands","3","v783740","6.4","13.7","","","","1"
"2007-12","Nova Scotia","2016A000212","Butane","Cubic metres","72","thousands","3","v783741","6.5","13.3","","","","1"
"2007-12","Saskatchewan","2016A000247","Propane","Cubic metres","72","thousands","3","v18137","3.4","4.3","","","","1"
"2007-12","Saskatchewan","2016A000247","Butane","Cubic metres","72","thousands","3","v18142","3.5","2.2","","","","1"
"2007-12","Saskatchewan","2016A000247","Ethane","Cubic metres","72","thousands","3","v18147","3.6","0.0","","","","1"
"2007-12","Alberta","2016A000248","Propane","Cubic metres","72","thousands","3","v18138","4.4","915.9","","","","1"
"2007-12","Alberta","2016A000248","Butane","Cubic metres","72","thousands","3","v18143","4.5","543.5","","","","1"
"2007-12","Alberta","2016A000248","Ethane","Cubic metres","72","thousands","3","v18148","4.6","1309.7","","","","1"
"2007-12","Alberta","2016A000248","Sulphur","Tonnes","288","units","0","v18153","4.7","507565","","","","0"
"2007-12","British Columbia","2016A000259","Propane","Cubic metres","72","thousands","3","v18139","5.4","35.2","","","","1"
"2007-12","British Columbia","2016A000259","Butane","Cubic metres","72","thousands","3","v18144","5.5","28.4","","","","1"
"2007-12","British Columbia","2016A000259","Ethane","Cubic metres","72","thousands","3","v18149","5.6","106.8","","","","1"
"2007-12","British Columbia","2016A000259","Sulphur","Tonnes","288","units","0","v18154","5.7","72637","","","","0"
"2008-01","Canada","2016A000011124","Propane","Cubic metres","72","thousands","3","v18135","1.4","1020.3","","","","1"
"2008-01","Canada","2016A000011124","Butane","Cubic metres","72","thousands","3","v18140","1.5","595.6","","","","1"
"2008-01","Canada","2016A000011124","Ethane","Cubic metres","72","thousands","3","v18145","1.6","1371.7","","","","1"
"2008-01","Canada","2016A000011124","Sulphur","Tonnes","288","units","0","v18150","1.7","596983","","","","0"
"2008-01","Nova Scotia","2016A000212","Propane","Cubic metres","72","thousands","3","v783740","6.4","15.1","","","","1"
"2008-01","Nova Scotia","2016A000212","Butane","Cubic metres","72","thousands","3","v783741","6.5","15.1","","","","1"
"2008-01","Saskatchewan","2016A000247","Propane","Cubic metres","72","thousands","3","v18137","3.4","4.2","","","","1"
"2008-01","Saskatchewan","2016A000247","Butane","Cubic metres","72","thousands","3","v18142","3.5","2.1","","","","1"
"2008-01","Saskatchewan","2016A000247","Ethane","Cubic metres","72","thousands","3","v18147","3.6","0.0","","","","1"
"2008-01","Alberta","2016A000248","Propane","Cubic metres","72","thousands","3","v18138","4.4","969.8","","","","1"
"2008-01","Alberta","2016A000248","Butane","Cubic metres","72","thousands","3","v18143","4.5","550.3","","","","1"
"2008-01","Alberta","2016A000248","Ethane","Cubic metres","72","thousands","3","v18148","4.6","1260.3","","","","1"
"2008-01","Alberta","2016A000248","Sulphur","Tonnes","288","units","0","v18153","4.7","522789","","","","0"
"2008-01","British Columbia","2016A000259","Propane","Cubic metres","72","thousands","3","v18139","5.4","31.2","","","","1"
"2008-01","British Columbia","2016A000259","Butane","Cubic metres","72","thousands","3","v18144","5.5","28.1","","","","1"
"2008-01","British Columbia","2016A000259","Ethane","Cubic metres","72","thousands","3","v18149","5.6","111.4","","","","1"
"2008-01","British Columbia","2016A000259","Sulphur","Tonnes","288","units","0","v18154","5.7","74194","","","","0"
"2008-02","Canada","2016A000011124","Propane","Cubic metres","72","thousands","3","v18135","1.4","904.3","","","","1"
"2008-02","Canada","2016A000011124","Butane","Cubic metres","72","thousands","3","v18140","1.5","531.9","","","","1"
"2008-02","Canada","2016A000011124","Ethane","Cubic metres","72","thousands","3","v18145","1.6","1291.0","","","","1"
"2008-02","Canada","2016A000011124","Sulphur","Tonnes","288","units","0","v18150","1.7","529337","","","","0"
"2008-02","Nova Scotia","2016A000212","Propane","Cubic metres","72","thousands","3","v783740","6.4","12.4","","","","1"
"2008-02","Nova Scotia","2016A000212","Butane","Cubic metres","72","thousands","3","v783741","6.5","13.6","","","","1"
"2008-02","Saskatchewan","2016A000247","Propane","Cubic metres","72","thousands","3","v18137","3.4","4.0","","","","1"
"2008-02","Saskatchewan","2016A000247","Butane","Cubic metres","72","thousands","3","v18142","3.5","2.1","","","","1"
"2008-02","Saskatchewan","2016A000247","Ethane","Cubic metres","72","thousands","3","v18147","3.6","0.0","","","","1"
"2008-02","Alberta","2016A000248","Propane","Cubic metres","72","thousands","3","v18138","4.4","858.6","","","","1"
"2008-02","Alberta","2016A000248","Butane","Cubic metres","72","thousands","3","v18143","4.5","495.6","","","","1"
"2008-02","Alberta","2016A000248","Ethane","Cubic metres","72","thousands","3","v18148","4.6","1179.6","","","","1"
"2008-02","Alberta","2016A000248","Sulphur","Tonnes","288","units","0","v18153","4.7","465305","","","","0"
"2008-02","British Columbia","2016A000259","Propane","Cubic metres","72","thousands","3","v18139","5.4","29.3","","","","1"
"2008-02","British Columbia","2016A000259","Butane","Cubic metres","72","thousands","3","v18144","5.5","20.6","","","","1"
"2008-02","British Columbia","2016A000259","Ethane","Cubic metres","72","thousands","3","v18149","5.6","111.4","","","","1"
"2008-02","British Columbia","2016A000259","Sulphur","Tonnes","288","units","0","v18154","5.7","64032","","","","0"
"2008-03","Canada","2016A000011124","Propane","Cubic metres","72","thousands","3","v18135","1.4","901.6","","","","1"
"2008-03","Canada","2016A000011124","Butane","Cubic metres","72","thousands","3","v18140","1.5","553.2","","","","1"
"2008-03","Canada","2016A000011124","Ethane","Cubic metres","72","thousands","3","v18145","1.6","1337.9","","","","1"
"2008-03","Canada","2016A000011124","Sulphur","Tonnes","288","units","0","v18150","1.7","583715","","","","0"
"2008-03","Nova Scotia","2016A000212","Propane","Cubic metres","72","thousands","3","v783740","6.4","16.1","","","","1"
"2008-03","Nova Scotia","2016A000212","Butane","Cubic metres","72","thousands","3","v783741","6.5","15.4","","","","1"
"2008-03","Saskatchewan","2016A000247","Propane","Cubic metres","72","thousands","3","v18137","3.4","4.2","","","","1"
"2008-03","Saskatchewan","2016A000247","Butane","Cubic metres","72","thousands","3","v18142","3.5","2.2","","","","1"
"2008-03","Saskatchewan","2016A000247","Ethane","Cubic metres","72","thousands","3","v18147","3.6","0.8","","","","1"
"2008-03","Alberta","2016A000248","Propane","Cubic metres","72","thousands","3","v18138","4.4","853.9","","","","1"
"2008-03","Alberta","2016A000248","Butane","Cubic metres","72","thousands","3","v18143","4.5","510.5","","","","1"
"2008-03","Alberta","2016A000248","Ethane","Cubic metres","72","thousands","3","v18148","4.6","1221.1","","","","1"
"2008-03","Alberta","2016A000248","Sulphur","Tonnes","288","units","0","v18153","4.7","512093","","","","0"
"2008-03","British Columbia","2016A000259","Propane","Cubic metres","72","thousands","3","v18139","5.4","27.4","","","","1"
"2008-03","British Columbia","2016A000259","Butane","Cubic metres","72","thousands","3","v18144","5.5","25.1","","","","1"
"2008-03","British Columbia","2016A000259","Ethane","Cubic metres","72","thousands","3","v18149","5.6","116.0","","","","1"
"2008-03","British Columbia","2016A000259","Sulphur","Tonnes","288","units","0","v18154","5.7","71622","","","","0"
"2008-04","Canada","2016A000011124","Propane","Cubic metres","72","thousands","3","v18135","1.4","750.1","","","","1"
"2008-04","Canada","2016A000011124","Butane","Cubic metres","72","thousands","3","v18140","1.5","510.2","","","","1"
"2008-04","Canada","2016A000011124","Ethane","Cubic metres","72","thousands","3","v18145","1.6","1217.7","","","","1"
"2008-04","Canada","2016A000011124","Sulphur","Tonnes","288","units","0","v18150","1.7","544471","","","","0"
"2008-04","Nova Scotia","2016A000212","Propane","Cubic metres","72","thousands","3","v783740","6.4","15.5","","","","1"
"2008-04","Nova Scotia","2016A000212","Butane","Cubic metres","72","thousands","3","v783741","6.5","14.8","","","","1"
"2008-04","Saskatchewan","2016A000247","Propane","Cubic metres","72","thousands","3","v18137","3.4","4.0","","","","1"
"2008-04","Saskatchewan","2016A000247","Butane","Cubic metres","72","thousands","3","v18142","3.5","2.1","","","","1"
"2008-04","Saskatchewan","2016A000247","Ethane","Cubic metres","72","thousands","3","v18147","3.6","2.4","","","","1"
"2008-04","Alberta","2016A000248","Propane","Cubic metres","72","thousands","3","v18138","4.4","702.3","","","","1"
"2008-04","Alberta","2016A000248","Butane","Cubic metres","72","thousands","3","v18143","4.5","472.0","","","","1"
"2008-04","Alberta","2016A000248","Ethane","Cubic metres","72","thousands","3","v18148","4.6","1102.8","","","","1"
"2008-04","Alberta","2016A000248","Sulphur","Tonnes","288","units","0","v18153","4.7","473761","","","","0"
"2008-04","British Columbia","2016A000259","Propane","Cubic metres","72","thousands","3","v18139","5.4","28.3","","","","1"
"2008-04","British Columbia","2016A000259","Butane","Cubic metres","72","thousands","3","v18144","5.5","21.3","","","","1"
"2008-04","British Columbia","2016A000259","Ethane","Cubic metres","72","thousands","3","v18149","5.6","112.5","","","","1"
"2008-04","British Columbia","2016A000259","Sulphur","Tonnes","288","units","0","v18154","5.7","70710","","","","0"
"2008-05","Canada","2016A000011124","Propane","Cubic metres","72","thousands","3","v18135","1.4","810.3","","","","1"
"2008-05","Canada","2016A000011124","Butane","Cubic metres","72","thousands","3","v18140","1.5","514.3","","","","1"
"2008-05","Canada","2016A000011124","Ethane","Cubic metres","72","thousands","3","v18145","1.6","1118.7","","","","1"
"2008-05","Canada","2016A000011124","Sulphur","Tonnes","288","units","0","v18150","1.7","522325","","","","0"
"2008-05","Nova Scotia","2016A000212","Propane","Cubic metres","72","thousands","3","v783740","6.4","17.9","","","","1"
"2008-05","Nova Scotia","2016A000212","Butane","Cubic metres","72","thousands","3","v783741","6.5","16.8","","","","1"
"2008-05","Saskatchewan","2016A000247","Propane","Cubic metres","72","thousands","3","v18137","3.4","4.2","","","","1"
"2008-05","Saskatchewan","2016A000247","Butane","Cubic metres","72","thousands","3","v18142","3.5","2.2","","","","1"
"2008-05","Saskatchewan","2016A000247","Ethane","Cubic metres","72","thousands","3","v18147","3.6","2.9","","","","1"
"2008-05","Alberta","2016A000248","Propane","Cubic metres","72","thousands","3","v18138","4.4","760.4","","","","1"
"2008-05","Alberta","2016A000248","Butane","Cubic metres","72","thousands","3","v18143","4.5","475.4","","","","1"
"2008-05","Alberta","2016A000248","Ethane","Cubic metres","72","thousands","3","v18148","4.6","1003.9","","","","1"
"2008-05","Alberta","2016A000248","Sulphur","Tonnes","288","units","0","v18153","4.7","443720","","","","0"
"2008-05","British Columbia","2016A000259","Propane","Cubic metres","72","thousands","3","v18139","5.4","27.8","","","","1"
"2008-05","British Columbia","2016A000259","Butane","Cubic metres","72","thousands","3","v18144","5.5","19.9","","","","1"
"2008-05","British Columbia","2016A000259","Ethane","Cubic metres","72","thousands","3","v18149","5.6","111.9","","","","1"
"2008-05","British Columbia","2016A000259","Sulphur","Tonnes","288","units","0","v18154","5.7","78605","","","","0"
"2008-06","Canada","2016A000011124","Propane","Cubic metres","72","thousands","3","v18135","1.4","763.3","","","","1"
"2008-06","Canada","2016A000011124","Butane","Cubic metres","72","thousands","3","v18140","1.5","514.8","","","","1"
"2008-06","Canada","2016A000011124","Ethane","Cubic metres","72","thousands","3","v18145","1.6","976.8","","","","1"
"2008-06","Canada","2016A000011124","Sulphur","Tonnes","288","units","0","v18150","1.7","537807","","","","0"
"2008-06","Nova Scotia","2016A000212","Propane","Cubic metres","72","thousands","3","v783740","6.4","14.4","","","","1"
"2008-06","Nova Scotia","2016A000212","Butane","Cubic metres","72","thousands","3","v783741","6.5","13.6","","","","1"
"2008-06","Saskatchewan","2016A000247","Propane","Cubic metres","72","thousands","3","v18137","3.4","3.2","","","","1"
"2008-06","Saskatchewan","2016A000247","Butane","Cubic metres","72","thousands","3","v18142","3.5","1.7","","","","1"
"2008-06","Saskatchewan","2016A000247","Ethane","Cubic metres","72","thousands","3","v18147","3.6","1.7","","","","1"
"2008-06","Alberta","2016A000248","Propane","Cubic metres","72","thousands","3","v18138","4.4","728.9","","","","1"
"2008-06","Alberta","2016A000248","Butane","Cubic metres","72","thousands","3","v18143","4.5","483.9","","","","1"
"2008-06","Alberta","2016A000248","Ethane","Cubic metres","72","thousands","3","v18148","4.6","941.8","","","","1"
"2008-06","Alberta","2016A000248","Sulphur","Tonnes","288","units","0","v18153","4.7","470197","","","","0"
"2008-06","British Columbia","2016A000259","Propane","Cubic metres","72","thousands","3","v18139","5.4","16.8","","","","1"
"2008-06","British Columbia","2016A000259","Butane","Cubic metres","72","thousands","3","v18144","5.5","15.6","","","","1"
"2008-06","British Columbia","2016A000259","Ethane","Cubic metres","72","thousands","3","v18149","5.6","33.3","","","","1"
"2008-06","British Columbia","2016A000259","Sulphur","Tonnes","288","units","0","v18154","5.7","67610","","","","0"
"2008-07","Canada","2016A000011124","Propane","Cubic metres","72","thousands","3","v18135","1.4","747.4","","","","1"
"2008-07","Canada","2016A000011124","Butane","Cubic metres","72","thousands","3","v18140","1.5","521.6","","","","1"
"2008-07","Canada","2016A000011124","Ethane","Cubic metres","72","thousands","3","v18145","1.6","1187.3","","","","1"
"2008-07","Canada","2016A000011124","Sulphur","Tonnes","288","units","0","v18150","1.7","569061","","","","0"
"2008-07","Nova Scotia","2016A000212","Propane","Cubic metres","72","thousands","3","v783740","6.4","15.8","","","","1"
"2008-07","Nova Scotia","2016A000212","Butane","Cubic metres","72","thousands","3","v783741","6.5","15.3","","","","1"
"2008-07","Saskatchewan","2016A000247","Propane","Cubic metres","72","thousands","3","v18137","3.4","4.0","","","","1"
"2008-07","Saskatchewan","2016A000247","Butane","Cubic metres","72","thousands","3","v18142","3.5","2.2","","","","1"
"2008-07","Saskatchewan","2016A000247","Ethane","Cubic metres","72","thousands","3","v18147","3.6","1.8","","","","1"
"2008-07","Alberta","2016A000248","Propane","Cubic metres","72","thousands","3","v18138","4.4","699.1","","","","1"
"2008-07","Alberta","2016A000248","Butane","Cubic metres","72","thousands","3","v18143","4.5","481.3","","","","1"
"2008-07","Alberta","2016A000248","Ethane","Cubic metres","72","thousands","3","v18148","4.6","1083.1","","","","1"
"2008-07","Alberta","2016A000248","Sulphur","Tonnes","288","units","0","v18153","4.7","493238","","","","0"
"2008-07","British Columbia","2016A000259","Propane","Cubic metres","72","thousands","3","v18139","5.4","28.5","","","","1"
"2008-07","British Columbia","2016A000259","Butane","Cubic metres","72","thousands","3","v18144","5.5","22.8","","","","1"
"2008-07","British Columbia","2016A000259","Ethane","Cubic metres","72","thousands","3","v18149","5.6","102.4","","","","1"
"2008-07","British Columbia","2016A000259","Sulphur","Tonnes","288","units","0","v18154","5.7","75823","","","","0"
"2008-08","Canada","2016A000011124","Propane","Cubic metres","72","thousands","3","v18135","1.4","707.8","","","","1"
"2008-08","Canada","2016A000011124","Butane","Cubic metres","72","thousands","3","v18140","1.5","492.2","","","","1"
"2008-08","Canada","2016A000011124","Ethane","Cubic metres","72","thousands","3","v18145","1.6","1185.0","","","","1"
"2008-08","Canada","2016A000011124","Sulphur","Tonnes","288","units","0","v18150","1.7","556810","","","","0"
"2008-08","Nova Scotia","2016A000212","Propane","Cubic metres","72","thousands","3","v783740","6.4","12.0","","","","1"
"2008-08","Nova Scotia","2016A000212","Butane","Cubic metres","72","thousands","3","v783741","6.5","11.6","","","","1"
"2008-08","Saskatchewan","2016A000247","Propane","Cubic metres","72","thousands","3","v18137","3.4","4.0","","","","1"
"2008-08","Saskatchewan","2016A000247","Butane","Cubic metres","72","thousands","3","v18142","3.5","2.2","","","","1"
"2008-08","Saskatchewan","2016A000247","Ethane","Cubic metres","72","thousands","3","v18147","3.6","2.3","","","","1"
"2008-08","Alberta","2016A000248","Propane","Cubic metres","72","thousands","3","v18138","4.4","665.0","","","","1"
"2008-08","Alberta","2016A000248","Butane","Cubic metres","72","thousands","3","v18143","4.5","456.4","","","","1"
"2008-08","Alberta","2016A000248","Ethane","Cubic metres","72","thousands","3","v18148","4.6","1074.7","","","","1"
"2008-08","Alberta","2016A000248","Sulphur","Tonnes","288","units","0","v18153","4.7","481923","","","","0"
"2008-08","British Columbia","2016A000259","Propane","Cubic metres","72","thousands","3","v18139","5.4","26.8","","","","1"
"2008-08","British Columbia","2016A000259","Butane","Cubic metres","72","thousands","3","v18144","5.5","22.0","","","","1"
"2008-08","British Columbia","2016A000259","Ethane","Cubic metres","72","thousands","3","v18149","5.6","108.0","","","","1"
"2008-08","British Columbia","2016A000259","Sulphur","Tonnes","288","units","0","v18154","5.7","74887","","","","0"
"2008-09","Canada","2016A000011124","Propane","Cubic metres","72","thousands","3","v18135","1.4","723.7","","","","1"
"2008-09","Canada","2016A000011124","Butane","Cubic metres","72","thousands","3","v18140","1.5","464.2","","","","1"
"2008-09","Canada","2016A000011124","Ethane","Cubic metres","72","thousands","3","v18145","1.6","1136.8","","","","1"
"2008-09","Canada","2016A000011124","Sulphur","Tonnes","288","units","0","v18150","1.7","495798","","","","0"
"2008-09","Nova Scotia","2016A000212","Propane","Cubic metres","72","thousands","3","v783740","6.4","17.5","","","","1"
"2008-09","Nova Scotia","2016A000212","Butane","Cubic metres","72","thousands","3","v783741","6.5","15.9","","","","1"
"2008-09","Saskatchewan","2016A000247","Propane","Cubic metres","72","thousands","3","v18137","3.4","3.2","","","","1"
"2008-09","Saskatchewan","2016A000247","Butane","Cubic metres","72","thousands","3","v18142","3.5","1.8","","","","1"
"2008-09","Saskatchewan","2016A000247","Ethane","Cubic metres","72","thousands","3","v18147","3.6","1.4","","","","1"
"2008-09","Alberta","2016A000248","Propane","Cubic metres","72","thousands","3","v18138","4.4","678.1","","","","1"
"2008-09","Alberta","2016A000248","Butane","Cubic metres","72","thousands","3","v18143","4.5","425.8","","","","1"
"2008-09","Alberta","2016A000248","Ethane","Cubic metres","72","thousands","3","v18148","4.6","1027.7","","","","1"
"2008-09","Alberta","2016A000248","Sulphur","Tonnes","288","units","0","v18153","4.7","421725","","","","0"
"2008-09","British Columbia","2016A000259","Propane","Cubic metres","72","thousands","3","v18139","5.4","24.9","","","","1"
"2008-09","British Columbia","2016A000259","Butane","Cubic metres","72","thousands","3","v18144","5.5","20.7","","","","1"
"2008-09","British Columbia","2016A000259","Ethane","Cubic metres","72","thousands","3","v18149","5.6","107.7","","","","1"
"2008-09","British Columbia","2016A000259","Sulphur","Tonnes","288","units","0","v18154","5.7","74073","","","","0"
"2008-10","Canada","2016A000011124","Propane","Cubic metres","72","thousands","3","v18135","1.4","808.4","","","","1"
"2008-10","Canada","2016A000011124","Butane","Cubic metres","72","thousands","3","v18140","1.5","500.3","","","","1"
"2008-10","Canada","2016A000011124","Ethane","Cubic metres","72","thousands","3","v18145","1.6","1188.7","","","","1"
"2008-10","Canada","2016A000011124","Sulphur","Tonnes","288","units","0","v18150","1.7","510968","","","","0"
"2008-10","Nova Scotia","2016A000212","Propane","Cubic metres","72","thousands","3","v783740","6.4","24.8","","","","1"
"2008-10","Nova Scotia","2016A000212","Butane","Cubic metres","72","thousands","3","v783741","6.5","19.3","","","","1"
"2008-10","Saskatchewan","2016A000247","Propane","Cubic metres","72","thousands","3","v18137","3.4","4.2","","","","1"
"2008-10","Saskatchewan","2016A000247","Butane","Cubic metres","72","thousands","3","v18142","3.5","2.2","","","","1"
"2008-10","Saskatchewan","2016A000247","Ethane","Cubic metres","72","thousands","3","v18147","3.6","1.0","","","","1"
"2008-10","Alberta","2016A000248","Propane","Cubic metres","72","thousands","3","v18138","4.4","750.3","","","","1"
"2008-10","Alberta","2016A000248","Butane","Cubic metres","72","thousands","3","v18143","4.5","454.0","","","","1"
"2008-10","Alberta","2016A000248","Ethane","Cubic metres","72","thousands","3","v18148","4.6","1074.3","","","","1"
"2008-10","Alberta","2016A000248","Sulphur","Tonnes","288","units","0","v18153","4.7","437716","","","","0"
"2008-10","British Columbia","2016A000259","Propane","Cubic metres","72","thousands","3","v18139","5.4","29.1","","","","1"
"2008-10","British Columbia","2016A000259","Butane","Cubic metres","72","thousands","3","v18144","5.5","24.8","","","","1"
"2008-10","British Columbia","2016A000259","Ethane","Cubic metres","72","thousands","3","v18149","5.6","113.4","","","","1"
"2008-10","British Columbia","2016A000259","Sulphur","Tonnes","288","units","0","v18154","5.7","73252","","","","0"
"2008-11","Canada","2016A000011124","Propane","Cubic metres","72","thousands","3","v18135","1.4","808.7","","","","1"
"2008-11","Canada","2016A000011124","Butane","Cubic metres","72","thousands","3","v18140","1.5","490.8","","","","1"
"2008-11","Canada","2016A000011124","Ethane","Cubic metres","72","thousands","3","v18145","1.6","1223.6","","","","1"
"2008-11","Canada","2016A000011124","Sulphur","Tonnes","288","units","0","v18150","1.7","505729","","","","0"
"2008-11","Nova Scotia","2016A000212","Propane","Cubic metres","72","thousands","3","v783740","6.4","23.7","","","","1"
"2008-11","Nova Scotia","2016A000212","Butane","Cubic metres","72","thousands","3","v783741","6.5","18.1","","","","1"
"2008-11","Saskatchewan","2016A000247","Propane","Cubic metres","72","thousands","3","v18137","3.4","4.2","","","","1"
"2008-11","Saskatchewan","2016A000247","Butane","Cubic metres","72","thousands","3","v18142","3.5","2.2","","","","1"
"2008-11","Saskatchewan","2016A000247","Ethane","Cubic metres","72","thousands","3","v18147","3.6","0.0","","","","1"
"2008-11","Alberta","2016A000248","Propane","Cubic metres","72","thousands","3","v18138","4.4","753.6","","","","1"
"2008-11","Alberta","2016A000248","Butane","Cubic metres","72","thousands","3","v18143","4.5","451.7","","","","1"
"2008-11","Alberta","2016A000248","Ethane","Cubic metres","72","thousands","3","v18148","4.6","1117.1","","","","1"
"2008-11","Alberta","2016A000248","Sulphur","Tonnes","288","units","0","v18153","4.7","434415","","","","0"
"2008-11","British Columbia","2016A000259","Propane","Cubic metres","72","thousands","3","v18139","5.4","27.2","","","","1"
"2008-11","British Columbia","2016A000259","Butane","Cubic metres","72","thousands","3","v18144","5.5","18.8","","","","1"
"2008-11","British Columbia","2016A000259","Ethane","Cubic metres","72","thousands","3","v18149","5.6","106.5","","","","1"
"2008-11","British Columbia","2016A000259","Sulphur","Tonnes","288","units","0","v18154","5.7","71314","","","","0"
"2008-12","Canada","2016A000011124","Propane","Cubic metres","72","thousands","3","v18135","1.4","863.4","","","","1"
"2008-12","Canada","2016A000011124","Butane","Cubic metres","72","thousands","3","v18140","1.5","531.3","","","","1"
"2008-12","Canada","2016A000011124","Ethane","Cubic metres","72","thousands","3","v18145","1.6","941.7","","","","1"
"2008-12","Canada","2016A000011124","Sulphur","Tonnes","288","units","0","v18150","1.7","516033","","","","0"
"2008-12","Nova Scotia","2016A000212","Propane","Cubic metres","72","thousands","3","v783740","6.4","25.0","","","","1"
"2008-12","Nova Scotia","2016A000212","Butane","Cubic metres","72","thousands","3","v783741","6.5","18.4","","","","1"
"2008-12","Saskatchewan","2016A000247","Propane","Cubic metres","72","thousands","3","v18137","3.4","4.2","","","","1"
"2008-12","Saskatchewan","2016A000247","Butane","Cubic metres","72","thousands","3","v18142","3.5","2.1","","","","1"
"2008-12","Saskatchewan","2016A000247","Ethane","Cubic metres","72","thousands","3","v18147","3.6","0.0","","","","1"
"2008-12","Alberta","2016A000248","Propane","Cubic metres","72","thousands","3","v18138","4.4","802.7","","","","1"
"2008-12","Alberta","2016A000248","Butane","Cubic metres","72","thousands","3","v18143","4.5","488.1","","","","1"
"2008-12","Alberta","2016A000248","Ethane","Cubic metres","72","thousands","3","v18148","4.6","840.8","","","","1"
"2008-12","Alberta","2016A000248","Sulphur","Tonnes","288","units","0","v18153","4.7","438346","","","","0"
"2008-12","British Columbia","2016A000259","Propane","Cubic metres","72","thousands","3","v18139","5.4","31.5","","","","1"
"2008-12","British Columbia","2016A000259","Butane","Cubic metres","72","thousands","3","v18144","5.5","22.7","","","","1"
"2008-12","British Columbia","2016A000259","Ethane","Cubic metres","72","thousands","3","v18149","5.6","100.9","","","","1"
"2008-12","British Columbia","2016A000259","Sulphur","Tonnes","288","units","0","v18154","5.7","77687","","","","0"
"2009-01","Canada","2016A000011124","Propane","Cubic metres","72","thousands","3","v18135","1.4","899.5","","","","1"
"2009-01","Canada","2016A000011124","Butane","Cubic metres","72","thousands","3","v18140","1.5","513.6","","","","1"
"2009-01","Canada","2016A000011124","Ethane","Cubic metres","72","thousands","3","v18145","1.6","1260.7","","","","1"
"2009-01","Canada","2016A000011124","Sulphur","Tonnes","288","units","0","v18150","1.7","516740","","","","0"
"2009-01","Nova Scotia","2016A000212","Propane","Cubic metres","72","thousands","3","v783740","6.4","22.1","","","","1"
"2009-01","Nova Scotia","2016A000212","Butane","Cubic metres","72","thousands","3","v783741","6.5","17.4","","","","1"
"2009-01","Saskatchewan","2016A000247","Propane","Cubic metres","72","thousands","3","v18137","3.4","3.9","","","","1"
"2009-01","Saskatchewan","2016A000247","Butane","Cubic metres","72","thousands","3","v18142","3.5","1.9","","","","1"
"2009-01","Saskatchewan","2016A000247","Ethane","Cubic metres","72","thousands","3","v18147","3.6","0.7","","","","1"
"2009-01","Alberta","2016A000248","Propane","Cubic metres","72","thousands","3","v18138","4.4","841.4","","","","1"
"2009-01","Alberta","2016A000248","Butane","Cubic metres","72","thousands","3","v18143","4.5","472.5","","","","1"
"2009-01","Alberta","2016A000248","Ethane","Cubic metres","72","thousands","3","v18148","4.6","1158.0","","","","1"
"2009-01","Alberta","2016A000248","Sulphur","Tonnes","288","units","0","v18153","4.7","443732","","","","0"
"2009-01","British Columbia","2016A000259","Propane","Cubic metres","72","thousands","3","v18139","5.4","32.1","","","","1"
"2009-01","British Columbia","2016A000259","Butane","Cubic metres","72","thousands","3","v18144","5.5","21.8","","","","1"
"2009-01","British Columbia","2016A000259","Ethane","Cubic metres","72","thousands","3","v18149","5.6","102.0","","","","1"
"2009-01","British Columbia","2016A000259","Sulphur","Tonnes","288","units","0","v18154","5.7","73008","","","","0"
"2009-02","Canada","2016A000011124","Propane","Cubic metres","72","thousands","3","v18135","1.4","803.5","","","","1"
"2009-02","Canada","2016A000011124","Butane","Cubic metres","72","thousands","3","v18140","1.5","427.5","","","","1"
"2009-02","Canada","2016A000011124","Ethane","Cubic metres","72","thousands","3","v18145","1.6","1185.7","","","","1"
"2009-02","Canada","2016A000011124","Sulphur","Tonnes","288","units","0","v18150","1.7","477759","","","","0"
"2009-02","Nova Scotia","2016A000212","Propane","Cubic metres","72","thousands","3","v783740","6.4","23.9","","","","1"
"2009-02","Nova Scotia","2016A000212","Butane","Cubic metres","72","thousands","3","v783741","6.5","17.3","","","","1"
"2009-02","Saskatchewan","2016A000247","Propane","Cubic metres","72","thousands","3","v18137","3.4","3.7","","","","1"
"2009-02","Saskatchewan","2016A000247","Butane","Cubic metres","72","thousands","3","v18142","3.5","1.8","","","","1"
"2009-02","Saskatchewan","2016A000247","Ethane","Cubic metres","72","thousands","3","v18147","3.6","0.0","","","","1"
"2009-02","Alberta","2016A000248","Propane","Cubic metres","72","thousands","3","v18138","4.4","746.5","","","","1"
"2009-02","Alberta","2016A000248","Butane","Cubic metres","72","thousands","3","v18143","4.5","388.5","","","","1"
"2009-02","Alberta","2016A000248","Ethane","Cubic metres","72","thousands","3","v18148","4.6","1085.0","","","","1"
"2009-02","Alberta","2016A000248","Sulphur","Tonnes","288","units","0","v18153","4.7","410871","","","","0"
"2009-02","British Columbia","2016A000259","Propane","Cubic metres","72","thousands","3","v18139","5.4","29.4","","","","1"
"2009-02","British Columbia","2016A000259","Butane","Cubic metres","72","thousands","3","v18144","5.5","19.9","","","","1"
"2009-02","British Columbia","2016A000259","Ethane","Cubic metres","72","thousands","3","v18149","5.6","100.7","","","","1"
"2009-02","British Columbia","2016A000259","Sulphur","Tonnes","288","units","0","v18154","5.7","66888","","","","0"
"2009-03","Canada","2016A000011124","Propane","Cubic metres","72","thousands","3","v18135","1.4","791.1","","","","1"
"2009-03","Canada","2016A000011124","Butane","Cubic metres","72","thousands","3","v18140","1.5","504.9","","","","1"
"2009-03","Canada","2016A000011124","Ethane","Cubic metres","72","thousands","3","v18145","1.6","1244.6","","","","1"
"2009-03","Canada","2016A000011124","Sulphur","Tonnes","288","units","0","v18150","1.7","525483","","","","0"
"2009-03","Nova Scotia","2016A000212","Propane","Cubic metres","72","thousands","3","v783740","6.4","23.6","","","","1"
"2009-03","Nova Scotia","2016A000212","Butane","Cubic metres","72","thousands","3","v783741","6.5","17.0","","","","1"
"2009-03","Saskatchewan","2016A000247","Propane","Cubic metres","72","thousands","3","v18137","3.4","3.8","","","","1"
"2009-03","Saskatchewan","2016A000247","Butane","Cubic metres","72","thousands","3","v18142","3.5","2.0","","","","1"
"2009-03","Saskatchewan","2016A000247","Ethane","Cubic metres","72","thousands","3","v18147","3.6","0.1","","","","1"
"2009-03","Alberta","2016A000248","Propane","Cubic metres","72","thousands","3","v18138","4.4","730.9","","","","1"
"2009-03","Alberta","2016A000248","Butane","Cubic metres","72","thousands","3","v18143","4.5","463.3","","","","1"
"2009-03","Alberta","2016A000248","Ethane","Cubic metres","72","thousands","3","v18148","4.6","1140.6","","","","1"
"2009-03","Alberta","2016A000248","Sulphur","Tonnes","288","units","0","v18153","4.7","451778","","","","0"
"2009-03","British Columbia","2016A000259","Propane","Cubic metres","72","thousands","3","v18139","5.4","32.8","","","","1"
"2009-03","British Columbia","2016A000259","Butane","Cubic metres","72","thousands","3","v18144","5.5","22.6","","","","1"
"2009-03","British Columbia","2016A000259","Ethane","Cubic metres","72","thousands","3","v18149","5.6","103.9","","","","1"
"2009-03","British Columbia","2016A000259","Sulphur","Tonnes","288","units","0","v18154","5.7","73705","","","","0"
"2009-04","Canada","2016A000011124","Propane","Cubic metres","72","thousands","3","v18135","1.4","729.9","","","","1"
"2009-04","Canada","2016A000011124","Butane","Cubic metres","72","thousands","3","v18140","1.5","493.7","","","","1"
"2009-04","Canada","2016A000011124","Ethane","Cubic metres","72","thousands","3","v18145","1.6","1177.4","","","","1"
"2009-04","Canada","2016A000011124","Sulphur","Tonnes","288","units","0","v18150","1.7","472858","","","","0"
"2009-04","Nova Scotia","2016A000212","Propane","Cubic metres","72","thousands","3","v783740","6.4","12.2","","","","1"
"2009-04","Nova Scotia","2016A000212","Butane","Cubic metres","72","thousands","3","v783741","6.5","10.3","","","","1"
"2009-04","Saskatchewan","2016A000247","Propane","Cubic metres","72","thousands","3","v18137","3.4","3.7","","","","1"
"2009-04","Saskatchewan","2016A000247","Butane","Cubic metres","72","thousands","3","v18142","3.5","2.0","","","","1"
"2009-04","Saskatchewan","2016A000247","Ethane","Cubic metres","72","thousands","3","v18147","3.6","1.6","","","","1"
"2009-04","Alberta","2016A000248","Propane","Cubic metres","72","thousands","3","v18138","4.4","689.6","","","","1"
"2009-04","Alberta","2016A000248","Butane","Cubic metres","72","thousands","3","v18143","4.5","460.1","","","","1"
"2009-04","Alberta","2016A000248","Ethane","Cubic metres","72","thousands","3","v18148","4.6","1094.7","","","","1"
"2009-04","Alberta","2016A000248","Sulphur","Tonnes","288","units","0","v18153","4.7","398895","","","","0"
"2009-04","British Columbia","2016A000259","Propane","Cubic metres","72","thousands","3","v18139","5.4","24.4","","","","1"
"2009-04","British Columbia","2016A000259","Butane","Cubic metres","72","thousands","3","v18144","5.5","21.3","","","","1"
"2009-04","British Columbia","2016A000259","Ethane","Cubic metres","72","thousands","3","v18149","5.6","81.1","","","","1"
"2009-04","British Columbia","2016A000259","Sulphur","Tonnes","288","units","0","v18154","5.7","73963","","","","0"
"2009-05","Canada","2016A000011124","Propane","Cubic metres","72","thousands","3","v18135","1.4","716.8","","","","1"
"2009-05","Canada","2016A000011124","Butane","Cubic metres","72","thousands","3","v18140","1.5","466.5","","","","1"
"2009-05","Canada","2016A000011124","Ethane","Cubic metres","72","thousands","3","v18145","1.6","1063.8","","","","1"
"2009-05","Canada","2016A000011124","Sulphur","Tonnes","288","units","0","v18150","1.7","500539","","","","0"
"2009-05","Nova Scotia","2016A000212","Propane","Cubic metres","72","thousands","3","v783740","6.4","20.6","","","","1"
"2009-05","Nova Scotia","2016A000212","Butane","Cubic metres","72","thousands","3","v783741","6.5","15.8","","","","1"
"2009-05","Saskatchewan","2016A000247","Propane","Cubic metres","72","thousands","3","v18137","3.4","3.9","","","","1"
"2009-05","Saskatchewan","2016A000247","Butane","Cubic metres","72","thousands","3","v18142","3.5","2.1","","","","1"
"2009-05","Saskatchewan","2016A000247","Ethane","Cubic metres","72","thousands","3","v18147","3.6","2.7","","","","1"
"2009-05","Alberta","2016A000248","Propane","Cubic metres","72","thousands","3","v18138","4.4","665.5","","","","1"
"2009-05","Alberta","2016A000248","Butane","Cubic metres","72","thousands","3","v18143","4.5","428.0","","","","1"
"2009-05","Alberta","2016A000248","Ethane","Cubic metres","72","thousands","3","v18148","4.6","974.8","","","","1"
"2009-05","Alberta","2016A000248","Sulphur","Tonnes","288","units","0","v18153","4.7","422910","","","","0"
"2009-05","British Columbia","2016A000259","Propane","Cubic metres","72","thousands","3","v18139","5.4","26.8","","","","1"
"2009-05","British Columbia","2016A000259","Butane","Cubic metres","72","thousands","3","v18144","5.5","20.6","","","","1"
"2009-05","British Columbia","2016A000259","Ethane","Cubic metres","72","thousands","3","v18149","5.6","86.3","","","","1"
"2009-05","British Columbia","2016A000259","Sulphur","Tonnes","288","units","0","v18154","5.7","77629","","","","0"
"2009-06","Canada","2016A000011124","Propane","Cubic metres","72","thousands","3","v18135","1.4","789.0","","","","1"
"2009-06","Canada","2016A000011124","Butane","Cubic metres","72","thousands","3","v18140","1.5","496.9","","","","1"
"2009-06","Canada","2016A000011124","Ethane","Cubic metres","72","thousands","3","v18145","1.6","1119.1","","","","1"
"2009-06","Canada","2016A000011124","Sulphur","Tonnes","288","units","0","v18150","1.7","497652","","","","0"
"2009-06","Nova Scotia","2016A000212","Propane","Cubic metres","72","thousands","3","v783740","6.4","18.2","","","","1"
"2009-06","Nova Scotia","2016A000212","Butane","Cubic metres","72","thousands","3","v783741","6.5","14.7","","","","1"
"2009-06","Saskatchewan","2016A000247","Propane","Cubic metres","72","thousands","3","v18137","3.4","3.5","","","","1"
"2009-06","Saskatchewan","2016A000247","Butane","Cubic metres","72","thousands","3","v18142","3.5","1.9","","","","1"
"2009-06","Saskatchewan","2016A000247","Ethane","Cubic metres","72","thousands","3","v18147","3.6","2.4","","","","1"
"2009-06","Alberta","2016A000248","Propane","Cubic metres","72","thousands","3","v18138","4.4","737.8","","","","1"
"2009-06","Alberta","2016A000248","Butane","Cubic metres","72","thousands","3","v18143","4.5","457.1","","","","1"
"2009-06","Alberta","2016A000248","Ethane","Cubic metres","72","thousands","3","v18148","4.6","1021.2","","","","1"
"2009-06","Alberta","2016A000248","Sulphur","Tonnes","288","units","0","v18153","4.7","426413","","","","0"
"2009-06","British Columbia","2016A000259","Propane","Cubic metres","72","thousands","3","v18139","5.4","29.5","","","","1"
"2009-06","British Columbia","2016A000259","Butane","Cubic metres","72","thousands","3","v18144","5.5","23.2","","","","1"
"2009-06","British Columbia","2016A000259","Ethane","Cubic metres","72","thousands","3","v18149","5.6","95.5","","","","1"
"2009-06","British Columbia","2016A000259","Sulphur","Tonnes","288","units","0","v18154","5.7","71239","","","","0"
"2009-07","Canada","2016A000011124","Propane","Cubic metres","72","thousands","3","v18135","1.4","794.8","","","","1"
"2009-07","Canada","2016A000011124","Butane","Cubic metres","72","thousands","3","v18140","1.5","512.2","","","","1"
"2009-07","Canada","2016A000011124","Ethane","Cubic metres","72","thousands","3","v18145","1.6","1180.0","","","","1"
"2009-07","Canada","2016A000011124","Sulphur","Tonnes","288","units","0","v18150","1.7","535965","","","","0"
"2009-07","Nova Scotia","2016A000212","Propane","Cubic metres","72","thousands","3","v783740","6.4","21.5","","","","1"
"2009-07","Nova Scotia","2016A000212","Butane","Cubic metres","72","thousands","3","v783741","6.5","15.5","","","","1"
"2009-07","Saskatchewan","2016A000247","Propane","Cubic metres","72","thousands","3","v18137","3.4","3.6","","","","1"
"2009-07","Saskatchewan","2016A000247","Butane","Cubic metres","72","thousands","3","v18142","3.5","2.0","","","","1"
"2009-07","Saskatchewan","2016A000247","Ethane","Cubic metres","72","thousands","3","v18147","3.6","2.4","","","","1"
"2009-07","Alberta","2016A000248","Propane","Cubic metres","72","thousands","3","v18138","4.4","740.3","","","","1"
"2009-07","Alberta","2016A000248","Butane","Cubic metres","72","thousands","3","v18143","4.5","472.1","","","","1"
"2009-07","Alberta","2016A000248","Ethane","Cubic metres","72","thousands","3","v18148","4.6","1070.0","","","","1"
"2009-07","Alberta","2016A000248","Sulphur","Tonnes","288","units","0","v18153","4.7","461271","","","","0"
"2009-07","British Columbia","2016A000259","Propane","Cubic metres","72","thousands","3","v18139","5.4","29.4","","","","1"
"2009-07","British Columbia","2016A000259","Butane","Cubic metres","72","thousands","3","v18144","5.5","22.6","","","","1"
"2009-07","British Columbia","2016A000259","Ethane","Cubic metres","72","thousands","3","v18149","5.6","107.6","","","","1"
"2009-07","British Columbia","2016A000259","Sulphur","Tonnes","288","units","0","v18154","5.7","74694","","","","0"
"2009-08","Canada","2016A000011124","Propane","Cubic metres","72","thousands","3","v18135","1.4","738.8","","","","1"
"2009-08","Canada","2016A000011124","Butane","Cubic metres","72","thousands","3","v18140","1.5","473.5","","","","1"
"2009-08","Canada","2016A000011124","Ethane","Cubic metres","72","thousands","3","v18145","1.6","1175.9","","","","1"
"2009-08","Canada","2016A000011124","Sulphur","Tonnes","288","units","0","v18150","1.7","527585","","","","0"
"2009-08","Nova Scotia","2016A000212","Propane","Cubic metres","72","thousands","3","v783740","6.4","3.4","","","","1"
"2009-08","Nova Scotia","2016A000212","Butane","Cubic metres","72","thousands","3","v783741","6.5","3.0","","","","1"
"2009-08","Saskatchewan","2016A000247","Propane","Cubic metres","72","thousands","3","v18137","3.4","3.8","","","","1"
"2009-08","Saskatchewan","2016A000247","Butane","Cubic metres","72","thousands","3","v18142","3.5","2.1","","","","1"
"2009-08","Saskatchewan","2016A000247","Ethane","Cubic metres","72","thousands","3","v18147","3.6","2.1","","","","1"
"2009-08","Alberta","2016A000248","Propane","Cubic metres","72","thousands","3","v18138","4.4","704.2","","","","1"
"2009-08","Alberta","2016A000248","Butane","Cubic metres","72","thousands","3","v18143","4.5","444.6","","","","1"
"2009-08","Alberta","2016A000248","Ethane","Cubic metres","72","thousands","3","v18148","4.6","1076.8","","","","1"
"2009-08","Alberta","2016A000248","Sulphur","Tonnes","288","units","0","v18153","4.7","457808","","","","0"
"2009-08","British Columbia","2016A000259","Propane","Cubic metres","72","thousands","3","v18139","5.4","27.4","","","","1"
"2009-08","British Columbia","2016A000259","Butane","Cubic metres","72","thousands","3","v18144","5.5","23.8","","","","1"
"2009-08","British Columbia","2016A000259","Ethane","Cubic metres","72","thousands","3","v18149","5.6","97.0","","","","1"
"2009-08","British Columbia","2016A000259","Sulphur","Tonnes","288","units","0","v18154","5.7","69777","","","","0"
"2009-09","Canada","2016A000011124","Propane","Cubic metres","72","thousands","3","v18135","1.4","679.8","","","","1"
"2009-09","Canada","2016A000011124","Butane","Cubic metres","72","thousands","3","v18140","1.5","401.6","","","","1"
"2009-09","Canada","2016A000011124","Ethane","Cubic metres","72","thousands","3","v18145","1.6","1105.8","","","","1"
"2009-09","Canada","2016A000011124","Sulphur","Tonnes","288","units","0","v18150","1.7","494065","","","","0"
"2009-09","Nova Scotia","2016A000212","Propane","Cubic metres","72","thousands","3","v783740","6.4","21.5","","","","1"
"2009-09","Nova Scotia","2016A000212","Butane","Cubic metres","72","thousands","3","v783741","6.5","15.0","","","","1"
"2009-09","Saskatchewan","2016A000247","Propane","Cubic metres","72","thousands","3","v18137","3.4","3.2","","","","1"
"2009-09","Saskatchewan","2016A000247","Butane","Cubic metres","72","thousands","3","v18142","3.5","1.8","","","","1"
"2009-09","Saskatchewan","2016A000247","Ethane","Cubic metres","72","thousands","3","v18147","3.6","0.1","","","","1"
"2009-09","Alberta","2016A000248","Propane","Cubic metres","72","thousands","3","v18138","4.4","629.7","","","","1"
"2009-09","Alberta","2016A000248","Butane","Cubic metres","72","thousands","3","v18143","4.5","362.6","","","","1"
"2009-09","Alberta","2016A000248","Ethane","Cubic metres","72","thousands","3","v18148","4.6","1007.6","","","","1"
"2009-09","Alberta","2016A000248","Sulphur","Tonnes","288","units","0","v18153","4.7","424687","","","","0"
"2009-09","British Columbia","2016A000259","Propane","Cubic metres","72","thousands","3","v18139","5.4","25.4","","","","1"
"2009-09","British Columbia","2016A000259","Butane","Cubic metres","72","thousands","3","v18144","5.5","22.2","","","","1"
"2009-09","British Columbia","2016A000259","Ethane","Cubic metres","72","thousands","3","v18149","5.6","98.1","","","","1"
"2009-09","British Columbia","2016A000259","Sulphur","Tonnes","288","units","0","v18154","5.7","69378","","","","0"
"2009-10","Canada","2016A000011124","Propane","Cubic metres","72","thousands","3","v18135","1.4","803.7","","","","1"
"2009-10","Canada","2016A000011124","Butane","Cubic metres","72","thousands","3","v18140","1.5","444.9","","","","1"
"2009-10","Canada","2016A000011124","Ethane","Cubic metres","72","thousands","3","v18145","1.6","1137.5","","","","1"
"2009-10","Canada","2016A000011124","Sulphur","Tonnes","288","units","0","v18150","1.7","508569","","","","0"
"2009-10","Nova Scotia","2016A000212","Propane","Cubic metres","72","thousands","3","v783740","6.4","25.2","","","","1"
"2009-10","Nova Scotia","2016A000212","Butane","Cubic metres","72","thousands","3","v783741","6.5","14.8","","","","1"
"2009-10","Saskatchewan","2016A000247","Propane","Cubic metres","72","thousands","3","v18137","3.4","3.6","","","","1"
"2009-10","Saskatchewan","2016A000247","Butane","Cubic metres","72","thousands","3","v18142","3.5","1.9","","","","1"
"2009-10","Saskatchewan","2016A000247","Ethane","Cubic metres","72","thousands","3","v18147","3.6","1.2","","","","1"
"2009-10","Alberta","2016A000248","Propane","Cubic metres","72","thousands","3","v18138","4.4","746.3","","","","1"
"2009-10","Alberta","2016A000248","Butane","Cubic metres","72","thousands","3","v18143","4.5","404.6","","","","1"
"2009-10","Alberta","2016A000248","Ethane","Cubic metres","72","thousands","3","v18148","4.6","1040.0","","","","1"
"2009-10","Alberta","2016A000248","Sulphur","Tonnes","288","units","0","v18153","4.7","446128","","","","0"
"2009-10","British Columbia","2016A000259","Propane","Cubic metres","72","thousands","3","v18139","5.4","28.6","","","","1"
"2009-10","British Columbia","2016A000259","Butane","Cubic metres","72","thousands","3","v18144","5.5","23.6","","","","1"
"2009-10","British Columbia","2016A000259","Ethane","Cubic metres","72","thousands","3","v18149","5.6","96.3","","","","1"
"2009-10","British Columbia","2016A000259","Sulphur","Tonnes","288","units","0","v18154","5.7","62441","","","","0"
"2009-11","Canada","2016A000011124","Propane","Cubic metres","72","thousands","3","v18135","1.4","707.5","","","","1"
"2009-11","Canada","2016A000011124","Butane","Cubic metres","72","thousands","3","v18140","1.5","452.2","","","","1"
"2009-11","Canada","2016A000011124","Ethane","Cubic metres","72","thousands","3","v18145","1.6","1144.3","","","","1"
"2009-11","Canada","2016A000011124","Sulphur","Tonnes","288","units","0","v18150","1.7","502375","","","","0"
"2009-11","Nova Scotia","2016A000212","Propane","Cubic metres","72","thousands","3","v783740","6.4","23.8","","","","1"
"2009-11","Nova Scotia","2016A000212","Butane","Cubic metres","72","thousands","3","v783741","6.5","14.4","","","","1"
"2009-11","Saskatchewan","2016A000247","Propane","Cubic metres","72","thousands","3","v18137","3.4","3.3","","","","1"
"2009-11","Saskatchewan","2016A000247","Butane","Cubic metres","72","thousands","3","v18142","3.5","1.7","","","","1"
"2009-11","Saskatchewan","2016A000247","Ethane","Cubic metres","72","thousands","3","v18147","3.6","2.7","","","","1"
"2009-11","Alberta","2016A000248","Propane","Cubic metres","72","thousands","3","v18138","4.4","641.2","","","","1"
"2009-11","Alberta","2016A000248","Butane","Cubic metres","72","thousands","3","v18143","4.5","402.6","","","","1"
"2009-11","Alberta","2016A000248","Ethane","Cubic metres","72","thousands","3","v18148","4.6","1046.0","","","","1"
"2009-11","Alberta","2016A000248","Sulphur","Tonnes","288","units","0","v18153","4.7","434798","","","","0"
"2009-11","British Columbia","2016A000259","Propane","Cubic metres","72","thousands","3","v18139","5.4","39.2","","","","1"
"2009-11","British Columbia","2016A000259","Butane","Cubic metres","72","thousands","3","v18144","5.5","33.5","","","","1"
"2009-11","British Columbia","2016A000259","Ethane","Cubic metres","72","thousands","3","v18149","5.6","95.6","","","","1"
"2009-11","British Columbia","2016A000259","Sulphur","Tonnes","288","units","0","v18154","5.7","67577","","","","0"
"2009-12","Canada","2016A000011124","Propane","Cubic metres","72","thousands","3","v18135","1.4","782.8","","","","1"
"2009-12","Canada","2016A000011124","Butane","Cubic metres","72","thousands","3","v18140","1.5","463.9","","","","1"
"2009-12","Canada","2016A000011124","Ethane","Cubic metres","72","thousands","3","v18145","1.6","1198.0","","","","1"
"2009-12","Canada","2016A000011124","Sulphur","Tonnes","288","units","0","v18150","1.7","559130","","","","0"
"2009-12","Nova Scotia","2016A000212","Propane","Cubic metres","72","thousands","3","v783740","6.4","25.8","","","","1"
"2009-12","Nova Scotia","2016A000212","Butane","Cubic metres","72","thousands","3","v783741","6.5","14.4","","","","1"
"2009-12","Saskatchewan","2016A000247","Propane","Cubic metres","72","thousands","3","v18137","3.4","3.1","","","","1"
"2009-12","Saskatchewan","2016A000247","Butane","Cubic metres","72","thousands","3","v18142","3.5","1.7","","","","1"
"2009-12","Saskatchewan","2016A000247","Ethane","Cubic metres","72","thousands","3","v18147","3.6","2.1","","","","1"
"2009-12","Alberta","2016A000248","Propane","Cubic metres","72","thousands","3","v18138","4.4","717.3","","","","1"
"2009-12","Alberta","2016A000248","Butane","Cubic metres","72","thousands","3","v18143","4.5","419.3","","","","1"
"2009-12","Alberta","2016A000248","Ethane","Cubic metres","72","thousands","3","v18148","4.6","1100.6","","","","1"
"2009-12","Alberta","2016A000248","Sulphur","Tonnes","288","units","0","v18153","4.7","455852","","","","0"
"2009-12","British Columbia","2016A000259","Propane","Cubic metres","72","thousands","3","v18139","5.4","36.6","","","","1"
"2009-12","British Columbia","2016A000259","Butane","Cubic metres","72","thousands","3","v18144","5.5","28.5","","","","1"
"2009-12","British Columbia","2016A000259","Ethane","Cubic metres","72","thousands","3","v18149","5.6","95.3","","","","1"
"2009-12","British Columbia","2016A000259","Sulphur","Tonnes","288","units","0","v18154","5.7","103278","","","","0"
"2010-01","Canada","2016A000011124","Propane","Cubic metres","72","thousands","3","v18135","1.4","807.5","","","","1"
"2010-01","Canada","2016A000011124","Butane","Cubic metres","72","thousands","3","v18140","1.5","469.5","","","","1"
"2010-01","Canada","2016A000011124","Ethane","Cubic metres","72","thousands","3","v18145","1.6","1336.5","","","","1"
"2010-01","Canada","2016A000011124","Sulphur","Tonnes","288","units","0","v18150","1.7","495796","","","","0"
"2010-01","Nova Scotia","2016A000212","Propane","Cubic metres","72","thousands","3","v783740","6.4","24.2","","","","1"
"2010-01","Nova Scotia","2016A000212","Butane","Cubic metres","72","thousands","3","v783741","6.5","14.5","","","","1"
"2010-01","Saskatchewan","2016A000247","Propane","Cubic metres","72","thousands","3","v18137","3.4","3.2","","","","1"
"2010-01","Saskatchewan","2016A000247","Butane","Cubic metres","72","thousands","3","v18142","3.5","1.7","","","","1"
"2010-01","Saskatchewan","2016A000247","Ethane","Cubic metres","72","thousands","3","v18147","3.6","2.3","","","","1"
"2010-01","Alberta","2016A000248","Propane","Cubic metres","72","thousands","3","v18138","4.4","753.2","","","","1"
"2010-01","Alberta","2016A000248","Butane","Cubic metres","72","thousands","3","v18143","4.5","436.4","","","","1"
"2010-01","Alberta","2016A000248","Ethane","Cubic metres","72","thousands","3","v18148","4.6","1244.9","","","","1"
"2010-01","Alberta","2016A000248","Sulphur","Tonnes","288","units","0","v18153","4.7","417782","","","","0"
"2010-01","British Columbia","2016A000259","Propane","Cubic metres","72","thousands","3","v18139","5.4","26.9","","","","1"
"2010-01","British Columbia","2016A000259","Butane","Cubic metres","72","thousands","3","v18144","5.5","16.9","","","","1"
"2010-01","British Columbia","2016A000259","Ethane","Cubic metres","72","thousands","3","v18149","5.6","89.3","","","","1"
"2010-01","British Columbia","2016A000259","Sulphur","Tonnes","288","units","0","v18154","5.7","78014","","","","0"
"2010-02","Canada","2016A000011124","Propane","Cubic metres","72","thousands","3","v18135","1.4","704.6","","","","1"
"2010-02","Canada","2016A000011124","Butane","Cubic metres","72","thousands","3","v18140","1.5","409.9","","","","1"
"2010-02","Canada","2016A000011124","Ethane","Cubic metres","72","thousands","3","v18145","1.6","1122.3","","","","1"
"2010-02","Canada","2016A000011124","Sulphur","Tonnes","288","units","0","v18150","1.7","466063","","","","0"
"2010-02","Nova Scotia","2016A000212","Propane","Cubic metres","72","thousands","3","v783740","6.4","20.8","","","","1"
"2010-02","Nova Scotia","2016A000212","Butane","Cubic metres","72","thousands","3","v783741","6.5","12.8","","","","1"
"2010-02","Saskatchewan","2016A000247","Propane","Cubic metres","72","thousands","3","v18137","3.4","3.1","","","","1"
"2010-02","Saskatchewan","2016A000247","Butane","Cubic metres","72","thousands","3","v18142","3.5","1.7","","","","1"
"2010-02","Saskatchewan","2016A000247","Ethane","Cubic metres","72","thousands","3","v18147","3.6","2.3","","","","1"
"2010-02","Alberta","2016A000248","Propane","Cubic metres","72","thousands","3","v18138","4.4","650.6","","","","1"
"2010-02","Alberta","2016A000248","Butane","Cubic metres","72","thousands","3","v18143","4.5","368.6","","","","1"
"2010-02","Alberta","2016A000248","Ethane","Cubic metres","72","thousands","3","v18148","4.6","1034.4","","","","1"
"2010-02","Alberta","2016A000248","Sulphur","Tonnes","288","units","0","v18153","4.7","395607","","","","0"
"2010-02","British Columbia","2016A000259","Propane","Cubic metres","72","thousands","3","v18139","5.4","30.1","","","","1"
"2010-02","British Columbia","2016A000259","Butane","Cubic metres","72","thousands","3","v18144","5.5","26.8","","","","1"
"2010-02","British Columbia","2016A000259","Ethane","Cubic metres","72","thousands","3","v18149","5.6","85.6","","","","1"
"2010-02","British Columbia","2016A000259","Sulphur","Tonnes","288","units","0","v18154","5.7","70456","","","","0"
"2010-03","Canada","2016A000011124","Propane","Cubic metres","72","thousands","3","v18135","1.4","741.1","","","","1"
"2010-03","Canada","2016A000011124","Butane","Cubic metres","72","thousands","3","v18140","1.5","479.8","","","","1"
"2010-03","Canada","2016A000011124","Ethane","Cubic metres","72","thousands","3","v18145","1.6","1204.8","","","","1"
"2010-03","Canada","2016A000011124","Sulphur","Tonnes","288","units","0","v18150","1.7","510061","","","","0"
"2010-03","Nova Scotia","2016A000212","Propane","Cubic metres","72","thousands","3","v783740","6.4","24.0","","","","1"
"2010-03","Nova Scotia","2016A000212","Butane","Cubic metres","72","thousands","3","v783741","6.5","14.4","","","","1"
"2010-03","Saskatchewan","2016A000247","Propane","Cubic metres","72","thousands","3","v18137","3.4","3.4","","","","1"
"2010-03","Saskatchewan","2016A000247","Butane","Cubic metres","72","thousands","3","v18142","3.5","2.0","","","","1"
"2010-03","Saskatchewan","2016A000247","Ethane","Cubic metres","72","thousands","3","v18147","3.6","3.2","","","","1"
"2010-03","Alberta","2016A000248","Propane","Cubic metres","72","thousands","3","v18138","4.4","685.1","","","","1"
"2010-03","Alberta","2016A000248","Butane","Cubic metres","72","thousands","3","v18143","4.5","436.6","","","","1"
"2010-03","Alberta","2016A000248","Ethane","Cubic metres","72","thousands","3","v18148","4.6","1103.5","","","","1"
"2010-03","Alberta","2016A000248","Sulphur","Tonnes","288","units","0","v18153","4.7","437172","","","","0"
"2010-03","British Columbia","2016A000259","Propane","Cubic metres","72","thousands","3","v18139","5.4","28.6","","","","1"
"2010-03","British Columbia","2016A000259","Butane","Cubic metres","72","thousands","3","v18144","5.5","26.8","","","","1"
"2010-03","British Columbia","2016A000259","Ethane","Cubic metres","72","thousands","3","v18149","5.6","98.1","","","","1"
"2010-03","British Columbia","2016A000259","Sulphur","Tonnes","288","units","0","v18154","5.7","72889","","","","0"
"2010-04","Canada","2016A000011124","Propane","Cubic metres","72","thousands","3","v18135","1.4","697.3","","","","1"
"2010-04","Canada","2016A000011124","Butane","Cubic metres","72","thousands","3","v18140","1.5","440.4","","","","1"
"2010-04","Canada","2016A000011124","Ethane","Cubic metres","72","thousands","3","v18145","1.6","1088.8","","","","1"
"2010-04","Canada","2016A000011124","Sulphur","Tonnes","288","units","0","v18150","1.7","493284","","","","0"
"2010-04","Nova Scotia","2016A000212","Propane","Cubic metres","72","thousands","3","v783740","6.4","21.5","","","","1"
"2010-04","Nova Scotia","2016A000212","Butane","Cubic metres","72","thousands","3","v783741","6.5","13.4","","","","1"
"2010-04","Saskatchewan","2016A000247","Propane","Cubic metres","72","thousands","3","v18137","3.4","3.3","","","","1"
"2010-04","Saskatchewan","2016A000247","Butane","Cubic metres","72","thousands","3","v18142","3.5","2.0","","","","1"
"2010-04","Saskatchewan","2016A000247","Ethane","Cubic metres","72","thousands","3","v18147","3.6","2.5","","","","1"
"2010-04","Alberta","2016A000248","Propane","Cubic metres","72","thousands","3","v18138","4.4","643.4","","","","1"
"2010-04","Alberta","2016A000248","Butane","Cubic metres","72","thousands","3","v18143","4.5","397.6","","","","1"
"2010-04","Alberta","2016A000248","Ethane","Cubic metres","72","thousands","3","v18148","4.6","987.5","","","","1"
"2010-04","Alberta","2016A000248","Sulphur","Tonnes","288","units","0","v18153","4.7","421968","","","","0"
"2010-04","British Columbia","2016A000259","Propane","Cubic metres","72","thousands","3","v18139","5.4","29.1","","","","1"
"2010-04","British Columbia","2016A000259","Butane","Cubic metres","72","thousands","3","v18144","5.5","27.4","","","","1"
"2010-04","British Columbia","2016A000259","Ethane","Cubic metres","72","thousands","3","v18149","5.6","98.8","","","","1"
"2010-04","British Columbia","2016A000259","Sulphur","Tonnes","288","units","0","v18154","5.7","71316","","","","0"
"2010-05","Canada","2016A000011124","Propane","Cubic metres","72","thousands","3","v18135","1.4","683.3","","","","1"
"2010-05","Canada","2016A000011124","Butane","Cubic metres","72","thousands","3","v18140","1.5","449.7","","","","1"
"2010-05","Canada","2016A000011124","Ethane","Cubic metres","72","thousands","3","v18145","1.6","1109.0","","","","1"
"2010-05","Canada","2016A000011124","Sulphur","Tonnes","288","units","0","v18150","1.7","476928","","","","0"
"2010-05","Nova Scotia","2016A000212","Propane","Cubic metres","72","thousands","3","v783740","6.4","17.5","","","","1"
"2010-05","Nova Scotia","2016A000212","Butane","Cubic metres","72","thousands","3","v783741","6.5","9.8","","","","1"
"2010-05","Saskatchewan","2016A000247","Propane","Cubic metres","72","thousands","3","v18137","3.4","3.3","","","","1"
"2010-05","Saskatchewan","2016A000247","Butane","Cubic metres","72","thousands","3","v18142","3.5","1.8","","","","1"
"2010-05","Saskatchewan","2016A000247","Ethane","Cubic metres","72","thousands","3","v18147","3.6","2.7","","","","1"
"2010-05","Alberta","2016A000248","Propane","Cubic metres","72","thousands","3","v18138","4.4","632.5","","","","1"
"2010-05","Alberta","2016A000248","Butane","Cubic metres","72","thousands","3","v18143","4.5","411.5","","","","1"
"2010-05","Alberta","2016A000248","Ethane","Cubic metres","72","thousands","3","v18148","4.6","1005.4","","","","1"
"2010-05","Alberta","2016A000248","Sulphur","Tonnes","288","units","0","v18153","4.7","424777","","","","0"
"2010-05","British Columbia","2016A000259","Propane","Cubic metres","72","thousands","3","v18139","5.4","30.0","","","","1"
"2010-05","British Columbia","2016A000259","Butane","Cubic metres","72","thousands","3","v18144","5.5","26.6","","","","1"
"2010-05","British Columbia","2016A000259","Ethane","Cubic metres","72","thousands","3","v18149","5.6","100.9","","","","1"
"2010-05","British Columbia","2016A000259","Sulphur","Tonnes","288","units","0","v18154","5.7","52151","","","","0"
"2010-06","Canada","2016A000011124","Propane","Cubic metres","72","thousands","3","v18135","1.4","609.0","","","","1"
"2010-06","Canada","2016A000011124","Butane","Cubic metres","72","thousands","3","v18140","1.5","435.6","","","","1"
"2010-06","Canada","2016A000011124","Ethane","Cubic metres","72","thousands","3","v18145","1.6","1082.0","","","","1"
"2010-06","Canada","2016A000011124","Sulphur","Tonnes","288","units","0","v18150","1.7","442688","","","","0"
"2010-06","Nova Scotia","2016A000212","Propane","Cubic metres","72","thousands","3","v783740","6.4","21.1","","","","1"
"2010-06","Nova Scotia","2016A000212","Butane","Cubic metres","72","thousands","3","v783741","6.5","11.0","","","","1"
"2010-06","Saskatchewan","2016A000247","Propane","Cubic metres","72","thousands","3","v18137","3.4","3.2","","","","1"
"2010-06","Saskatchewan","2016A000247","Butane","Cubic metres","72","thousands","3","v18142","3.5","1.8","","","","1"
"2010-06","Saskatchewan","2016A000247","Ethane","Cubic metres","72","thousands","3","v18147","3.6","2.3","","","","1"
"2010-06","Alberta","2016A000248","Propane","Cubic metres","72","thousands","3","v18138","4.4","554.5","","","","1"
"2010-06","Alberta","2016A000248","Butane","Cubic metres","72","thousands","3","v18143","4.5","395.1","","","","1"
"2010-06","Alberta","2016A000248","Ethane","Cubic metres","72","thousands","3","v18148","4.6","978.4","","","","1"
"2010-06","Alberta","2016A000248","Sulphur","Tonnes","288","units","0","v18153","4.7","402763","","","","0"
"2010-06","British Columbia","2016A000259","Propane","Cubic metres","72","thousands","3","v18139","5.4","30.2","","","","1"
"2010-06","British Columbia","2016A000259","Butane","Cubic metres","72","thousands","3","v18144","5.5","27.7","","","","1"
"2010-06","British Columbia","2016A000259","Ethane","Cubic metres","72","thousands","3","v18149","5.6","101.3","","","","1"
"2010-06","British Columbia","2016A000259","Sulphur","Tonnes","288","units","0","v18154","5.7","39925","","","","0"
"2010-07","Canada","2016A000011124","Propane","Cubic metres","72","thousands","3","v18135","1.4","702.2","","","","1"
"2010-07","Canada","2016A000011124","Butane","Cubic metres","72","thousands","3","v18140","1.5","457.5","","","","1"
"2010-07","Canada","2016A000011124","Ethane","Cubic metres","72","thousands","3","v18145","1.6","1144.8","","","","1"
"2010-07","Canada","2016A000011124","Sulphur","Tonnes","288","units","0","v18150","1.7","511546","","","","0"
"2010-07","Nova Scotia","2016A000212","Propane","Cubic metres","72","thousands","3","v783740","6.4","23.2","","","","1"
"2010-07","Nova Scotia","2016A000212","Butane","Cubic metres","72","thousands","3","v783741","6.5","14.0","","","","1"
"2010-07","Saskatchewan","2016A000247","Propane","Cubic metres","72","thousands","3","v18137","3.4","3.0","","","","1"
"2010-07","Saskatchewan","2016A000247","Butane","Cubic metres","72","thousands","3","v18142","3.5","1.8","","","","1"
"2010-07","Saskatchewan","2016A000247","Ethane","Cubic metres","72","thousands","3","v18147","3.6","3.0","","","","1"
"2010-07","Alberta","2016A000248","Propane","Cubic metres","72","thousands","3","v18138","4.4","644.0","","","","1"
"2010-07","Alberta","2016A000248","Butane","Cubic metres","72","thousands","3","v18143","4.5","412.8","","","","1"
"2010-07","Alberta","2016A000248","Ethane","Cubic metres","72","thousands","3","v18148","4.6","1034.4","","","","1"
"2010-07","Alberta","2016A000248","Sulphur","Tonnes","288","units","0","v18153","4.7","442850","","","","0"
"2010-07","British Columbia","2016A000259","Propane","Cubic metres","72","thousands","3","v18139","5.4","32.0","","","","1"
"2010-07","British Columbia","2016A000259","Butane","Cubic metres","72","thousands","3","v18144","5.5","28.9","","","","1"
"2010-07","British Columbia","2016A000259","Ethane","Cubic metres","72","thousands","3","v18149","5.6","107.4","","","","1"
"2010-07","British Columbia","2016A000259","Sulphur","Tonnes","288","units","0","v18154","5.7","68696","","","","0"
"2010-08","Canada","2016A000011124","Propane","Cubic metres","72","thousands","3","v18135","1.4","795.4","","","","1"
"2010-08","Canada","2016A000011124","Butane","Cubic metres","72","thousands","3","v18140","1.5","494.7","","","","1"
"2010-08","Canada","2016A000011124","Ethane","Cubic metres","72","thousands","3","v18145","1.6","1163.6","","","","1"
"2010-08","Canada","2016A000011124","Sulphur","Tonnes","288","units","0","v18150","1.7","509681","","","","0"
"2010-08","Nova Scotia","2016A000212","Propane","Cubic metres","72","thousands","3","v783740","6.4","24.0","","","","1"
"2010-08","Nova Scotia","2016A000212","Butane","Cubic metres","72","thousands","3","v783741","6.5","14.0","","","","1"
"2010-08","Saskatchewan","2016A000247","Propane","Cubic metres","72","thousands","3","v18137","3.4","3.4","","","","1"
"2010-08","Saskatchewan","2016A000247","Butane","Cubic metres","72","thousands","3","v18142","3.5","1.9","","","","1"
"2010-08","Saskatchewan","2016A000247","Ethane","Cubic metres","72","thousands","3","v18147","3.6","3.4","","","","1"
"2010-08","Alberta","2016A000248","Propane","Cubic metres","72","thousands","3","v18138","4.4","737.0","","","","1"
"2010-08","Alberta","2016A000248","Butane","Cubic metres","72","thousands","3","v18143","4.5","452.3","","","","1"
"2010-08","Alberta","2016A000248","Ethane","Cubic metres","72","thousands","3","v18148","4.6","1053.8","","","","1"
"2010-08","Alberta","2016A000248","Sulphur","Tonnes","288","units","0","v18153","4.7","441061","","","","0"
"2010-08","British Columbia","2016A000259","Propane","Cubic metres","72","thousands","3","v18139","5.4","31.0","","","","1"
"2010-08","British Columbia","2016A000259","Butane","Cubic metres","72","thousands","3","v18144","5.5","26.5","","","","1"
"2010-08","British Columbia","2016A000259","Ethane","Cubic metres","72","thousands","3","v18149","5.6","106.4","","","","1"
"2010-08","British Columbia","2016A000259","Sulphur","Tonnes","288","units","0","v18154","5.7","68620","","","","0"
"2010-09","Canada","2016A000011124","Propane","Cubic metres","72","thousands","3","v18135","1.4","730.6","","","","1"
"2010-09","Canada","2016A000011124","Butane","Cubic metres","72","thousands","3","v18140","1.5","437.8","","","","1"
"2010-09","Canada","2016A000011124","Ethane","Cubic metres","72","thousands","3","v18145","1.6","996.3","","","","1"
"2010-09","Canada","2016A000011124","Sulphur","Tonnes","288","units","0","v18150","1.7","460693","","","","0"
"2010-09","Nova Scotia","2016A000212","Propane","Cubic metres","72","thousands","3","v783740","6.4","22.5","","","","1"
"2010-09","Nova Scotia","2016A000212","Butane","Cubic metres","72","thousands","3","v783741","6.5","13.6","","","","1"
"2010-09","Saskatchewan","2016A000247","Propane","Cubic metres","72","thousands","3","v18137","3.4","3.1","","","","1"
"2010-09","Saskatchewan","2016A000247","Butane","Cubic metres","72","thousands","3","v18142","3.5","1.8","","","","1"
"2010-09","Saskatchewan","2016A000247","Ethane","Cubic metres","72","thousands","3","v18147","3.6","1.4","","","","1"
"2010-09","Alberta","2016A000248","Propane","Cubic metres","72","thousands","3","v18138","4.4","674.1","","","","1"
"2010-09","Alberta","2016A000248","Butane","Cubic metres","72","thousands","3","v18143","4.5","396.6","","","","1"
"2010-09","Alberta","2016A000248","Ethane","Cubic metres","72","thousands","3","v18148","4.6","889.3","","","","1"
"2010-09","Alberta","2016A000248","Sulphur","Tonnes","288","units","0","v18153","4.7","393523","","","","0"
"2010-09","British Columbia","2016A000259","Propane","Cubic metres","72","thousands","3","v18139","5.4","30.9","","","","1"
"2010-09","British Columbia","2016A000259","Butane","Cubic metres","72","thousands","3","v18144","5.5","25.8","","","","1"
"2010-09","British Columbia","2016A000259","Ethane","Cubic metres","72","thousands","3","v18149","5.6","105.6","","","","1"
"2010-09","British Columbia","2016A000259","Sulphur","Tonnes","288","units","0","v18154","5.7","67170","","","","0"
"2010-10","Canada","2016A000011124","Propane","Cubic metres","72","thousands","3","v18135","1.4","733.0","","","","1"
"2010-10","Canada","2016A000011124","Butane","Cubic metres","72","thousands","3","v18140","1.5","466.2","","","","1"
"2010-10","Canada","2016A000011124","Ethane","Cubic metres","72","thousands","3","v18145","1.6","1094.0","","","","1"
"2010-10","Canada","2016A000011124","Sulphur","Tonnes","288","units","0","v18150","1.7","477789","","","","0"
"2010-10","Nova Scotia","2016A000212","Propane","Cubic metres","72","thousands","3","v783740","6.4","21.4","","","","1"
"2010-10","Nova Scotia","2016A000212","Butane","Cubic metres","72","thousands","3","v783741","6.5","13.0","","","","1"
"2010-10","Saskatchewan","2016A000247","Propane","Cubic metres","72","thousands","3","v18137","3.4","2.8","","","","1"
"2010-10","Saskatchewan","2016A000247","Butane","Cubic metres","72","thousands","3","v18142","3.5","1.7","","","","1"
"2010-10","Saskatchewan","2016A000247","Ethane","Cubic metres","72","thousands","3","v18147","3.6","3.2","","","","1"
"2010-10","Alberta","2016A000248","Propane","Cubic metres","72","thousands","3","v18138","4.4","675.8","","","","1"
"2010-10","Alberta","2016A000248","Butane","Cubic metres","72","thousands","3","v18143","4.5","424.4","","","","1"
"2010-10","Alberta","2016A000248","Ethane","Cubic metres","72","thousands","3","v18148","4.6","981.9","","","","1"
"2010-10","Alberta","2016A000248","Sulphur","Tonnes","288","units","0","v18153","4.7","408750","","","","0"
"2010-10","British Columbia","2016A000259","Propane","Cubic metres","72","thousands","3","v18139","5.4","33.0","","","","1"
"2010-10","British Columbia","2016A000259","Butane","Cubic metres","72","thousands","3","v18144","5.5","27.1","","","","1"
"2010-10","British Columbia","2016A000259","Ethane","Cubic metres","72","thousands","3","v18149","5.6","108.9","","","","1"
"2010-10","British Columbia","2016A000259","Sulphur","Tonnes","288","units","0","v18154","5.7","69039","","","","0"
"2010-11","Canada","2016A000011124","Propane","Cubic metres","72","thousands","3","v18135","1.4","738.6","","","","1"
"2010-11","Canada","2016A000011124","Butane","Cubic metres","72","thousands","3","v18140","1.5","445.1","","","","1"
"2010-11","Canada","2016A000011124","Ethane","Cubic metres","72","thousands","3","v18145","1.6","1102.7","","","","1"
"2010-11","Canada","2016A000011124","Sulphur","Tonnes","288","units","0","v18150","1.7","443329","","","","0"
"2010-11","Nova Scotia","2016A000212","Propane","Cubic metres","72","thousands","3","v783740","6.4","20.9","","","","1"
"2010-11","Nova Scotia","2016A000212","Butane","Cubic metres","72","thousands","3","v783741","6.5","12.6","","","","1"
"2010-11","Saskatchewan","2016A000247","Propane","Cubic metres","72","thousands","3","v18137","3.4","3.1","","","","1"
"2010-11","Saskatchewan","2016A000247","Butane","Cubic metres","72","thousands","3","v18142","3.5","1.8","","","","1"
"2010-11","Saskatchewan","2016A000247","Ethane","Cubic metres","72","thousands","3","v18147","3.6","3.3","","","","1"
"2010-11","Alberta","2016A000248","Propane","Cubic metres","72","thousands","3","v18138","4.4","682.3","","","","1"
"2010-11","Alberta","2016A000248","Butane","Cubic metres","72","thousands","3","v18143","4.5","404.8","","","","1"
"2010-11","Alberta","2016A000248","Ethane","Cubic metres","72","thousands","3","v18148","4.6","991.8","","","","1"
"2010-11","Alberta","2016A000248","Sulphur","Tonnes","288","units","0","v18153","4.7","376174","","","","0"
"2010-11","British Columbia","2016A000259","Propane","Cubic metres","72","thousands","3","v18139","5.4","32.3","","","","1"
"2010-11","British Columbia","2016A000259","Butane","Cubic metres","72","thousands","3","v18144","5.5","25.9","","","","1"
"2010-11","British Columbia","2016A000259","Ethane","Cubic metres","72","thousands","3","v18149","5.6","107.6","","","","1"
"2010-11","British Columbia","2016A000259","Sulphur","Tonnes","288","units","0","v18154","5.7","67155","","","","0"
"2010-12","Canada","2016A000011124","Propane","Cubic metres","72","thousands","3","v18135","1.4","845.4","","","","1"
"2010-12","Canada","2016A000011124","Butane","Cubic metres","72","thousands","3","v18140","1.5","510.3","","","","1"
"2010-12","Canada","2016A000011124","Ethane","Cubic metres","72","thousands","3","v18145","1.6","1298.1","","","","1"
"2010-12","Canada","2016A000011124","Sulphur","Tonnes","288","units","0","v18150","1.7","473125","","","","0"
"2010-12","Nova Scotia","2016A000212","Propane","Cubic metres","72","thousands","3","v783740","6.4","20.4","","","","1"
"2010-12","Nova Scotia","2016A000212","Butane","Cubic metres","72","thousands","3","v783741","6.5","12.4","","","","1"
"2010-12","Saskatchewan","2016A000247","Propane","Cubic metres","72","thousands","3","v18137","3.4","3.1","","","","1"
"2010-12","Saskatchewan","2016A000247","Butane","Cubic metres","72","thousands","3","v18142","3.5","1.7","","","","1"
"2010-12","Saskatchewan","2016A000247","Ethane","Cubic metres","72","thousands","3","v18147","3.6","2.1","","","","1"
"2010-12","Alberta","2016A000248","Propane","Cubic metres","72","thousands","3","v18138","4.4","784.6","","","","1"
"2010-12","Alberta","2016A000248","Butane","Cubic metres","72","thousands","3","v18143","4.5","468.2","","","","1"
"2010-12","Alberta","2016A000248","Ethane","Cubic metres","72","thousands","3","v18148","4.6","1183.9","","","","1"
"2010-12","Alberta","2016A000248","Sulphur","Tonnes","288","units","0","v18153","4.7","400202","","","","0"
"2010-12","British Columbia","2016A000259","Propane","Cubic metres","72","thousands","3","v18139","5.4","37.4","","","","1"
"2010-12","British Columbia","2016A000259","Butane","Cubic metres","72","thousands","3","v18144","5.5","28.0","","","","1"
"2010-12","British Columbia","2016A000259","Ethane","Cubic metres","72","thousands","3","v18149","5.6","112.1","","","","1"
"2010-12","British Columbia","2016A000259","Sulphur","Tonnes","288","units","0","v18154","5.7","72923","","","","0"
"2011-01","Canada","2016A000011124","Propane","Cubic metres","72","thousands","3","v18135","1.4","820.0","","","","1"
"2011-01","Canada","2016A000011124","Butane","Cubic metres","72","thousands","3","v18140","1.5","511.7","","","","1"
"2011-01","Canada","2016A000011124","Ethane","Cubic metres","72","thousands","3","v18145","1.6","1367.5","","","","1"
"2011-01","Canada","2016A000011124","Sulphur","Tonnes","288","units","0","v18150","1.7","454552","","","","0"
"2011-01","Nova Scotia","2016A000212","Propane","Cubic metres","72","thousands","3","v783740","6.4","19.8","","","","1"
"2011-01","Nova Scotia","2016A000212","Butane","Cubic metres","72","thousands","3","v783741","6.5","12.1","","","","1"
"2011-01","Saskatchewan","2016A000247","Propane","Cubic metres","72","thousands","3","v18137","3.4","2.9","","","","1"
"2011-01","Saskatchewan","2016A000247","Butane","Cubic metres","72","thousands","3","v18142","3.5","1.8","","","","1"
"2011-01","Saskatchewan","2016A000247","Ethane","Cubic metres","72","thousands","3","v18147","3.6","3.0","","","","1"
"2011-01","Alberta","2016A000248","Propane","Cubic metres","72","thousands","3","v18138","4.4","757.7","","","","1"
"2011-01","Alberta","2016A000248","Butane","Cubic metres","72","thousands","3","v18143","4.5","467.5","","","","1"
"2011-01","Alberta","2016A000248","Ethane","Cubic metres","72","thousands","3","v18148","4.6","1248.2","","","","1"
"2011-01","Alberta","2016A000248","Sulphur","Tonnes","288","units","0","v18153","4.7","385467","","","","0"
"2011-01","British Columbia","2016A000259","Propane","Cubic metres","72","thousands","3","v18139","5.4","39.6","","","","1"
"2011-01","British Columbia","2016A000259","Butane","Cubic metres","72","thousands","3","v18144","5.5","30.2","","","","1"
"2011-01","British Columbia","2016A000259","Ethane","Cubic metres","72","thousands","3","v18149","5.6","116.3","","","","1"
"2011-01","British Columbia","2016A000259","Sulphur","Tonnes","288","units","0","v18154","5.7","69085","","","","0"
"2011-02","Canada","2016A000011124","Propane","Cubic metres","72","thousands","3","v18135","1.4","707.0","","","","1"
"2011-02","Canada","2016A000011124","Butane","Cubic metres","72","thousands","3","v18140","1.5","438.5","","","","1"
"2011-02","Canada","2016A000011124","Ethane","Cubic metres","72","thousands","3","v18145","1.6","1158.4","","","","1"
"2011-02","Canada","2016A000011124","Sulphur","Tonnes","288","units","0","v18150","1.7","416396","","","","0"
"2011-02","Nova Scotia","2016A000212","Propane","Cubic metres","72","thousands","3","v783740","6.4","20.2","","","","1"
"2011-02","Nova Scotia","2016A000212","Butane","Cubic metres","72","thousands","3","v783741","6.5","12.1","","","","1"
"2011-02","Saskatchewan","2016A000247","Propane","Cubic metres","72","thousands","3","v18137","3.4","2.4","","","","1"
"2011-02","Saskatchewan","2016A000247","Butane","Cubic metres","72","thousands","3","v18142","3.5","1.4","","","","1"
"2011-02","Saskatchewan","2016A000247","Ethane","Cubic metres","72","thousands","3","v18147","3.6","2.8","","","","1"
"2011-02","Alberta","2016A000248","Propane","Cubic metres","72","thousands","3","v18138","4.4","650.7","","","","1"
"2011-02","Alberta","2016A000248","Butane","Cubic metres","72","thousands","3","v18143","4.5","397.4","","","","1"
"2011-02","Alberta","2016A000248","Ethane","Cubic metres","72","thousands","3","v18148","4.6","1056.6","","","","1"
"2011-02","Alberta","2016A000248","Sulphur","Tonnes","288","units","0","v18153","4.7","353767","","","","0"
"2011-02","British Columbia","2016A000259","Propane","Cubic metres","72","thousands","3","v18139","5.4","33.6","","","","1"
"2011-02","British Columbia","2016A000259","Butane","Cubic metres","72","thousands","3","v18144","5.5","27.6","","","","1"
"2011-02","British Columbia","2016A000259","Ethane","Cubic metres","72","thousands","3","v18149","5.6","98.9","","","","1"
"2011-02","British Columbia","2016A000259","Sulphur","Tonnes","288","units","0","v18154","5.7","62629","","","","0"
"2011-03","Canada","2016A000011124","Propane","Cubic metres","72","thousands","3","v18135","1.4","807.1","","","","1"
"2011-03","Canada","2016A000011124","Butane","Cubic metres","72","thousands","3","v18140","1.5","495.7","","","","1"
"2011-03","Canada","2016A000011124","Ethane","Cubic metres","72","thousands","3","v18145","1.6","1233.3","","","","1"
"2011-03","Canada","2016A000011124","Sulphur","Tonnes","288","units","0","v18150","1.7","457847","","","","0"
"2011-03","Nova Scotia","2016A000212","Propane","Cubic metres","72","thousands","3","v783740","6.4","22.6","","","","1"
"2011-03","Nova Scotia","2016A000212","Butane","Cubic metres","72","thousands","3","v783741","6.5","13.3","","","","1"
"2011-03","Saskatchewan","2016A000247","Propane","Cubic metres","72","thousands","3","v18137","3.4","2.8","","","","1"
"2011-03","Saskatchewan","2016A000247","Butane","Cubic metres","72","thousands","3","v18142","3.5","1.6","","","","1"
"2011-03","Saskatchewan","2016A000247","Ethane","Cubic metres","72","thousands","3","v18147","3.6","2.8","","","","1"
"2011-03","Alberta","2016A000248","Propane","Cubic metres","72","thousands","3","v18138","4.4","745.2","","","","1"
"2011-03","Alberta","2016A000248","Butane","Cubic metres","72","thousands","3","v18143","4.5","451.6","","","","1"
"2011-03","Alberta","2016A000248","Ethane","Cubic metres","72","thousands","3","v18148","4.6","1123.1","","","","1"
"2011-03","Alberta","2016A000248","Sulphur","Tonnes","288","units","0","v18153","4.7","386917","","","","0"
"2011-03","British Columbia","2016A000259","Propane","Cubic metres","72","thousands","3","v18139","5.4","36.5","","","","1"
"2011-03","British Columbia","2016A000259","Butane","Cubic metres","72","thousands","3","v18144","5.5","29.2","","","","1"
"2011-03","British Columbia","2016A000259","Ethane","Cubic metres","72","thousands","3","v18149","5.6","107.4","","","","1"
"2011-03","British Columbia","2016A000259","Sulphur","Tonnes","288","units","0","v18154","5.7","70931","","","","0"
"2011-04","Canada","2016A000011124","Propane","Cubic metres","72","thousands","3","v18135","1.4","692.9","","","","1"
"2011-04","Canada","2016A000011124","Butane","Cubic metres","72","thousands","3","v18140","1.5","449.6","","","","1"
"2011-04","Canada","2016A000011124","Ethane","Cubic metres","72","thousands","3","v18145","1.6","1187.7","","","","1"
"2011-04","Canada","2016A000011124","Sulphur","Tonnes","288","units","0","v18150","1.7","461031","","","","0"
"2011-04","Nova Scotia","2016A000212","Propane","Cubic metres","72","thousands","3","v783740","6.4","21.2","","","","1"
"2011-04","Nova Scotia","2016A000212","Butane","Cubic metres","72","thousands","3","v783741","6.5","12.7","","","","1"
"2011-04","Saskatchewan","2016A000247","Propane","Cubic metres","72","thousands","3","v18137","3.4","2.5","","","","1"
"2011-04","Saskatchewan","2016A000247","Butane","Cubic metres","72","thousands","3","v18142","3.5","1.5","","","","1"
"2011-04","Saskatchewan","2016A000247","Ethane","Cubic metres","72","thousands","3","v18147","3.6","2.5","","","","1"
"2011-04","Alberta","2016A000248","Propane","Cubic metres","72","thousands","3","v18138","4.4","634.3","","","","1"
"2011-04","Alberta","2016A000248","Butane","Cubic metres","72","thousands","3","v18143","4.5","404.6","","","","1"
"2011-04","Alberta","2016A000248","Ethane","Cubic metres","72","thousands","3","v18148","4.6","1078.1","","","","1"
"2011-04","Alberta","2016A000248","Sulphur","Tonnes","288","units","0","v18153","4.7","391568","","","","0"
"2011-04","British Columbia","2016A000259","Propane","Cubic metres","72","thousands","3","v18139","5.4","34.9","","","","1"
"2011-04","British Columbia","2016A000259","Butane","Cubic metres","72","thousands","3","v18144","5.5","30.8","","","","1"
"2011-04","British Columbia","2016A000259","Ethane","Cubic metres","72","thousands","3","v18149","5.6","107.1","","","","1"
"2011-04","British Columbia","2016A000259","Sulphur","Tonnes","288","units","0","v18154","5.7","69463","","","","0"
"2011-05","Canada","2016A000011124","Propane","Cubic metres","72","thousands","3","v18135","1.4","685.9","","","","1"
"2011-05","Canada","2016A000011124","Butane","Cubic metres","72","thousands","3","v18140","1.5","433.4","","","","1"
"2011-05","Canada","2016A000011124","Ethane","Cubic metres","72","thousands","3","v18145","1.6","1121.2","","","","1"
"2011-05","Canada","2016A000011124","Sulphur","Tonnes","288","units","0","v18150","1.7","427186","","","","0"
"2011-05","Nova Scotia","2016A000212","Propane","Cubic metres","72","thousands","3","v783740","6.4","21.9","","","","1"
"2011-05","Nova Scotia","2016A000212","Butane","Cubic metres","72","thousands","3","v783741","6.5","13.1","","","","1"
"2011-05","Saskatchewan","2016A000247","Propane","Cubic metres","72","thousands","3","v18137","3.4","2.6","","","","1"
"2011-05","Saskatchewan","2016A000247","Butane","Cubic metres","72","thousands","3","v18142","3.5","1.6","","","","1"
"2011-05","Saskatchewan","2016A000247","Ethane","Cubic metres","72","thousands","3","v18147","3.6","1.3","","","","1"
"2011-05","Alberta","2016A000248","Propane","Cubic metres","72","thousands","3","v18138","4.4","625.8","","","","1"
"2011-05","Alberta","2016A000248","Butane","Cubic metres","72","thousands","3","v18143","4.5","386.3","","","","1"
"2011-05","Alberta","2016A000248","Ethane","Cubic metres","72","thousands","3","v18148","4.6","1006.5","","","","1"
"2011-05","Alberta","2016A000248","Sulphur","Tonnes","288","units","0","v18153","4.7","353262","","","","0"
"2011-05","British Columbia","2016A000259","Propane","Cubic metres","72","thousands","3","v18139","5.4","35.6","","","","1"
"2011-05","British Columbia","2016A000259","Butane","Cubic metres","72","thousands","3","v18144","5.5","32.3","","","","1"
"2011-05","British Columbia","2016A000259","Ethane","Cubic metres","72","thousands","3","v18149","5.6","113.4","","","","1"
"2011-05","British Columbia","2016A000259","Sulphur","Tonnes","288","units","0","v18154","5.7","73924","","","","0"
"2011-06","Canada","2016A000011124","Propane","Cubic metres","72","thousands","3","v18135","1.4","680.4","","","","1"
"2011-06","Canada","2016A000011124","Butane","Cubic metres","72","thousands","3","v18140","1.5","424.9","","","","1"
"2011-06","Canada","2016A000011124","Ethane","Cubic metres","72","thousands","3","v18145","1.6","1126.3","","","","1"
"2011-06","Canada","2016A000011124","Sulphur","Tonnes","288","units","0","v18150","1.7","444855","","","","0"
"2011-06","Nova Scotia","2016A000212","Propane","Cubic metres","72","thousands","3","v783740","6.4","12.4","","","","1"
"2011-06","Nova Scotia","2016A000212","Butane","Cubic metres","72","thousands","3","v783741","6.5","7.6","","","","1"
"2011-06","Saskatchewan","2016A000247","Propane","Cubic metres","72","thousands","3","v18137","3.4","2.7","","","","1"
"2011-06","Saskatchewan","2016A000247","Butane","Cubic metres","72","thousands","3","v18142","3.5","1.5","","","","1"
"2011-06","Saskatchewan","2016A000247","Ethane","Cubic metres","72","thousands","3","v18147","3.6","0.3","","","","1"
"2011-06","Alberta","2016A000248","Propane","Cubic metres","72","thousands","3","v18138","4.4","626.6","","","","1"
"2011-06","Alberta","2016A000248","Butane","Cubic metres","72","thousands","3","v18143","4.5","387.6","","","","1"
"2011-06","Alberta","2016A000248","Ethane","Cubic metres","72","thousands","3","v18148","4.6","984.5","","","","1"
"2011-06","Alberta","2016A000248","Sulphur","Tonnes","288","units","0","v18153","4.7","384389","","","","0"
"2011-06","British Columbia","2016A000259","Propane","Cubic metres","72","thousands","3","v18139","5.4","38.8","","","","1"
"2011-06","British Columbia","2016A000259","Butane","Cubic metres","72","thousands","3","v18144","5.5","28.2","","","","1"
"2011-06","British Columbia","2016A000259","Ethane","Cubic metres","72","thousands","3","v18149","5.6","141.4","","","","1"
"2011-06","British Columbia","2016A000259","Sulphur","Tonnes","288","units","0","v18154","5.7","60466","","","","0"
"2011-07","Canada","2016A000011124","Propane","Cubic metres","72","thousands","3","v18135","1.4","739.3","","","","1"
"2011-07","Canada","2016A000011124","Butane","Cubic metres","72","thousands","3","v18140","1.5","472.3","","","","1"
"2011-07","Canada","2016A000011124","Ethane","Cubic metres","72","thousands","3","v18145","1.6","1113.3","","","","1"
"2011-07","Canada","2016A000011124","Sulphur","Tonnes","288","units","0","v18150","1.7","498016","","","","0"
"2011-07","Nova Scotia","2016A000212","Propane","Cubic metres","72","thousands","3","v783740","6.4","20.1","","","","1"
"2011-07","Nova Scotia","2016A000212","Butane","Cubic metres","72","thousands","3","v783741","6.5","12.2","","","","1"
"2011-07","Saskatchewan","2016A000247","Propane","Cubic metres","72","thousands","3","v18137","3.4","2.7","","","","1"
"2011-07","Saskatchewan","2016A000247","Butane","Cubic metres","72","thousands","3","v18142","3.5","1.7","","","","1"
"2011-07","Saskatchewan","2016A000247","Ethane","Cubic metres","72","thousands","3","v18147","3.6","1.2","","","","1"
"2011-07","Alberta","2016A000248","Propane","Cubic metres","72","thousands","3","v18138","4.4","684.5","","","","1"
"2011-07","Alberta","2016A000248","Butane","Cubic metres","72","thousands","3","v18143","4.5","429.7","","","","1"
"2011-07","Alberta","2016A000248","Ethane","Cubic metres","72","thousands","3","v18148","4.6","1038.1","","","","1"
"2011-07","Alberta","2016A000248","Sulphur","Tonnes","288","units","0","v18153","4.7","424646","","","","0"
"2011-07","British Columbia","2016A000259","Propane","Cubic metres","72","thousands","3","v18139","5.4","32.0","","","","1"
"2011-07","British Columbia","2016A000259","Butane","Cubic metres","72","thousands","3","v18144","5.5","28.8","","","","1"
"2011-07","British Columbia","2016A000259","Ethane","Cubic metres","72","thousands","3","v18149","5.6","74.0","","","","1"
"2011-07","British Columbia","2016A000259","Sulphur","Tonnes","288","units","0","v18154","5.7","73371","","","","0"
"2011-08","Canada","2016A000011124","Propane","Cubic metres","72","thousands","3","v18135","1.4","715.0","","","","1"
"2011-08","Canada","2016A000011124","Butane","Cubic metres","72","thousands","3","v18140","1.5","478.1","","","","1"
"2011-08","Canada","2016A000011124","Ethane","Cubic metres","72","thousands","3","v18145","1.6","1105.6","","","","1"
"2011-08","Canada","2016A000011124","Sulphur","Tonnes","288","units","0","v18150","1.7","515691","","","","0"
"2011-08","Nova Scotia","2016A000212","Propane","Cubic metres","72","thousands","3","v783740","6.4","20.1","","","","1"
"2011-08","Nova Scotia","2016A000212","Butane","Cubic metres","72","thousands","3","v783741","6.5","12.3","","","","1"
"2011-08","Saskatchewan","2016A000247","Propane","Cubic metres","72","thousands","3","v18137","3.4","2.8","","","","1"
"2011-08","Saskatchewan","2016A000247","Butane","Cubic metres","72","thousands","3","v18142","3.5","1.7","","","","1"
"2011-08","Saskatchewan","2016A000247","Ethane","Cubic metres","72","thousands","3","v18147","3.6","1.1","","","","1"
"2011-08","Alberta","2016A000248","Propane","Cubic metres","72","thousands","3","v18138","4.4","650.7","","","","1"
"2011-08","Alberta","2016A000248","Butane","Cubic metres","72","thousands","3","v18143","4.5","430.4","","","","1"
"2011-08","Alberta","2016A000248","Ethane","Cubic metres","72","thousands","3","v18148","4.6","1031.1","","","","1"
"2011-08","Alberta","2016A000248","Sulphur","Tonnes","288","units","0","v18153","4.7","443221","","","","0"
"2011-08","British Columbia","2016A000259","Propane","Cubic metres","72","thousands","3","v18139","5.4","41.4","","","","1"
"2011-08","British Columbia","2016A000259","Butane","Cubic metres","72","thousands","3","v18144","5.5","33.8","","","","1"
"2011-08","British Columbia","2016A000259","Ethane","Cubic metres","72","thousands","3","v18149","5.6","73.4","","","","1"
"2011-08","British Columbia","2016A000259","Sulphur","Tonnes","288","units","0","v18154","5.7","72470","","","","0"
"2011-09","Canada","2016A000011124","Propane","Cubic metres","72","thousands","3","v18135","1.4","670.0","","","","1"
"2011-09","Canada","2016A000011124","Butane","Cubic metres","72","thousands","3","v18140","1.5","452.1","","","","1"
"2011-09","Canada","2016A000011124","Ethane","Cubic metres","72","thousands","3","v18145","1.6","1103.5","","","","1"
"2011-09","Canada","2016A000011124","Sulphur","Tonnes","288","units","0","v18150","1.7","488998","","","","0"
"2011-09","Nova Scotia","2016A000212","Propane","Cubic metres","72","thousands","3","v783740","6.4","18.5","","","","1"
"2011-09","Nova Scotia","2016A000212","Butane","Cubic metres","72","thousands","3","v783741","6.5","10.7","","","","1"
"2011-09","Saskatchewan","2016A000247","Propane","Cubic metres","72","thousands","3","v18137","3.4","3.0","","","","1"
"2011-09","Saskatchewan","2016A000247","Butane","Cubic metres","72","thousands","3","v18142","3.5","1.7","","","","1"
"2011-09","Saskatchewan","2016A000247","Ethane","Cubic metres","72","thousands","3","v18147","3.6","0.5","","","","1"
"2011-09","Alberta","2016A000248","Propane","Cubic metres","72","thousands","3","v18138","4.4","608.0","","","","1"
"2011-09","Alberta","2016A000248","Butane","Cubic metres","72","thousands","3","v18143","4.5","406.7","","","","1"
"2011-09","Alberta","2016A000248","Ethane","Cubic metres","72","thousands","3","v18148","4.6","994.1","","","","1"
"2011-09","Alberta","2016A000248","Sulphur","Tonnes","288","units","0","v18153","4.7","422646","","","","0"
"2011-09","British Columbia","2016A000259","Propane","Cubic metres","72","thousands","3","v18139","5.4","40.5","","","","1"
"2011-09","British Columbia","2016A000259","Butane","Cubic metres","72","thousands","3","v18144","5.5","33.0","","","","1"
"2011-09","British Columbia","2016A000259","Ethane","Cubic metres","72","thousands","3","v18149","5.6","108.9","","","","1"
"2011-09","British Columbia","2016A000259","Sulphur","Tonnes","288","units","0","v18154","5.7","66352","","","","0"
"2011-10","Canada","2016A000011124","Propane","Cubic metres","72","thousands","3","v18135","1.4","713.7","","","","1"
"2011-10","Canada","2016A000011124","Butane","Cubic metres","72","thousands","3","v18140","1.5","448.5","","","","1"
"2011-10","Canada","2016A000011124","Ethane","Cubic metres","72","thousands","3","v18145","1.6","1175.0","","","","1"
"2011-10","Canada","2016A000011124","Sulphur","Tonnes","288","units","0","v18150","1.7","471012","","","","0"
"2011-10","Nova Scotia","2016A000212","Propane","Cubic metres","72","thousands","3","v783740","6.4","17.1","","","","1"
"2011-10","Nova Scotia","2016A000212","Butane","Cubic metres","72","thousands","3","v783741","6.5","10.3","","","","1"
"2011-10","Saskatchewan","2016A000247","Propane","Cubic metres","72","thousands","3","v18137","3.4","2.7","","","","1"
"2011-10","Saskatchewan","2016A000247","Butane","Cubic metres","72","thousands","3","v18142","3.5","1.6","","","","1"
"2011-10","Saskatchewan","2016A000247","Ethane","Cubic metres","72","thousands","3","v18147","3.6","2.4","","","","1"
"2011-10","Alberta","2016A000248","Propane","Cubic metres","72","thousands","3","v18138","4.4","648.6","","","","1"
"2011-10","Alberta","2016A000248","Butane","Cubic metres","72","thousands","3","v18143","4.5","401.9","","","","1"
"2011-10","Alberta","2016A000248","Ethane","Cubic metres","72","thousands","3","v18148","4.6","1063.6","","","","1"
"2011-10","Alberta","2016A000248","Sulphur","Tonnes","288","units","0","v18153","4.7","400333","","","","0"
"2011-10","British Columbia","2016A000259","Propane","Cubic metres","72","thousands","3","v18139","5.4","45.2","","","","1"
"2011-10","British Columbia","2016A000259","Butane","Cubic metres","72","thousands","3","v18144","5.5","34.7","","","","1"
"2011-10","British Columbia","2016A000259","Ethane","Cubic metres","72","thousands","3","v18149","5.6","109.0","","","","1"
"2011-10","British Columbia","2016A000259","Sulphur","Tonnes","288","units","0","v18154","5.7","70680","","","","0"
"2011-11","Canada","2016A000011124","Propane","Cubic metres","72","thousands","3","v18135","1.4","744.3","","","","1"
"2011-11","Canada","2016A000011124","Butane","Cubic metres","72","thousands","3","v18140","1.5","475.4","","","","1"
"2011-11","Canada","2016A000011124","Ethane","Cubic metres","72","thousands","3","v18145","1.6","1126.3","","","","1"
"2011-11","Canada","2016A000011124","Sulphur","Tonnes","288","units","0","v18150","1.7","462977","","","","0"
"2011-11","Nova Scotia","2016A000212","Propane","Cubic metres","72","thousands","3","v783740","6.4","16.4","","","","1"
"2011-11","Nova Scotia","2016A000212","Butane","Cubic metres","72","thousands","3","v783741","6.5","9.6","","","","1"
"2011-11","Saskatchewan","2016A000247","Propane","Cubic metres","72","thousands","3","v18137","3.4","1.9","","","","1"
"2011-11","Saskatchewan","2016A000247","Butane","Cubic metres","72","thousands","3","v18142","3.5","1.0","","","","1"
"2011-11","Saskatchewan","2016A000247","Ethane","Cubic metres","72","thousands","3","v18147","3.6","3.2","","","","1"
"2011-11","Alberta","2016A000248","Propane","Cubic metres","72","thousands","3","v18138","4.4","682.8","","","","1"
"2011-11","Alberta","2016A000248","Butane","Cubic metres","72","thousands","3","v18143","4.5","430.7","","","","1"
"2011-11","Alberta","2016A000248","Ethane","Cubic metres","72","thousands","3","v18148","4.6","1023.0","","","","1"
"2011-11","Alberta","2016A000248","Sulphur","Tonnes","288","units","0","v18153","4.7","393926","","","","0"
"2011-11","British Columbia","2016A000259","Propane","Cubic metres","72","thousands","3","v18139","5.4","43.3","","","","1"
"2011-11","British Columbia","2016A000259","Butane","Cubic metres","72","thousands","3","v18144","5.5","34.1","","","","1"
"2011-11","British Columbia","2016A000259","Ethane","Cubic metres","72","thousands","3","v18149","5.6","100.1","","","","1"
"2011-11","British Columbia","2016A000259","Sulphur","Tonnes","288","units","0","v18154","5.7","69052","","","","0"
"2011-12","Canada","2016A000011124","Propane","Cubic metres","72","thousands","3","v18135","1.4","913.6","","","","1"
"2011-12","Canada","2016A000011124","Butane","Cubic metres","72","thousands","3","v18140","1.5","537.6","","","","1"
"2011-12","Canada","2016A000011124","Ethane","Cubic metres","72","thousands","3","v18145","1.6","1304.6","","","","1"
"2011-12","Canada","2016A000011124","Sulphur","Tonnes","288","units","0","v18150","1.7","461936","","","","0"
"2011-12","Nova Scotia","2016A000212","Propane","Cubic metres","72","thousands","3","v783740","6.4","18.8","","","","1"
"2011-12","Nova Scotia","2016A000212","Butane","Cubic metres","72","thousands","3","v783741","6.5","11.1","","","","1"
"2011-12","Saskatchewan","2016A000247","Propane","Cubic metres","72","thousands","3","v18137","3.4","3.0","","","","1"
"2011-12","Saskatchewan","2016A000247","Butane","Cubic metres","72","thousands","3","v18142","3.5","1.7","","","","1"
"2011-12","Saskatchewan","2016A000247","Ethane","Cubic metres","72","thousands","3","v18147","3.6","3.6","","","","1"
"2011-12","Alberta","2016A000248","Propane","Cubic metres","72","thousands","3","v18138","4.4","826.6","","","","1"
"2011-12","Alberta","2016A000248","Butane","Cubic metres","72","thousands","3","v18143","4.5","483.4","","","","1"
"2011-12","Alberta","2016A000248","Ethane","Cubic metres","72","thousands","3","v18148","4.6","1203.4","","","","1"
"2011-12","Alberta","2016A000248","Sulphur","Tonnes","288","units","0","v18153","4.7","390777","","","","0"
"2011-12","British Columbia","2016A000259","Propane","Cubic metres","72","thousands","3","v18139","5.4","65.2","","","","1"
"2011-12","British Columbia","2016A000259","Butane","Cubic metres","72","thousands","3","v18144","5.5","41.5","","","","1"
"2011-12","British Columbia","2016A000259","Ethane","Cubic metres","72","thousands","3","v18149","5.6","97.6","","","","1"
"2011-12","British Columbia","2016A000259","Sulphur","Tonnes","288","units","0","v18154","5.7","71159","","","","0"
"2012-01","Canada","2016A000011124","Propane","Cubic metres","72","thousands","3","v18135","1.4","938.4","","r","","1"
"2012-01","Canada","2016A000011124","Butane","Cubic metres","72","thousands","3","v18140","1.5","538.3","","r","","1"
"2012-01","Canada","2016A000011124","Ethane","Cubic metres","72","thousands","3","v18145","1.6","1276.7","","r","","1"
"2012-01","Canada","2016A000011124","Sulphur","Tonnes","288","units","0","v18150","1.7","487028","","","","0"
"2012-01","Nova Scotia","2016A000212","Propane","Cubic metres","72","thousands","3","v783740","6.4","19.5","","","","1"
"2012-01","Nova Scotia","2016A000212","Butane","Cubic metres","72","thousands","3","v783741","6.5","10.8","","","","1"
"2012-01","Saskatchewan","2016A000247","Propane","Cubic metres","72","thousands","3","v18137","3.4","26.6","","r","","1"
"2012-01","Saskatchewan","2016A000247","Butane","Cubic metres","72","thousands","3","v18142","3.5","6.3","","r","","1"
"2012-01","Saskatchewan","2016A000247","Ethane","Cubic metres","72","thousands","3","v18147","3.6","5.8","","r","","1"
"2012-01","Alberta","2016A000248","Propane","Cubic metres","72","thousands","3","v18138","4.4","830.4","","","","1"
"2012-01","Alberta","2016A000248","Butane","Cubic metres","72","thousands","3","v18143","4.5","480.4","","","","1"
"2012-01","Alberta","2016A000248","Ethane","Cubic metres","72","thousands","3","v18148","4.6","1173.1","","","","1"
"2012-01","Alberta","2016A000248","Sulphur","Tonnes","288","units","0","v18153","4.7","424490","","","","0"
"2012-01","British Columbia","2016A000259","Propane","Cubic metres","72","thousands","3","v18139","5.4","61.9","","","","1"
"2012-01","British Columbia","2016A000259","Butane","Cubic metres","72","thousands","3","v18144","5.5","40.8","","","","1"
"2012-01","British Columbia","2016A000259","Ethane","Cubic metres","72","thousands","3","v18149","5.6","97.8","","","","1"
"2012-01","British Columbia","2016A000259","Sulphur","Tonnes","288","units","0","v18154","5.7","62538","","","","0"
"2012-02","Canada","2016A000011124","Propane","Cubic metres","72","thousands","3","v18135","1.4","856.3","","r","","1"
"2012-02","Canada","2016A000011124","Butane","Cubic metres","72","thousands","3","v18140","1.5","488.5","","r","","1"
"2012-02","Canada","2016A000011124","Ethane","Cubic metres","72","thousands","3","v18145","1.6","1221.0","","r","","1"
"2012-02","Canada","2016A000011124","Sulphur","Tonnes","288","units","0","v18150","1.7","458541","","","","0"
"2012-02","Nova Scotia","2016A000212","Propane","Cubic metres","72","thousands","3","v783740","6.4","16.1","","","","1"
"2012-02","Nova Scotia","2016A000212","Butane","Cubic metres","72","thousands","3","v783741","6.5","8.9","","","","1"
"2012-02","Saskatchewan","2016A000247","Propane","Cubic metres","72","thousands","3","v18137","3.4","25.9","","r","","1"
"2012-02","Saskatchewan","2016A000247","Butane","Cubic metres","72","thousands","3","v18142","3.5","5.9","","r","","1"
"2012-02","Saskatchewan","2016A000247","Ethane","Cubic metres","72","thousands","3","v18147","3.6","5.5","","r","","1"
"2012-02","Alberta","2016A000248","Propane","Cubic metres","72","thousands","3","v18138","4.4","757.2","","","","1"
"2012-02","Alberta","2016A000248","Butane","Cubic metres","72","thousands","3","v18143","4.5","435.4","","r","","1"
"2012-02","Alberta","2016A000248","Ethane","Cubic metres","72","thousands","3","v18148","4.6","1121.8","","","","1"
"2012-02","Alberta","2016A000248","Sulphur","Tonnes","288","units","0","v18153","4.7","394946","","r","","0"
"2012-02","British Columbia","2016A000259","Propane","Cubic metres","72","thousands","3","v18139","5.4","57.0","","","","1"
"2012-02","British Columbia","2016A000259","Butane","Cubic metres","72","thousands","3","v18144","5.5","38.3","","","","1"
"2012-02","British Columbia","2016A000259","Ethane","Cubic metres","72","thousands","3","v18149","5.6","93.7","","","","1"
"2012-02","British Columbia","2016A000259","Sulphur","Tonnes","288","units","0","v18154","5.7","63596","","","","0"
"2012-03","Canada","2016A000011124","Propane","Cubic metres","72","thousands","3","v18135","1.4","850.6","","r","","1"
"2012-03","Canada","2016A000011124","Butane","Cubic metres","72","thousands","3","v18140","1.5","497.9","","r","","1"
"2012-03","Canada","2016A000011124","Ethane","Cubic metres","72","thousands","3","v18145","1.6","1266.9","","r","","1"
"2012-03","Canada","2016A000011124","Sulphur","Tonnes","288","units","0","v18150","1.7","457351","","r","","0"
"2012-03","Nova Scotia","2016A000212","Propane","Cubic metres","72","thousands","3","v783740","6.4","19.8","","","","1"
"2012-03","Nova Scotia","2016A000212","Butane","Cubic metres","72","thousands","3","v783741","6.5","10.9","","","","1"
"2012-03","Saskatchewan","2016A000247","Propane","Cubic metres","72","thousands","3","v18137","3.4","27.9","","r","","1"
"2012-03","Saskatchewan","2016A000247","Butane","Cubic metres","72","thousands","3","v18142","3.5","6.3","","r","","1"
"2012-03","Saskatchewan","2016A000247","Ethane","Cubic metres","72","thousands","3","v18147","3.6","6.2","","r","","1"
"2012-03","Alberta","2016A000248","Propane","Cubic metres","72","thousands","3","v18138","4.4","742.8","","r","","1"
"2012-03","Alberta","2016A000248","Butane","Cubic metres","72","thousands","3","v18143","4.5","439.3","","r","","1"
"2012-03","Alberta","2016A000248","Ethane","Cubic metres","72","thousands","3","v18148","4.6","1161.3","","","","1"
"2012-03","Alberta","2016A000248","Sulphur","Tonnes","288","units","0","v18153","4.7","390843","","r","","0"
"2012-03","British Columbia","2016A000259","Propane","Cubic metres","72","thousands","3","v18139","5.4","60.1","","","","1"
"2012-03","British Columbia","2016A000259","Butane","Cubic metres","72","thousands","3","v18144","5.5","41.4","","","","1"
"2012-03","British Columbia","2016A000259","Ethane","Cubic metres","72","thousands","3","v18149","5.6","99.4","","","","1"
"2012-03","British Columbia","2016A000259","Sulphur","Tonnes","288","units","0","v18154","5.7","66508","","","","0"
"2012-04","Canada","2016A000011124","Propane","Cubic metres","72","thousands","3","v18135","1.4","879.4","","r","","1"
"2012-04","Canada","2016A000011124","Butane","Cubic metres","72","thousands","3","v18140","1.5","490.1","","r","","1"
"2012-04","Canada","2016A000011124","Ethane","Cubic metres","72","thousands","3","v18145","1.6","1173.0","","r","","1"
"2012-04","Canada","2016A000011124","Sulphur","Tonnes","288","units","0","v18150","1.7","450829","","","","0"
"2012-04","Nova Scotia","2016A000212","Propane","Cubic metres","72","thousands","3","v783740","6.4","13.2","","","","1"
"2012-04","Nova Scotia","2016A000212","Butane","Cubic metres","72","thousands","3","v783741","6.5","7.9","","","","1"
"2012-04","Saskatchewan","2016A000247","Propane","Cubic metres","72","thousands","3","v18137","3.4","28.7","","r","","1"
"2012-04","Saskatchewan","2016A000247","Butane","Cubic metres","72","thousands","3","v18142","3.5","6.9","","r","","1"
"2012-04","Saskatchewan","2016A000247","Ethane","Cubic metres","72","thousands","3","v18147","3.6","3.3","","r","","1"
"2012-04","Alberta","2016A000248","Propane","Cubic metres","72","thousands","3","v18138","4.4","782.6","","","","1"
"2012-04","Alberta","2016A000248","Butane","Cubic metres","72","thousands","3","v18143","4.5","435.7","","","","1"
"2012-04","Alberta","2016A000248","Ethane","Cubic metres","72","thousands","3","v18148","4.6","1100.1","","","","1"
"2012-04","Alberta","2016A000248","Sulphur","Tonnes","288","units","0","v18153","4.7","393090","","","","0"
"2012-04","British Columbia","2016A000259","Propane","Cubic metres","72","thousands","3","v18139","5.4","54.9","","","","1"
"2012-04","British Columbia","2016A000259","Butane","Cubic metres","72","thousands","3","v18144","5.5","39.6","","","","1"
"2012-04","British Columbia","2016A000259","Ethane","Cubic metres","72","thousands","3","v18149","5.6","69.6","","","","1"
"2012-04","British Columbia","2016A000259","Sulphur","Tonnes","288","units","0","v18154","5.7","57739","","","","0"
"2012-05","Canada","2016A000011124","Propane","Cubic metres","72","thousands","3","v18135","1.4","774.4","","r","","1"
"2012-05","Canada","2016A000011124","Butane","Cubic metres","72","thousands","3","v18140","1.5","476.6","","r","","1"
"2012-05","Canada","2016A000011124","Ethane","Cubic metres","72","thousands","3","v18145","1.6","918.9","","r","","1"
"2012-05","Canada","2016A000011124","Sulphur","Tonnes","288","units","0","v18150","1.7","426033","","","","0"
"2012-05","Nova Scotia","2016A000212","Propane","Cubic metres","72","thousands","3","v783740","6.4","15.6","","","","1"
"2012-05","Nova Scotia","2016A000212","Butane","Cubic metres","72","thousands","3","v783741","6.5","8.8","","","","1"
"2012-05","Saskatchewan","2016A000247","Propane","Cubic metres","72","thousands","3","v18137","3.4","28.4","","r","","1"
"2012-05","Saskatchewan","2016A000247","Butane","Cubic metres","72","thousands","3","v18142","3.5","7.7","","r","","1"
"2012-05","Saskatchewan","2016A000247","Ethane","Cubic metres","72","thousands","3","v18147","3.6","3.0","","r","","1"
"2012-05","Alberta","2016A000248","Propane","Cubic metres","72","thousands","3","v18138","4.4","677.4","","","","1"
"2012-05","Alberta","2016A000248","Butane","Cubic metres","72","thousands","3","v18143","4.5","421.0","","","","1"
"2012-05","Alberta","2016A000248","Ethane","Cubic metres","72","thousands","3","v18148","4.6","854.3","","","","1"
"2012-05","Alberta","2016A000248","Sulphur","Tonnes","288","units","0","v18153","4.7","365642","","","","0"
"2012-05","British Columbia","2016A000259","Propane","Cubic metres","72","thousands","3","v18139","5.4","53.0","","","","1"
"2012-05","British Columbia","2016A000259","Butane","Cubic metres","72","thousands","3","v18144","5.5","39.1","","","","1"
"2012-05","British Columbia","2016A000259","Ethane","Cubic metres","72","thousands","3","v18149","5.6","61.6","","","","1"
"2012-05","British Columbia","2016A000259","Sulphur","Tonnes","288","units","0","v18154","5.7","60390","","","","0"
"2012-06","Canada","2016A000011124","Propane","Cubic metres","72","thousands","3","v18135","1.4","649.9","","r","","1"
"2012-06","Canada","2016A000011124","Butane","Cubic metres","72","thousands","3","v18140","1.5","424.7","","r","","1"
"2012-06","Canada","2016A000011124","Ethane","Cubic metres","72","thousands","3","v18145","1.6","726.2","","r","","1"
"2012-06","Canada","2016A000011124","Sulphur","Tonnes","288","units","0","v18150","1.7","374061","","","","0"
"2012-06","Nova Scotia","2016A000212","Propane","Cubic metres","72","thousands","3","v783740","6.4","15.8","","","","1"
"2012-06","Nova Scotia","2016A000212","Butane","Cubic metres","72","thousands","3","v783741","6.5","8.8","","","","1"
"2012-06","Saskatchewan","2016A000247","Propane","Cubic metres","72","thousands","3","v18137","3.4","28.2","","r","","1"
"2012-06","Saskatchewan","2016A000247","Butane","Cubic metres","72","thousands","3","v18142","3.5","7.3","","r","","1"
"2012-06","Saskatchewan","2016A000247","Ethane","Cubic metres","72","thousands","3","v18147","3.6","3.6","","r","","1"
"2012-06","Alberta","2016A000248","Propane","Cubic metres","72","thousands","3","v18138","4.4","553.5","","","","1"
"2012-06","Alberta","2016A000248","Butane","Cubic metres","72","thousands","3","v18143","4.5","372.7","","","","1"
"2012-06","Alberta","2016A000248","Ethane","Cubic metres","72","thousands","3","v18148","4.6","658.9","","","","1"
"2012-06","Alberta","2016A000248","Sulphur","Tonnes","288","units","0","v18153","4.7","314933","","","","0"
"2012-06","British Columbia","2016A000259","Propane","Cubic metres","72","thousands","3","v18139","5.4","52.4","","","","1"
"2012-06","British Columbia","2016A000259","Butane","Cubic metres","72","thousands","3","v18144","5.5","35.9","","","","1"
"2012-06","British Columbia","2016A000259","Ethane","Cubic metres","72","thousands","3","v18149","5.6","63.7","","","","1"
"2012-06","British Columbia","2016A000259","Sulphur","Tonnes","288","units","0","v18154","5.7","59128","","","","0"
"2012-07","Canada","2016A000011124","Propane","Cubic metres","72","thousands","3","v18135","1.4","726.3","","r","","1"
"2012-07","Canada","2016A000011124","Butane","Cubic metres","72","thousands","3","v18140","1.5","432.3","","r","","1"
"2012-07","Canada","2016A000011124","Ethane","Cubic metres","72","thousands","3","v18145","1.6","1108.3","","r","","1"
"2012-07","Canada","2016A000011124","Sulphur","Tonnes","288","units","0","v18150","1.7","380525","","","","0"
"2012-07","Nova Scotia","2016A000212","Propane","Cubic metres","72","thousands","3","v783740","6.4","18.0","","","","1"
"2012-07","Nova Scotia","2016A000212","Butane","Cubic metres","72","thousands","3","v783741","6.5","10.5","","","","1"
"2012-07","Saskatchewan","2016A000247","Propane","Cubic metres","72","thousands","3","v18137","3.4","31.7","","r","","1"
"2012-07","Saskatchewan","2016A000247","Butane","Cubic metres","72","thousands","3","v18142","3.5","8.2","","r","","1"
"2012-07","Saskatchewan","2016A000247","Ethane","Cubic metres","72","thousands","3","v18147","3.6","3.8","","r","","1"
"2012-07","Alberta","2016A000248","Propane","Cubic metres","72","thousands","3","v18138","4.4","624.1","","","","1"
"2012-07","Alberta","2016A000248","Butane","Cubic metres","72","thousands","3","v18143","4.5","377.8","","","","1"
"2012-07","Alberta","2016A000248","Ethane","Cubic metres","72","thousands","3","v18148","4.6","1040.8","","","","1"
"2012-07","Alberta","2016A000248","Sulphur","Tonnes","288","units","0","v18153","4.7","321398","","","","0"
"2012-07","British Columbia","2016A000259","Propane","Cubic metres","72","thousands","3","v18139","5.4","52.4","","","","1"
"2012-07","British Columbia","2016A000259","Butane","Cubic metres","72","thousands","3","v18144","5.5","35.9","","","","1"
"2012-07","British Columbia","2016A000259","Ethane","Cubic metres","72","thousands","3","v18149","5.6","63.7","","","","1"
"2012-07","British Columbia","2016A000259","Sulphur","Tonnes","288","units","0","v18154","5.7","59128","","","","0"
"2012-08","Canada","2016A000011124","Propane","Cubic metres","72","thousands","3","v18135","1.4","767.9","","r","","1"
"2012-08","Canada","2016A000011124","Butane","Cubic metres","72","thousands","3","v18140","1.5","468.6","","r","","1"
"2012-08","Canada","2016A000011124","Ethane","Cubic metres","72","thousands","3","v18145","1.6","1134.1","","r","","1"
"2012-08","Canada","2016A000011124","Sulphur","Tonnes","288","units","0","v18150","1.7","421960","","","","0"
"2012-08","Nova Scotia","2016A000212","Propane","Cubic metres","72","thousands","3","v783740","6.4","17.1","","","","1"
"2012-08","Nova Scotia","2016A000212","Butane","Cubic metres","72","thousands","3","v783741","6.5","9.7","","","","1"
"2012-08","Saskatchewan","2016A000247","Propane","Cubic metres","72","thousands","3","v18137","3.4","30.6","","r","","1"
"2012-08","Saskatchewan","2016A000247","Butane","Cubic metres","72","thousands","3","v18142","3.5","8.4","","r","","1"
"2012-08","Saskatchewan","2016A000247","Ethane","Cubic metres","72","thousands","3","v18147","3.6","4.0","","r","","1"
"2012-08","Alberta","2016A000248","Propane","Cubic metres","72","thousands","3","v18138","4.4","666.3","","","","1"
"2012-08","Alberta","2016A000248","Butane","Cubic metres","72","thousands","3","v18143","4.5","412.8","","","","1"
"2012-08","Alberta","2016A000248","Ethane","Cubic metres","72","thousands","3","v18148","4.6","1048.1","","","","1"
"2012-08","Alberta","2016A000248","Sulphur","Tonnes","288","units","0","v18153","4.7","363162","","","","0"
"2012-08","British Columbia","2016A000259","Propane","Cubic metres","72","thousands","3","v18139","5.4","54.0","","","","1"
"2012-08","British Columbia","2016A000259","Butane","Cubic metres","72","thousands","3","v18144","5.5","37.7","","","","1"
"2012-08","British Columbia","2016A000259","Ethane","Cubic metres","72","thousands","3","v18149","5.6","82.0","","","","1"
"2012-08","British Columbia","2016A000259","Sulphur","Tonnes","288","units","0","v18154","5.7","58798","","","","0"
"2012-09","Canada","2016A000011124","Propane","Cubic metres","72","thousands","3","v18135","1.4","713.4","","r","","1"
"2012-09","Canada","2016A000011124","Butane","Cubic metres","72","thousands","3","v18140","1.5","427.1","","r","","1"
"2012-09","Canada","2016A000011124","Ethane","Cubic metres","72","thousands","3","v18145","1.6","1031.7","","r","","1"
"2012-09","Canada","2016A000011124","Sulphur","Tonnes","288","units","0","v18150","1.7","404427","","","","0"
"2012-09","Nova Scotia","2016A000212","Propane","Cubic metres","72","thousands","3","v783740","6.4","6.1","","","","1"
"2012-09","Nova Scotia","2016A000212","Butane","Cubic metres","72","thousands","3","v783741","6.5","3.8","","","","1"
"2012-09","Saskatchewan","2016A000247","Propane","Cubic metres","72","thousands","3","v18137","3.4","30.0","","r","","1"
"2012-09","Saskatchewan","2016A000247","Butane","Cubic metres","72","thousands","3","v18142","3.5","7.1","","r","","1"
"2012-09","Saskatchewan","2016A000247","Ethane","Cubic metres","72","thousands","3","v18147","3.6","4.0","","r","","1"
"2012-09","Alberta","2016A000248","Propane","Cubic metres","72","thousands","3","v18138","4.4","624.1","","","","1"
"2012-09","Alberta","2016A000248","Butane","Cubic metres","72","thousands","3","v18143","4.5","379.4","","","","1"
"2012-09","Alberta","2016A000248","Ethane","Cubic metres","72","thousands","3","v18148","4.6","953.2","","","","1"
"2012-09","Alberta","2016A000248","Sulphur","Tonnes","288","units","0","v18153","4.7","337118","","","","0"
"2012-09","British Columbia","2016A000259","Propane","Cubic metres","72","thousands","3","v18139","5.4","53.2","","","","1"
"2012-09","British Columbia","2016A000259","Butane","Cubic metres","72","thousands","3","v18144","5.5","36.8","","","","1"
"2012-09","British Columbia","2016A000259","Ethane","Cubic metres","72","thousands","3","v18149","5.6","74.5","","","","1"
"2012-09","British Columbia","2016A000259","Sulphur","Tonnes","288","units","0","v18154","5.7","67309","","","","0"
"2012-10","Canada","2016A000011124","Propane","Cubic metres","72","thousands","3","v18135","1.4","798.8","","r","","1"
"2012-10","Canada","2016A000011124","Butane","Cubic metres","72","thousands","3","v18140","1.5","489.4","","r","","1"
"2012-10","Canada","2016A000011124","Ethane","Cubic metres","72","thousands","3","v18145","1.6","1230.1","","r","","1"
"2012-10","Canada","2016A000011124","Sulphur","Tonnes","288","units","0","v18150","1.7","413507","","","","0"
"2012-10","Nova Scotia","2016A000212","Propane","Cubic metres","72","thousands","3","v783740","6.4","8.2","","","","1"
"2012-10","Nova Scotia","2016A000212","Butane","Cubic metres","72","thousands","3","v783741","6.5","4.5","","","","1"
"2012-10","Saskatchewan","2016A000247","Propane","Cubic metres","72","thousands","3","v18137","3.4","31.7","","r","","1"
"2012-10","Saskatchewan","2016A000247","Butane","Cubic metres","72","thousands","3","v18142","3.5","7.6","","r","","1"
"2012-10","Saskatchewan","2016A000247","Ethane","Cubic metres","72","thousands","3","v18147","3.6","3.9","","r","","1"
"2012-10","Alberta","2016A000248","Propane","Cubic metres","72","thousands","3","v18138","4.4","701.9","","","","1"
"2012-10","Alberta","2016A000248","Butane","Cubic metres","72","thousands","3","v18143","4.5","438.4","","","","1"
"2012-10","Alberta","2016A000248","Ethane","Cubic metres","72","thousands","3","v18148","4.6","1138.4","","","","1"
"2012-10","Alberta","2016A000248","Sulphur","Tonnes","288","units","0","v18153","4.7","345227","","","","0"
"2012-10","British Columbia","2016A000259","Propane","Cubic metres","72","thousands","3","v18139","5.4","57.0","","","","1"
"2012-10","British Columbia","2016A000259","Butane","Cubic metres","72","thousands","3","v18144","5.5","38.9","","","","1"
"2012-10","British Columbia","2016A000259","Ethane","Cubic metres","72","thousands","3","v18149","5.6","87.8","","","","1"
"2012-10","British Columbia","2016A000259","Sulphur","Tonnes","288","units","0","v18154","5.7","68280","","","","0"
"2012-11","Canada","2016A000011124","Propane","Cubic metres","72","thousands","3","v18135","1.4","852.7","","r","","1"
"2012-11","Canada","2016A000011124","Butane","Cubic metres","72","thousands","3","v18140","1.5","508.0","","r","","1"
"2012-11","Canada","2016A000011124","Ethane","Cubic metres","72","thousands","3","v18145","1.6","1106.8","","r","","1"
"2012-11","Canada","2016A000011124","Sulphur","Tonnes","288","units","0","v18150","1.7","422854","","","","0"
"2012-11","Nova Scotia","2016A000212","Propane","Cubic metres","72","thousands","3","v783740","6.4","1.0","","","","1"
"2012-11","Nova Scotia","2016A000212","Butane","Cubic metres","72","thousands","3","v783741","6.5","0.3","","","","1"
"2012-11","Saskatchewan","2016A000247","Propane","Cubic metres","72","thousands","3","v18137","3.4","31.0","","r","","1"
"2012-11","Saskatchewan","2016A000247","Butane","Cubic metres","72","thousands","3","v18142","3.5","7.7","","r","","1"
"2012-11","Saskatchewan","2016A000247","Ethane","Cubic metres","72","thousands","3","v18147","3.6","3.5","","r","","1"
"2012-11","Alberta","2016A000248","Propane","Cubic metres","72","thousands","3","v18138","4.4","768.6","","","","1"
"2012-11","Alberta","2016A000248","Butane","Cubic metres","72","thousands","3","v18143","4.5","463.1","","","","1"
"2012-11","Alberta","2016A000248","Ethane","Cubic metres","72","thousands","3","v18148","4.6","1028.5","","","","1"
"2012-11","Alberta","2016A000248","Sulphur","Tonnes","288","units","0","v18153","4.7","356568","","","","0"
"2012-11","British Columbia","2016A000259","Propane","Cubic metres","72","thousands","3","v18139","5.4","52.1","","","","1"
"2012-11","British Columbia","2016A000259","Butane","Cubic metres","72","thousands","3","v18144","5.5","36.9","","","","1"
"2012-11","British Columbia","2016A000259","Ethane","Cubic metres","72","thousands","3","v18149","5.6","74.7","","","","1"
"2012-11","British Columbia","2016A000259","Sulphur","Tonnes","288","units","0","v18154","5.7","66286","","","","0"
"2012-12","Canada","2016A000011124","Propane","Cubic metres","72","thousands","3","v18135","1.4","874.8","","r","","1"
"2012-12","Canada","2016A000011124","Butane","Cubic metres","72","thousands","3","v18140","1.5","532.5","","r","","1"
"2012-12","Canada","2016A000011124","Ethane","Cubic metres","72","thousands","3","v18145","1.6","1271.9","","r","","1"
"2012-12","Canada","2016A000011124","Sulphur","Tonnes","288","units","0","v18150","1.7","421971","","","","0"
"2012-12","Nova Scotia","2016A000212","Propane","Cubic metres","72","thousands","3","v783740","6.4","0.9","","","","1"
"2012-12","Nova Scotia","2016A000212","Butane","Cubic metres","72","thousands","3","v783741","6.5","0.3","","","","1"
"2012-12","Saskatchewan","2016A000247","Propane","Cubic metres","72","thousands","3","v18137","3.4","30.4","","r","","1"
"2012-12","Saskatchewan","2016A000247","Butane","Cubic metres","72","thousands","3","v18142","3.5","7.2","","r","","1"
"2012-12","Saskatchewan","2016A000247","Ethane","Cubic metres","72","thousands","3","v18147","3.6","3.7","","r","","1"
"2012-12","Alberta","2016A000248","Propane","Cubic metres","72","thousands","3","v18138","4.4","787.7","","","","1"
"2012-12","Alberta","2016A000248","Butane","Cubic metres","72","thousands","3","v18143","4.5","486.9","","","","1"
"2012-12","Alberta","2016A000248","Ethane","Cubic metres","72","thousands","3","v18148","4.6","1182.5","","","","1"
"2012-12","Alberta","2016A000248","Sulphur","Tonnes","288","units","0","v18153","4.7","354203","","","","0"
"2012-12","British Columbia","2016A000259","Propane","Cubic metres","72","thousands","3","v18139","5.4","55.8","","","","1"
"2012-12","British Columbia","2016A000259","Butane","Cubic metres","72","thousands","3","v18144","5.5","38.0","","","","1"
"2012-12","British Columbia","2016A000259","Ethane","Cubic metres","72","thousands","3","v18149","5.6","85.8","","","","1"
"2012-12","British Columbia","2016A000259","Sulphur","Tonnes","288","units","0","v18154","5.7","67768","","","","0"
"2013-01","Canada","2016A000011124","Propane","Cubic metres","72","thousands","3","v18135","1.4","928.6","","r","","1"
"2013-01","Canada","2016A000011124","Butane","Cubic metres","72","thousands","3","v18140","1.5","522.6","","r","","1"
"2013-01","Canada","2016A000011124","Ethane","Cubic metres","72","thousands","3","v18145","1.6","1301.0","","r","","1"
"2013-01","Canada","2016A000011124","Sulphur","Tonnes","288","units","0","v18150","1.7","478291","","","","0"
"2013-01","Nova Scotia","2016A000212","Propane","Cubic metres","72","thousands","3","v783740","6.4","9.7","","","","1"
"2013-01","Nova Scotia","2016A000212","Butane","Cubic metres","72","thousands","3","v783741","6.5","5.7","","","","1"
"2013-01","Saskatchewan","2016A000247","Propane","Cubic metres","72","thousands","3","v18137","3.4","29.8","","r","","1"
"2013-01","Saskatchewan","2016A000247","Butane","Cubic metres","72","thousands","3","v18142","3.5","8.0","","r","","1"
"2013-01","Saskatchewan","2016A000247","Ethane","Cubic metres","72","thousands","3","v18147","3.6","3.6","","r","","1"
"2013-01","Alberta","2016A000248","Propane","Cubic metres","72","thousands","3","v18138","4.4","833.0","","","","1"
"2013-01","Alberta","2016A000248","Butane","Cubic metres","72","thousands","3","v18143","4.5","469.4","","","","1"
"2013-01","Alberta","2016A000248","Ethane","Cubic metres","72","thousands","3","v18148","4.6","1209.6","","","","1"
"2013-01","Alberta","2016A000248","Sulphur","Tonnes","288","units","0","v18153","4.7","411355","","","","0"
"2013-01","British Columbia","2016A000259","Propane","Cubic metres","72","thousands","3","v18139","5.4","56.2","","","","1"
"2013-01","British Columbia","2016A000259","Butane","Cubic metres","72","thousands","3","v18144","5.5","39.6","","","","1"
"2013-01","British Columbia","2016A000259","Ethane","Cubic metres","72","thousands","3","v18149","5.6","87.9","","","","1"
"2013-01","British Columbia","2016A000259","Sulphur","Tonnes","288","units","0","v18154","5.7","66936","","","","0"
"2013-02","Canada","2016A000011124","Propane","Cubic metres","72","thousands","3","v18135","1.4","825.0","","r","","1"
"2013-02","Canada","2016A000011124","Butane","Cubic metres","72","thousands","3","v18140","1.5","486.9","","r","","1"
"2013-02","Canada","2016A000011124","Ethane","Cubic metres","72","thousands","3","v18145","1.6","1200.9","","r","","1"
"2013-02","Canada","2016A000011124","Sulphur","Tonnes","288","units","0","v18150","1.7","423796","","","","0"
"2013-02","Nova Scotia","2016A000212","Propane","Cubic metres","72","thousands","3","v783740","6.4","8.7","","","","1"
"2013-02","Nova Scotia","2016A000212","Butane","Cubic metres","72","thousands","3","v783741","6.5","5.1","","","","1"
"2013-02","Saskatchewan","2016A000247","Propane","Cubic metres","72","thousands","3","v18137","3.4","27.7","","r","","1"
"2013-02","Saskatchewan","2016A000247","Butane","Cubic metres","72","thousands","3","v18142","3.5","7.2","","r","","1"
"2013-02","Saskatchewan","2016A000247","Ethane","Cubic metres","72","thousands","3","v18147","3.6","3.4","","r","","1"
"2013-02","Alberta","2016A000248","Propane","Cubic metres","72","thousands","3","v18138","4.4","740.5","","","","1"
"2013-02","Alberta","2016A000248","Butane","Cubic metres","72","thousands","3","v18143","4.5","437.7","","","","1"
"2013-02","Alberta","2016A000248","Ethane","Cubic metres","72","thousands","3","v18148","4.6","1121.3","","","","1"
"2013-02","Alberta","2016A000248","Sulphur","Tonnes","288","units","0","v18153","4.7","363897","","","","0"
"2013-02","British Columbia","2016A000259","Propane","Cubic metres","72","thousands","3","v18139","5.4","48.2","","","","1"
"2013-02","British Columbia","2016A000259","Butane","Cubic metres","72","thousands","3","v18144","5.5","37.0","","","","1"
"2013-02","British Columbia","2016A000259","Ethane","Cubic metres","72","thousands","3","v18149","5.6","76.2","","","","1"
"2013-02","British Columbia","2016A000259","Sulphur","Tonnes","288","units","0","v18154","5.7","59899","","","","0"
"2013-03","Canada","2016A000011124","Propane","Cubic metres","72","thousands","3","v18135","1.4","855.1","","r","","1"
"2013-03","Canada","2016A000011124","Butane","Cubic metres","72","thousands","3","v18140","1.5","521.3","","r","","1"
"2013-03","Canada","2016A000011124","Ethane","Cubic metres","72","thousands","3","v18145","1.6","1220.2","","r","","1"
"2013-03","Canada","2016A000011124","Sulphur","Tonnes","288","units","0","v18150","1.7","468402","","","","0"
"2013-03","Nova Scotia","2016A000212","Propane","Cubic metres","72","thousands","3","v783740","6.4","","x","","","1"
"2013-03","Nova Scotia","2016A000212","Butane","Cubic metres","72","thousands","3","v783741","6.5","","x","","","1"
"2013-03","Saskatchewan","2016A000247","Propane","Cubic metres","72","thousands","3","v18137","3.4","","x","r","","1"
"2013-03","Saskatchewan","2016A000247","Butane","Cubic metres","72","thousands","3","v18142","3.5","","x","r","","1"
"2013-03","Saskatchewan","2016A000247","Ethane","Cubic metres","72","thousands","3","v18147","3.6","","x","r","","1"
"2013-03","Alberta","2016A000248","Propane","Cubic metres","72","thousands","3","v18138","4.4","759.6","","","","1"
"2013-03","Alberta","2016A000248","Butane","Cubic metres","72","thousands","3","v18143","4.5","468.9","","","","1"
"2013-03","Alberta","2016A000248","Ethane","Cubic metres","72","thousands","3","v18148","4.6","1132.3","","","","1"
"2013-03","Alberta","2016A000248","Sulphur","Tonnes","288","units","0","v18153","4.7","","x","","","0"
"2013-03","British Columbia","2016A000259","Propane","Cubic metres","72","thousands","3","v18139","5.4","","x","","","1"
"2013-03","British Columbia","2016A000259","Butane","Cubic metres","72","thousands","3","v18144","5.5","","x","","","1"
"2013-03","British Columbia","2016A000259","Ethane","Cubic metres","72","thousands","3","v18149","5.6","","x","","","1"
"2013-03","British Columbia","2016A000259","Sulphur","Tonnes","288","units","0","v18154","5.7","","x","","","0"
"2013-04","Canada","2016A000011124","Propane","Cubic metres","72","thousands","3","v18135","1.4","799.6","","r","","1"
"2013-04","Canada","2016A000011124","Butane","Cubic metres","72","thousands","3","v18140","1.5","475.6","","r","","1"
"2013-04","Canada","2016A000011124","Ethane","Cubic metres","72","thousands","3","v18145","1.6","1204.7","","r","","1"
"2013-04","Canada","2016A000011124","Sulphur","Tonnes","288","units","0","v18150","1.7","424963","","","","0"
"2013-04","Nova Scotia","2016A000212","Propane","Cubic metres","72","thousands","3","v783740","6.4","","x","","","1"
"2013-04","Nova Scotia","2016A000212","Butane","Cubic metres","72","thousands","3","v783741","6.5","","x","","","1"
"2013-04","Saskatchewan","2016A000247","Propane","Cubic metres","72","thousands","3","v18137","3.4","","x","r","","1"
"2013-04","Saskatchewan","2016A000247","Butane","Cubic metres","72","thousands","3","v18142","3.5","","x","r","","1"
"2013-04","Saskatchewan","2016A000247","Ethane","Cubic metres","72","thousands","3","v18147","3.6","","x","r","","1"
"2013-04","Alberta","2016A000248","Propane","Cubic metres","72","thousands","3","v18138","4.4","703.9","","","","1"
"2013-04","Alberta","2016A000248","Butane","Cubic metres","72","thousands","3","v18143","4.5","422.9","","","","1"
"2013-04","Alberta","2016A000248","Ethane","Cubic metres","72","thousands","3","v18148","4.6","1110.7","","","","1"
"2013-04","Alberta","2016A000248","Sulphur","Tonnes","288","units","0","v18153","4.7","","x","","","0"
"2013-04","British Columbia","2016A000259","Propane","Cubic metres","72","thousands","3","v18139","5.4","","x","","","1"
"2013-04","British Columbia","2016A000259","Butane","Cubic metres","72","thousands","3","v18144","5.5","","x","","","1"
"2013-04","British Columbia","2016A000259","Ethane","Cubic metres","72","thousands","3","v18149","5.6","","x","","","1"
"2013-04","British Columbia","2016A000259","Sulphur","Tonnes","288","units","0","v18154","5.7","","x","","","0"
"2013-05","Canada","2016A000011124","Propane","Cubic metres","72","thousands","3","v18135","1.4","792.9","","r","","1"
"2013-05","Canada","2016A000011124","Butane","Cubic metres","72","thousands","3","v18140","1.5","470.5","","r","","1"
"2013-05","Canada","2016A000011124","Ethane","Cubic metres","72","thousands","3","v18145","1.6","1047.4","","r","","1"
"2013-05","Canada","2016A000011124","Sulphur","Tonnes","288","units","0","v18150","1.7","414462","","","","0"
"2013-05","Nova Scotia","2016A000212","Propane","Cubic metres","72","thousands","3","v783740","6.4","","x","","","1"
"2013-05","Nova Scotia","2016A000212","Butane","Cubic metres","72","thousands","3","v783741","6.5","","x","","","1"
"2013-05","Saskatchewan","2016A000247","Propane","Cubic metres","72","thousands","3","v18137","3.4","","x","r","","1"
"2013-05","Saskatchewan","2016A000247","Butane","Cubic metres","72","thousands","3","v18142","3.5","","x","r","","1"
"2013-05","Saskatchewan","2016A000247","Ethane","Cubic metres","72","thousands","3","v18147","3.6","","x","r","","1"
"2013-05","Alberta","2016A000248","Propane","Cubic metres","72","thousands","3","v18138","4.4","697.0","","","","1"
"2013-05","Alberta","2016A000248","Butane","Cubic metres","72","thousands","3","v18143","4.5","418.3","","","","1"
"2013-05","Alberta","2016A000248","Ethane","Cubic metres","72","thousands","3","v18148","4.6","961.8","","","","1"
"2013-05","Alberta","2016A000248","Sulphur","Tonnes","288","units","0","v18153","4.7","","x","","","0"
"2013-05","British Columbia","2016A000259","Propane","Cubic metres","72","thousands","3","v18139","5.4","","x","","","1"
"2013-05","British Columbia","2016A000259","Butane","Cubic metres","72","thousands","3","v18144","5.5","","x","","","1"
"2013-05","British Columbia","2016A000259","Ethane","Cubic metres","72","thousands","3","v18149","5.6","","x","","","1"
"2013-05","British Columbia","2016A000259","Sulphur","Tonnes","288","units","0","v18154","5.7","","x","","","0"
"2013-06","Canada","2016A000011124","Propane","Cubic metres","72","thousands","3","v18135","1.4","785.7","","r","","1"
"2013-06","Canada","2016A000011124","Butane","Cubic metres","72","thousands","3","v18140","1.5","498.0","","r","","1"
"2013-06","Canada","2016A000011124","Ethane","Cubic metres","72","thousands","3","v18145","1.6","1097.4","","r","","1"
"2013-06","Canada","2016A000011124","Sulphur","Tonnes","288","units","0","v18150","1.7","412502","","","","0"
"2013-06","Nova Scotia","2016A000212","Propane","Cubic metres","72","thousands","3","v783740","6.4","","x","","","1"
"2013-06","Nova Scotia","2016A000212","Butane","Cubic metres","72","thousands","3","v783741","6.5","","x","","","1"
"2013-06","Saskatchewan","2016A000247","Propane","Cubic metres","72","thousands","3","v18137","3.4","","x","r","","1"
"2013-06","Saskatchewan","2016A000247","Butane","Cubic metres","72","thousands","3","v18142","3.5","","x","r","","1"
"2013-06","Saskatchewan","2016A000247","Ethane","Cubic metres","72","thousands","3","v18147","3.6","","x","r","","1"
"2013-06","Alberta","2016A000248","Propane","Cubic metres","72","thousands","3","v18138","4.4","689.6","","","","1"
"2013-06","Alberta","2016A000248","Butane","Cubic metres","72","thousands","3","v18143","4.5","444.5","","","","1"
"2013-06","Alberta","2016A000248","Ethane","Cubic metres","72","thousands","3","v18148","4.6","1005.6","","","","1"
"2013-06","Alberta","2016A000248","Sulphur","Tonnes","288","units","0","v18153","4.7","","x","","","0"
"2013-06","British Columbia","2016A000259","Propane","Cubic metres","72","thousands","3","v18139","5.4","","x","","","1"
"2013-06","British Columbia","2016A000259","Butane","Cubic metres","72","thousands","3","v18144","5.5","","x","","","1"
"2013-06","British Columbia","2016A000259","Ethane","Cubic metres","72","thousands","3","v18149","5.6","","x","","","1"
"2013-06","British Columbia","2016A000259","Sulphur","Tonnes","288","units","0","v18154","5.7","","x","","","0"
"2013-07","Canada","2016A000011124","Propane","Cubic metres","72","thousands","3","v18135","1.4","808.0","","r","","1"
"2013-07","Canada","2016A000011124","Butane","Cubic metres","72","thousands","3","v18140","1.5","494.8","","r","","1"
"2013-07","Canada","2016A000011124","Ethane","Cubic metres","72","thousands","3","v18145","1.6","1139.5","","r","","1"
"2013-07","Canada","2016A000011124","Sulphur","Tonnes","288","units","0","v18150","1.7","435694","","","","0"
"2013-07","Nova Scotia","2016A000212","Propane","Cubic metres","72","thousands","3","v783740","6.4","","x","","","1"
"2013-07","Nova Scotia","2016A000212","Butane","Cubic metres","72","thousands","3","v783741","6.5","","x","","","1"
"2013-07","Saskatchewan","2016A000247","Propane","Cubic metres","72","thousands","3","v18137","3.4","","x","r","","1"
"2013-07","Saskatchewan","2016A000247","Butane","Cubic metres","72","thousands","3","v18142","3.5","","x","r","","1"
"2013-07","Saskatchewan","2016A000247","Ethane","Cubic metres","72","thousands","3","v18147","3.6","","x","r","","1"
"2013-07","Alberta","2016A000248","Propane","Cubic metres","72","thousands","3","v18138","4.4","705.8","","","","1"
"2013-07","Alberta","2016A000248","Butane","Cubic metres","72","thousands","3","v18143","4.5","437.4","","","","1"
"2013-07","Alberta","2016A000248","Ethane","Cubic metres","72","thousands","3","v18148","4.6","1047.2","","","","1"
"2013-07","Alberta","2016A000248","Sulphur","Tonnes","288","units","0","v18153","4.7","","x","","","0"
"2013-07","British Columbia","2016A000259","Propane","Cubic metres","72","thousands","3","v18139","5.4","","x","","","1"
"2013-07","British Columbia","2016A000259","Butane","Cubic metres","72","thousands","3","v18144","5.5","","x","","","1"
"2013-07","British Columbia","2016A000259","Ethane","Cubic metres","72","thousands","3","v18149","5.6","","x","","","1"
"2013-07","British Columbia","2016A000259","Sulphur","Tonnes","288","units","0","v18154","5.7","","x","","","0"
"2013-08","Canada","2016A000011124","Propane","Cubic metres","72","thousands","3","v18135","1.4","856.5","","r","","1"
"2013-08","Canada","2016A000011124","Butane","Cubic metres","72","thousands","3","v18140","1.5","515.8","","r","","1"
"2013-08","Canada","2016A000011124","Ethane","Cubic metres","72","thousands","3","v18145","1.6","1122.3","","r","","1"
"2013-08","Canada","2016A000011124","Sulphur","Tonnes","288","units","0","v18150","1.7","441010","","","","0"
"2013-08","Nova Scotia","2016A000212","Propane","Cubic metres","72","thousands","3","v783740","6.4","","x","r","","1"
"2013-08","Nova Scotia","2016A000212","Butane","Cubic metres","72","thousands","3","v783741","6.5","","x","r","","1"
"2013-08","Saskatchewan","2016A000247","Propane","Cubic metres","72","thousands","3","v18137","3.4","","x","r","","1"
"2013-08","Saskatchewan","2016A000247","Butane","Cubic metres","72","thousands","3","v18142","3.5","","x","r","","1"
"2013-08","Saskatchewan","2016A000247","Ethane","Cubic metres","72","thousands","3","v18147","3.6","","x","r","","1"
"2013-08","Alberta","2016A000248","Propane","Cubic metres","72","thousands","3","v18138","4.4","752.3","","","","1"
"2013-08","Alberta","2016A000248","Butane","Cubic metres","72","thousands","3","v18143","4.5","453.0","","","","1"
"2013-08","Alberta","2016A000248","Ethane","Cubic metres","72","thousands","3","v18148","4.6","1029.7","","","","1"
"2013-08","Alberta","2016A000248","Sulphur","Tonnes","288","units","0","v18153","4.7","","x","","","0"
"2013-08","British Columbia","2016A000259","Propane","Cubic metres","72","thousands","3","v18139","5.4","","x","","","1"
"2013-08","British Columbia","2016A000259","Butane","Cubic metres","72","thousands","3","v18144","5.5","","x","","","1"
"2013-08","British Columbia","2016A000259","Ethane","Cubic metres","72","thousands","3","v18149","5.6","","x","","","1"
"2013-08","British Columbia","2016A000259","Sulphur","Tonnes","288","units","0","v18154","5.7","","x","","","0"
"2013-09","Canada","2016A000011124","Propane","Cubic metres","72","thousands","3","v18135","1.4","801.4","","r","","1"
"2013-09","Canada","2016A000011124","Butane","Cubic metres","72","thousands","3","v18140","1.5","466.3","","r","","1"
"2013-09","Canada","2016A000011124","Ethane","Cubic metres","72","thousands","3","v18145","1.6","1069.2","","r","","1"
"2013-09","Canada","2016A000011124","Sulphur","Tonnes","288","units","0","v18150","1.7","407827","","","","0"
"2013-09","Nova Scotia","2016A000212","Propane","Cubic metres","72","thousands","3","v783740","6.4","","x","r","","1"
"2013-09","Nova Scotia","2016A000212","Butane","Cubic metres","72","thousands","3","v783741","6.5","","x","r","","1"
"2013-09","Saskatchewan","2016A000247","Propane","Cubic metres","72","thousands","3","v18137","3.4","","x","r","","1"
"2013-09","Saskatchewan","2016A000247","Butane","Cubic metres","72","thousands","3","v18142","3.5","","x","r","","1"
"2013-09","Saskatchewan","2016A000247","Ethane","Cubic metres","72","thousands","3","v18147","3.6","","x","r","","1"
"2013-09","Alberta","2016A000248","Propane","Cubic metres","72","thousands","3","v18138","4.4","694.6","","","","1"
"2013-09","Alberta","2016A000248","Butane","Cubic metres","72","thousands","3","v18143","4.5","405.2","","","","1"
"2013-09","Alberta","2016A000248","Ethane","Cubic metres","72","thousands","3","v18148","4.6","973.2","","","","1"
"2013-09","Alberta","2016A000248","Sulphur","Tonnes","288","units","0","v18153","4.7","","x","","","0"
"2013-09","British Columbia","2016A000259","Propane","Cubic metres","72","thousands","3","v18139","5.4","","x","","","1"
"2013-09","British Columbia","2016A000259","Butane","Cubic metres","72","thousands","3","v18144","5.5","","x","","","1"
"2013-09","British Columbia","2016A000259","Ethane","Cubic metres","72","thousands","3","v18149","5.6","","x","","","1"
"2013-09","British Columbia","2016A000259","Sulphur","Tonnes","288","units","0","v18154","5.7","","x","","","0"
"2013-10","Canada","2016A000011124","Propane","Cubic metres","72","thousands","3","v18135","1.4","826.3","","r","","1"
"2013-10","Canada","2016A000011124","Butane","Cubic metres","72","thousands","3","v18140","1.5","462.2","","r","","1"
"2013-10","Canada","2016A000011124","Ethane","Cubic metres","72","thousands","3","v18145","1.6","1181.4","","r","","1"
"2013-10","Canada","2016A000011124","Sulphur","Tonnes","288","units","0","v18150","1.7","426260","","","","0"
"2013-10","Nova Scotia","2016A000212","Propane","Cubic metres","72","thousands","3","v783740","6.4","","x","r","","1"
"2013-10","Nova Scotia","2016A000212","Butane","Cubic metres","72","thousands","3","v783741","6.5","","x","r","","1"
"2013-10","Saskatchewan","2016A000247","Propane","Cubic metres","72","thousands","3","v18137","3.4","","x","r","","1"
"2013-10","Saskatchewan","2016A000247","Butane","Cubic metres","72","thousands","3","v18142","3.5","","x","r","","1"
"2013-10","Saskatchewan","2016A000247","Ethane","Cubic metres","72","thousands","3","v18147","3.6","","x","r","","1"
"2013-10","Alberta","2016A000248","Propane","Cubic metres","72","thousands","3","v18138","4.4","719.8","","","","1"
"2013-10","Alberta","2016A000248","Butane","Cubic metres","72","thousands","3","v18143","4.5","399.2","","","","1"
"2013-10","Alberta","2016A000248","Ethane","Cubic metres","72","thousands","3","v18148","4.6","1092.8","","","","1"
"2013-10","Alberta","2016A000248","Sulphur","Tonnes","288","units","0","v18153","4.7","","x","","","0"
"2013-10","British Columbia","2016A000259","Propane","Cubic metres","72","thousands","3","v18139","5.4","","x","","","1"
"2013-10","British Columbia","2016A000259","Butane","Cubic metres","72","thousands","3","v18144","5.5","","x","","","1"
"2013-10","British Columbia","2016A000259","Ethane","Cubic metres","72","thousands","3","v18149","5.6","","x","","","1"
"2013-10","British Columbia","2016A000259","Sulphur","Tonnes","288","units","0","v18154","5.7","","x","","","0"
"2013-11","Canada","2016A000011124","Propane","Cubic metres","72","thousands","3","v18135","1.4","845.4","","r","","1"
"2013-11","Canada","2016A000011124","Butane","Cubic metres","72","thousands","3","v18140","1.5","516.8","","r","","1"
"2013-11","Canada","2016A000011124","Ethane","Cubic metres","72","thousands","3","v18145","1.6","1261.1","","r","","1"
"2013-11","Canada","2016A000011124","Sulphur","Tonnes","288","units","0","v18150","1.7","428820","","","","0"
"2013-11","Nova Scotia","2016A000212","Propane","Cubic metres","72","thousands","3","v783740","6.4","","x","r","","1"
"2013-11","Nova Scotia","2016A000212","Butane","Cubic metres","72","thousands","3","v783741","6.5","","x","r","","1"
"2013-11","Saskatchewan","2016A000247","Propane","Cubic metres","72","thousands","3","v18137","3.4","","x","r","","1"
"2013-11","Saskatchewan","2016A000247","Butane","Cubic metres","72","thousands","3","v18142","3.5","","x","r","","1"
"2013-11","Saskatchewan","2016A000247","Ethane","Cubic metres","72","thousands","3","v18147","3.6","","x","r","","1"
"2013-11","Alberta","2016A000248","Propane","Cubic metres","72","thousands","3","v18138","4.4","745.9","","","","1"
"2013-11","Alberta","2016A000248","Butane","Cubic metres","72","thousands","3","v18143","4.5","458.8","","","","1"
"2013-11","Alberta","2016A000248","Ethane","Cubic metres","72","thousands","3","v18148","4.6","1178.0","","","","1"
"2013-11","Alberta","2016A000248","Sulphur","Tonnes","288","units","0","v18153","4.7","","x","","","0"
"2013-11","British Columbia","2016A000259","Propane","Cubic metres","72","thousands","3","v18139","5.4","","x","","","1"
"2013-11","British Columbia","2016A000259","Butane","Cubic metres","72","thousands","3","v18144","5.5","","x","","","1"
"2013-11","British Columbia","2016A000259","Ethane","Cubic metres","72","thousands","3","v18149","5.6","","x","","","1"
"2013-11","British Columbia","2016A000259","Sulphur","Tonnes","288","units","0","v18154","5.7","","x","","","0"
"2013-12","Canada","2016A000011124","Propane","Cubic metres","72","thousands","3","v18135","1.4","887.1","","r","","1"
"2013-12","Canada","2016A000011124","Butane","Cubic metres","72","thousands","3","v18140","1.5","508.1","","r","","1"
"2013-12","Canada","2016A000011124","Ethane","Cubic metres","72","thousands","3","v18145","1.6","1349.7","","r","","1"
"2013-12","Canada","2016A000011124","Sulphur","Tonnes","288","units","0","v18150","1.7","446452","","","","0"
"2013-12","Nova Scotia","2016A000212","Propane","Cubic metres","72","thousands","3","v783740","6.4","","x","r","","1"
"2013-12","Nova Scotia","2016A000212","Butane","Cubic metres","72","thousands","3","v783741","6.5","","x","r","","1"
"2013-12","Saskatchewan","2016A000247","Propane","Cubic metres","72","thousands","3","v18137","3.4","","x","r","","1"
"2013-12","Saskatchewan","2016A000247","Butane","Cubic metres","72","thousands","3","v18142","3.5","","x","r","","1"
"2013-12","Saskatchewan","2016A000247","Ethane","Cubic metres","72","thousands","3","v18147","3.6","","x","r","","1"
"2013-12","Alberta","2016A000248","Propane","Cubic metres","72","thousands","3","v18138","4.4","780.5","","","","1"
"2013-12","Alberta","2016A000248","Butane","Cubic metres","72","thousands","3","v18143","4.5","447.1","","","","1"
"2013-12","Alberta","2016A000248","Ethane","Cubic metres","72","thousands","3","v18148","4.6","1249.7","","","","1"
"2013-12","Alberta","2016A000248","Sulphur","Tonnes","288","units","0","v18153","4.7","","x","","","0"
"2013-12","British Columbia","2016A000259","Propane","Cubic metres","72","thousands","3","v18139","5.4","","x","","","1"
"2013-12","British Columbia","2016A000259","Butane","Cubic metres","72","thousands","3","v18144","5.5","","x","","","1"
"2013-12","British Columbia","2016A000259","Ethane","Cubic metres","72","thousands","3","v18149","5.6","","x","","","1"
"2013-12","British Columbia","2016A000259","Sulphur","Tonnes","288","units","0","v18154","5.7","","x","","","0"
"2014-01","Canada","2016A000011124","Propane","Cubic metres","72","thousands","3","v18135","1.4","897.9","","","","1"
"2014-01","Canada","2016A000011124","Butane","Cubic metres","72","thousands","3","v18140","1.5","521.4","","","","1"
"2014-01","Canada","2016A000011124","Ethane","Cubic metres","72","thousands","3","v18145","1.6","1367.4","","","","1"
"2014-01","Canada","2016A000011124","Sulphur","Tonnes","288","units","0","v18150","1.7","449088","","","","0"
"2014-01","Nova Scotia","2016A000212","Propane","Cubic metres","72","thousands","3","v783740","6.4","","x","","","1"
"2014-01","Nova Scotia","2016A000212","Butane","Cubic metres","72","thousands","3","v783741","6.5","","x","","","1"
"2014-01","Saskatchewan","2016A000247","Propane","Cubic metres","72","thousands","3","v18137","3.4","","x","","","1"
"2014-01","Saskatchewan","2016A000247","Butane","Cubic metres","72","thousands","3","v18142","3.5","","x","","","1"
"2014-01","Saskatchewan","2016A000247","Ethane","Cubic metres","72","thousands","3","v18147","3.6","","x","","","1"
"2014-01","Alberta","2016A000248","Propane","Cubic metres","72","thousands","3","v18138","4.4","782.4","","","","1"
"2014-01","Alberta","2016A000248","Butane","Cubic metres","72","thousands","3","v18143","4.5","456.7","","","","1"
"2014-01","Alberta","2016A000248","Ethane","Cubic metres","72","thousands","3","v18148","4.6","1272.3","","","","1"
"2014-01","Alberta","2016A000248","Sulphur","Tonnes","288","units","0","v18153","4.7","","x","","","0"
"2014-01","British Columbia","2016A000259","Propane","Cubic metres","72","thousands","3","v18139","5.4","","x","","","1"
"2014-01","British Columbia","2016A000259","Butane","Cubic metres","72","thousands","3","v18144","5.5","","x","","","1"
"2014-01","British Columbia","2016A000259","Ethane","Cubic metres","72","thousands","3","v18149","5.6","","x","","","1"
"2014-01","British Columbia","2016A000259","Sulphur","Tonnes","288","units","0","v18154","5.7","","x","","","0"
"2014-02","Canada","2016A000011124","Propane","Cubic metres","72","thousands","3","v18135","1.4","862.5","","","","1"
"2014-02","Canada","2016A000011124","Butane","Cubic metres","72","thousands","3","v18140","1.5","493.0","","","","1"
"2014-02","Canada","2016A000011124","Ethane","Cubic metres","72","thousands","3","v18145","1.6","1268.9","","","","1"
"2014-02","Canada","2016A000011124","Sulphur","Tonnes","288","units","0","v18150","1.7","411097","","","","0"
"2014-02","Nova Scotia","2016A000212","Propane","Cubic metres","72","thousands","3","v783740","6.4","","x","","","1"
"2014-02","Nova Scotia","2016A000212","Butane","Cubic metres","72","thousands","3","v783741","6.5","","x","","","1"
"2014-02","Saskatchewan","2016A000247","Propane","Cubic metres","72","thousands","3","v18137","3.4","","x","","","1"
"2014-02","Saskatchewan","2016A000247","Butane","Cubic metres","72","thousands","3","v18142","3.5","","x","","","1"
"2014-02","Saskatchewan","2016A000247","Ethane","Cubic metres","72","thousands","3","v18147","3.6","","x","","","1"
"2014-02","Alberta","2016A000248","Propane","Cubic metres","72","thousands","3","v18138","4.4","759.3","","","","1"
"2014-02","Alberta","2016A000248","Butane","Cubic metres","72","thousands","3","v18143","4.5","431.6","","","","1"
"2014-02","Alberta","2016A000248","Ethane","Cubic metres","72","thousands","3","v18148","4.6","1190.3","","","","1"
"2014-02","Alberta","2016A000248","Sulphur","Tonnes","288","units","0","v18153","4.7","","x","","","0"
"2014-02","British Columbia","2016A000259","Propane","Cubic metres","72","thousands","3","v18139","5.4","","x","","","1"
"2014-02","British Columbia","2016A000259","Butane","Cubic metres","72","thousands","3","v18144","5.5","","x","","","1"
"2014-02","British Columbia","2016A000259","Ethane","Cubic metres","72","thousands","3","v18149","5.6","","x","","","1"
"2014-02","British Columbia","2016A000259","Sulphur","Tonnes","288","units","0","v18154","5.7","","x","","","0"
"2014-03","Canada","2016A000011124","Propane","Cubic metres","72","thousands","3","v18135","1.4","878.4","","","","1"
"2014-03","Canada","2016A000011124","Butane","Cubic metres","72","thousands","3","v18140","1.5","530.8","","","","1"
"2014-03","Canada","2016A000011124","Ethane","Cubic metres","72","thousands","3","v18145","1.6","1221.9","","","","1"
"2014-03","Canada","2016A000011124","Sulphur","Tonnes","288","units","0","v18150","1.7","434368","","","","0"
"2014-03","Nova Scotia","2016A000212","Propane","Cubic metres","72","thousands","3","v783740","6.4","","x","","","1"
"2014-03","Nova Scotia","2016A000212","Butane","Cubic metres","72","thousands","3","v783741","6.5","","x","","","1"
"2014-03","Saskatchewan","2016A000247","Propane","Cubic metres","72","thousands","3","v18137","3.4","","x","","","1"
"2014-03","Saskatchewan","2016A000247","Butane","Cubic metres","72","thousands","3","v18142","3.5","","x","","","1"
"2014-03","Saskatchewan","2016A000247","Ethane","Cubic metres","72","thousands","3","v18147","3.6","","x","","","1"
"2014-03","Alberta","2016A000248","Propane","Cubic metres","72","thousands","3","v18138","4.4","768.8","","","","1"
"2014-03","Alberta","2016A000248","Butane","Cubic metres","72","thousands","3","v18143","4.5","465.9","","","","1"
"2014-03","Alberta","2016A000248","Ethane","Cubic metres","72","thousands","3","v18148","4.6","1147.2","","","","1"
"2014-03","Alberta","2016A000248","Sulphur","Tonnes","288","units","0","v18153","4.7","","x","","","0"
"2014-03","British Columbia","2016A000259","Propane","Cubic metres","72","thousands","3","v18139","5.4","","x","","","1"
"2014-03","British Columbia","2016A000259","Butane","Cubic metres","72","thousands","3","v18144","5.5","","x","","","1"
"2014-03","British Columbia","2016A000259","Ethane","Cubic metres","72","thousands","3","v18149","5.6","","x","","","1"
"2014-03","British Columbia","2016A000259","Sulphur","Tonnes","288","units","0","v18154","5.7","","x","","","0"
"2014-04","Canada","2016A000011124","Propane","Cubic metres","72","thousands","3","v18135","1.4","843.8","","","","1"
"2014-04","Canada","2016A000011124","Butane","Cubic metres","72","thousands","3","v18140","1.5","487.8","","","","1"
"2014-04","Canada","2016A000011124","Ethane","Cubic metres","72","thousands","3","v18145","1.6","1168.7","","","","1"
"2014-04","Canada","2016A000011124","Sulphur","Tonnes","288","units","0","v18150","1.7","408414","","","","0"
"2014-04","Nova Scotia","2016A000212","Propane","Cubic metres","72","thousands","3","v783740","6.4","","x","","","1"
"2014-04","Nova Scotia","2016A000212","Butane","Cubic metres","72","thousands","3","v783741","6.5","","x","","","1"
"2014-04","Saskatchewan","2016A000247","Propane","Cubic metres","72","thousands","3","v18137","3.4","","x","","","1"
"2014-04","Saskatchewan","2016A000247","Butane","Cubic metres","72","thousands","3","v18142","3.5","","x","","","1"
"2014-04","Saskatchewan","2016A000247","Ethane","Cubic metres","72","thousands","3","v18147","3.6","","x","","","1"
"2014-04","Alberta","2016A000248","Propane","Cubic metres","72","thousands","3","v18138","4.4","732.1","","","","1"
"2014-04","Alberta","2016A000248","Butane","Cubic metres","72","thousands","3","v18143","4.5","423.2","","","","1"
"2014-04","Alberta","2016A000248","Ethane","Cubic metres","72","thousands","3","v18148","4.6","1079.0","","","","1"
"2014-04","Alberta","2016A000248","Sulphur","Tonnes","288","units","0","v18153","4.7","","x","","","0"
"2014-04","British Columbia","2016A000259","Propane","Cubic metres","72","thousands","3","v18139","5.4","","x","","","1"
"2014-04","British Columbia","2016A000259","Butane","Cubic metres","72","thousands","3","v18144","5.5","","x","","","1"
"2014-04","British Columbia","2016A000259","Ethane","Cubic metres","72","thousands","3","v18149","5.6","","x","","","1"
"2014-04","British Columbia","2016A000259","Sulphur","Tonnes","288","units","0","v18154","5.7","","x","","","0"
"2014-05","Canada","2016A000011124","Propane","Cubic metres","72","thousands","3","v18135","1.4","780.8","","","","1"
"2014-05","Canada","2016A000011124","Butane","Cubic metres","72","thousands","3","v18140","1.5","473.9","","","","1"
"2014-05","Canada","2016A000011124","Ethane","Cubic metres","72","thousands","3","v18145","1.6","1035.6","","","","1"
"2014-05","Canada","2016A000011124","Sulphur","Tonnes","288","units","0","v18150","1.7","385578","","","","0"
"2014-05","Nova Scotia","2016A000212","Propane","Cubic metres","72","thousands","3","v783740","6.4","","x","","","1"
"2014-05","Nova Scotia","2016A000212","Butane","Cubic metres","72","thousands","3","v783741","6.5","","x","","","1"
"2014-05","Saskatchewan","2016A000247","Propane","Cubic metres","72","thousands","3","v18137","3.4","","x","","","1"
"2014-05","Saskatchewan","2016A000247","Butane","Cubic metres","72","thousands","3","v18142","3.5","","x","","","1"
"2014-05","Saskatchewan","2016A000247","Ethane","Cubic metres","72","thousands","3","v18147","3.6","","x","","","1"
"2014-05","Alberta","2016A000248","Propane","Cubic metres","72","thousands","3","v18138","4.4","667.7","","","","1"
"2014-05","Alberta","2016A000248","Butane","Cubic metres","72","thousands","3","v18143","4.5","401.8","","","","1"
"2014-05","Alberta","2016A000248","Ethane","Cubic metres","72","thousands","3","v18148","4.6","940.6","","","","1"
"2014-05","Alberta","2016A000248","Sulphur","Tonnes","288","units","0","v18153","4.7","","x","","","0"
"2014-05","British Columbia","2016A000259","Propane","Cubic metres","72","thousands","3","v18139","5.4","","x","","","1"
"2014-05","British Columbia","2016A000259","Butane","Cubic metres","72","thousands","3","v18144","5.5","","x","","","1"
"2014-05","British Columbia","2016A000259","Ethane","Cubic metres","72","thousands","3","v18149","5.6","","x","","","1"
"2014-05","British Columbia","2016A000259","Sulphur","Tonnes","288","units","0","v18154","5.7","","x","","","0"
"2014-06","Canada","2016A000011124","Propane","Cubic metres","72","thousands","3","v18135","1.4","840.0","","","","1"
"2014-06","Canada","2016A000011124","Butane","Cubic metres","72","thousands","3","v18140","1.5","520.3","","","","1"
"2014-06","Canada","2016A000011124","Ethane","Cubic metres","72","thousands","3","v18145","1.6","1046.2","","","","1"
"2014-06","Canada","2016A000011124","Sulphur","Tonnes","288","units","0","v18150","1.7","322578","","","","0"
"2014-06","Nova Scotia","2016A000212","Propane","Cubic metres","72","thousands","3","v783740","6.4","","x","","","1"
"2014-06","Nova Scotia","2016A000212","Butane","Cubic metres","72","thousands","3","v783741","6.5","","x","","","1"
"2014-06","Saskatchewan","2016A000247","Propane","Cubic metres","72","thousands","3","v18137","3.4","","x","","","1"
"2014-06","Saskatchewan","2016A000247","Butane","Cubic metres","72","thousands","3","v18142","3.5","","x","","","1"
"2014-06","Saskatchewan","2016A000247","Ethane","Cubic metres","72","thousands","3","v18147","3.6","","x","","","1"
"2014-06","Alberta","2016A000248","Propane","Cubic metres","72","thousands","3","v18138","4.4","723.7","","","","1"
"2014-06","Alberta","2016A000248","Butane","Cubic metres","72","thousands","3","v18143","4.5","447.2","","","","1"
"2014-06","Alberta","2016A000248","Ethane","Cubic metres","72","thousands","3","v18148","4.6","958.2","","","","1"
"2014-06","Alberta","2016A000248","Sulphur","Tonnes","288","units","0","v18153","4.7","","x","","","0"
"2014-06","British Columbia","2016A000259","Propane","Cubic metres","72","thousands","3","v18139","5.4","","x","","","1"
"2014-06","British Columbia","2016A000259","Butane","Cubic metres","72","thousands","3","v18144","5.5","","x","","","1"
"2014-06","British Columbia","2016A000259","Ethane","Cubic metres","72","thousands","3","v18149","5.6","","x","","","1"
"2014-06","British Columbia","2016A000259","Sulphur","Tonnes","288","units","0","v18154","5.7","","x","","","0"
"2014-07","Canada","2016A000011124","Propane","Cubic metres","72","thousands","3","v18135","1.4","871.2","","","","1"
"2014-07","Canada","2016A000011124","Butane","Cubic metres","72","thousands","3","v18140","1.5","512.6","","","","1"
"2014-07","Canada","2016A000011124","Ethane","Cubic metres","72","thousands","3","v18145","1.6","1106.3","","","","1"
"2014-07","Canada","2016A000011124","Sulphur","Tonnes","288","units","0","v18150","1.7","372322","","","","0"
"2014-07","Nova Scotia","2016A000212","Propane","Cubic metres","72","thousands","3","v783740","6.4","","x","","","1"
"2014-07","Nova Scotia","2016A000212","Butane","Cubic metres","72","thousands","3","v783741","6.5","","x","","","1"
"2014-07","Saskatchewan","2016A000247","Propane","Cubic metres","72","thousands","3","v18137","3.4","","x","","","1"
"2014-07","Saskatchewan","2016A000247","Butane","Cubic metres","72","thousands","3","v18142","3.5","","x","","","1"
"2014-07","Saskatchewan","2016A000247","Ethane","Cubic metres","72","thousands","3","v18147","3.6","","x","","","1"
"2014-07","Alberta","2016A000248","Propane","Cubic metres","72","thousands","3","v18138","4.4","751.3","","","","1"
"2014-07","Alberta","2016A000248","Butane","Cubic metres","72","thousands","3","v18143","4.5","438.7","","","","1"
"2014-07","Alberta","2016A000248","Ethane","Cubic metres","72","thousands","3","v18148","4.6","1019.0","","","","1"
"2014-07","Alberta","2016A000248","Sulphur","Tonnes","288","units","0","v18153","4.7","","x","","","0"
"2014-07","British Columbia","2016A000259","Propane","Cubic metres","72","thousands","3","v18139","5.4","","x","","","1"
"2014-07","British Columbia","2016A000259","Butane","Cubic metres","72","thousands","3","v18144","5.5","","x","","","1"
"2014-07","British Columbia","2016A000259","Ethane","Cubic metres","72","thousands","3","v18149","5.6","","x","","","1"
"2014-07","British Columbia","2016A000259","Sulphur","Tonnes","288","units","0","v18154","5.7","","x","","","0"
"2014-08","Canada","2016A000011124","Propane","Cubic metres","72","thousands","3","v18135","1.4","874.8","","","","1"
"2014-08","Canada","2016A000011124","Butane","Cubic metres","72","thousands","3","v18140","1.5","503.7","","","","1"
"2014-08","Canada","2016A000011124","Ethane","Cubic metres","72","thousands","3","v18145","1.6","969.5","","","","1"
"2014-08","Canada","2016A000011124","Sulphur","Tonnes","288","units","0","v18150","1.7","387713","","","","0"
"2014-08","Nova Scotia","2016A000212","Propane","Cubic metres","72","thousands","3","v783740","6.4","","x","","","1"
"2014-08","Nova Scotia","2016A000212","Butane","Cubic metres","72","thousands","3","v783741","6.5","","x","","","1"
"2014-08","Saskatchewan","2016A000247","Propane","Cubic metres","72","thousands","3","v18137","3.4","","x","","","1"
"2014-08","Saskatchewan","2016A000247","Butane","Cubic metres","72","thousands","3","v18142","3.5","","x","","","1"
"2014-08","Saskatchewan","2016A000247","Ethane","Cubic metres","72","thousands","3","v18147","3.6","","x","","","1"
"2014-08","Alberta","2016A000248","Propane","Cubic metres","72","thousands","3","v18138","4.4","759.1","","","","1"
"2014-08","Alberta","2016A000248","Butane","Cubic metres","72","thousands","3","v18143","4.5","432.8","","","","1"
"2014-08","Alberta","2016A000248","Ethane","Cubic metres","72","thousands","3","v18148","4.6","884.0","","","","1"
"2014-08","Alberta","2016A000248","Sulphur","Tonnes","288","units","0","v18153","4.7","","x","","","0"
"2014-08","British Columbia","2016A000259","Propane","Cubic metres","72","thousands","3","v18139","5.4","","x","","","1"
"2014-08","British Columbia","2016A000259","Butane","Cubic metres","72","thousands","3","v18144","5.5","","x","","","1"
"2014-08","British Columbia","2016A000259","Ethane","Cubic metres","72","thousands","3","v18149","5.6","","x","","","1"
"2014-08","British Columbia","2016A000259","Sulphur","Tonnes","288","units","0","v18154","5.7","","x","","","0"
"2014-09","Canada","2016A000011124","Propane","Cubic metres","72","thousands","3","v18135","1.4","781.8","","","","1"
"2014-09","Canada","2016A000011124","Butane","Cubic metres","72","thousands","3","v18140","1.5","462.2","","","","1"
"2014-09","Canada","2016A000011124","Ethane","Cubic metres","72","thousands","3","v18145","1.6","1048.5","","","","1"
"2014-09","Canada","2016A000011124","Sulphur","Tonnes","288","units","0","v18150","1.7","398920","","","","0"
"2014-09","Nova Scotia","2016A000212","Propane","Cubic metres","72","thousands","3","v783740","6.4","","x","","","1"
"2014-09","Nova Scotia","2016A000212","Butane","Cubic metres","72","thousands","3","v783741","6.5","","x","","","1"
"2014-09","Saskatchewan","2016A000247","Propane","Cubic metres","72","thousands","3","v18137","3.4","","x","","","1"
"2014-09","Saskatchewan","2016A000247","Butane","Cubic metres","72","thousands","3","v18142","3.5","","x","","","1"
"2014-09","Saskatchewan","2016A000247","Ethane","Cubic metres","72","thousands","3","v18147","3.6","","x","","","1"
"2014-09","Alberta","2016A000248","Propane","Cubic metres","72","thousands","3","v18138","4.4","668.6","","","","1"
"2014-09","Alberta","2016A000248","Butane","Cubic metres","72","thousands","3","v18143","4.5","398.1","","","","1"
"2014-09","Alberta","2016A000248","Ethane","Cubic metres","72","thousands","3","v18148","4.6","962.8","","","","1"
"2014-09","Alberta","2016A000248","Sulphur","Tonnes","288","units","0","v18153","4.7","","x","","","0"
"2014-09","British Columbia","2016A000259","Propane","Cubic metres","72","thousands","3","v18139","5.4","","x","","","1"
"2014-09","British Columbia","2016A000259","Butane","Cubic metres","72","thousands","3","v18144","5.5","","x","","","1"
"2014-09","British Columbia","2016A000259","Ethane","Cubic metres","72","thousands","3","v18149","5.6","","x","","","1"
"2014-09","British Columbia","2016A000259","Sulphur","Tonnes","288","units","0","v18154","5.7","","x","","","0"
"2014-10","Canada","2016A000011124","Propane","Cubic metres","72","thousands","3","v18135","1.4","899.1","","","","1"
"2014-10","Canada","2016A000011124","Butane","Cubic metres","72","thousands","3","v18140","1.5","551.2","","","","1"
"2014-10","Canada","2016A000011124","Ethane","Cubic metres","72","thousands","3","v18145","1.6","1091.9","","","","1"
"2014-10","Canada","2016A000011124","Sulphur","Tonnes","288","units","0","v18150","1.7","417335","","","","0"
"2014-10","Nova Scotia","2016A000212","Propane","Cubic metres","72","thousands","3","v783740","6.4","","x","","","1"
"2014-10","Nova Scotia","2016A000212","Butane","Cubic metres","72","thousands","3","v783741","6.5","","x","","","1"
"2014-10","Saskatchewan","2016A000247","Propane","Cubic metres","72","thousands","3","v18137","3.4","","x","","","1"
"2014-10","Saskatchewan","2016A000247","Butane","Cubic metres","72","thousands","3","v18142","3.5","","x","","","1"
"2014-10","Saskatchewan","2016A000247","Ethane","Cubic metres","72","thousands","3","v18147","3.6","","x","","","1"
"2014-10","Alberta","2016A000248","Propane","Cubic metres","72","thousands","3","v18138","4.4","774.0","","","","1"
"2014-10","Alberta","2016A000248","Butane","Cubic metres","72","thousands","3","v18143","4.5","476.3","","","","1"
"2014-10","Alberta","2016A000248","Ethane","Cubic metres","72","thousands","3","v18148","4.6","1005.4","","","","1"
"2014-10","Alberta","2016A000248","Sulphur","Tonnes","288","units","0","v18153","4.7","","x","","","0"
"2014-10","British Columbia","2016A000259","Propane","Cubic metres","72","thousands","3","v18139","5.4","","x","","","1"
"2014-10","British Columbia","2016A000259","Butane","Cubic metres","72","thousands","3","v18144","5.5","","x","","","1"
"2014-10","British Columbia","2016A000259","Ethane","Cubic metres","72","thousands","3","v18149","5.6","","x","","","1"
"2014-10","British Columbia","2016A000259","Sulphur","Tonnes","288","units","0","v18154","5.7","","x","","","0"
"2014-11","Canada","2016A000011124","Propane","Cubic metres","72","thousands","3","v18135","1.4","877.4","","r","","1"
"2014-11","Canada","2016A000011124","Butane","Cubic metres","72","thousands","3","v18140","1.5","529.0","","r","","1"
"2014-11","Canada","2016A000011124","Ethane","Cubic metres","72","thousands","3","v18145","1.6","1143.6","","r","","1"
"2014-11","Canada","2016A000011124","Sulphur","Tonnes","288","units","0","v18150","1.7","408583","","r","","0"
"2014-11","Nova Scotia","2016A000212","Propane","Cubic metres","72","thousands","3","v783740","6.4","","x","r","","1"
"2014-11","Nova Scotia","2016A000212","Butane","Cubic metres","72","thousands","3","v783741","6.5","","x","r","","1"
"2014-11","Saskatchewan","2016A000247","Propane","Cubic metres","72","thousands","3","v18137","3.4","","x","r","","1"
"2014-11","Saskatchewan","2016A000247","Butane","Cubic metres","72","thousands","3","v18142","3.5","","x","r","","1"
"2014-11","Saskatchewan","2016A000247","Ethane","Cubic metres","72","thousands","3","v18147","3.6","","x","r","","1"
"2014-11","Alberta","2016A000248","Propane","Cubic metres","72","thousands","3","v18138","4.4","759.9","","r","","1"
"2014-11","Alberta","2016A000248","Butane","Cubic metres","72","thousands","3","v18143","4.5","459.3","","r","","1"
"2014-11","Alberta","2016A000248","Ethane","Cubic metres","72","thousands","3","v18148","4.6","1047.8","","r","","1"
"2014-11","Alberta","2016A000248","Sulphur","Tonnes","288","units","0","v18153","4.7","","x","","","0"
"2014-11","British Columbia","2016A000259","Propane","Cubic metres","72","thousands","3","v18139","5.4","","x","r","","1"
"2014-11","British Columbia","2016A000259","Butane","Cubic metres","72","thousands","3","v18144","5.5","","x","r","","1"
"2014-11","British Columbia","2016A000259","Ethane","Cubic metres","72","thousands","3","v18149","5.6","","x","r","","1"
"2014-11","British Columbia","2016A000259","Sulphur","Tonnes","288","units","0","v18154","5.7","","x","r","","0"
"2014-12","Canada","2016A000011124","Propane","Cubic metres","72","thousands","3","v18135","1.4","896.1","","r","","1"
"2014-12","Canada","2016A000011124","Butane","Cubic metres","72","thousands","3","v18140","1.5","564.8","","r","","1"
"2014-12","Canada","2016A000011124","Ethane","Cubic metres","72","thousands","3","v18145","1.6","1307.2","","r","","1"
"2014-12","Canada","2016A000011124","Sulphur","Tonnes","288","units","0","v18150","1.7","428072","","r","","0"
"2014-12","Nova Scotia","2016A000212","Propane","Cubic metres","72","thousands","3","v783740","6.4","","x","r","","1"
"2014-12","Nova Scotia","2016A000212","Butane","Cubic metres","72","thousands","3","v783741","6.5","","x","r","","1"
"2014-12","Saskatchewan","2016A000247","Propane","Cubic metres","72","thousands","3","v18137","3.4","","x","r","","1"
"2014-12","Saskatchewan","2016A000247","Butane","Cubic metres","72","thousands","3","v18142","3.5","","x","r","","1"
"2014-12","Saskatchewan","2016A000247","Ethane","Cubic metres","72","thousands","3","v18147","3.6","","x","r","","1"
"2014-12","Alberta","2016A000248","Propane","Cubic metres","72","thousands","3","v18138","4.4","774.2","","","","1"
"2014-12","Alberta","2016A000248","Butane","Cubic metres","72","thousands","3","v18143","4.5","489.2","","","","1"
"2014-12","Alberta","2016A000248","Ethane","Cubic metres","72","thousands","3","v18148","4.6","1211.8","","","","1"
"2014-12","Alberta","2016A000248","Sulphur","Tonnes","288","units","0","v18153","4.7","","x","r","","0"
"2014-12","British Columbia","2016A000259","Propane","Cubic metres","72","thousands","3","v18139","5.4","","x","r","","1"
"2014-12","British Columbia","2016A000259","Butane","Cubic metres","72","thousands","3","v18144","5.5","","x","r","","1"
"2014-12","British Columbia","2016A000259","Ethane","Cubic metres","72","thousands","3","v18149","5.6","","x","r","","1"
"2014-12","British Columbia","2016A000259","Sulphur","Tonnes","288","units","0","v18154","5.7","","x","r","","0"
"2015-01","Canada","2016A000011124","Propane","Cubic metres","72","thousands","3","v18135","1.4","882.8","","","","1"
"2015-01","Canada","2016A000011124","Butane","Cubic metres","72","thousands","3","v18140","1.5","559.7","","","","1"
"2015-01","Canada","2016A000011124","Ethane","Cubic metres","72","thousands","3","v18145","1.6","1171.4","","","","1"
"2015-01","Canada","2016A000011124","Sulphur","Tonnes","288","units","0","v18150","1.7","441294","","","","0"
"2015-01","Nova Scotia","2016A000212","Propane","Cubic metres","72","thousands","3","v783740","6.4","","x","","","1"
"2015-01","Nova Scotia","2016A000212","Butane","Cubic metres","72","thousands","3","v783741","6.5","","x","","","1"
"2015-01","Ontario","2016A000235","Propane","Cubic metres","72","thousands","3","v107638452","7.4","","..","","","1"
"2015-01","Ontario","2016A000235","Butane","Cubic metres","72","thousands","3","v107638453","7.5","","..","","","1"
"2015-01","Saskatchewan","2016A000247","Propane","Cubic metres","72","thousands","3","v18137","3.4","","x","","","1"
"2015-01","Saskatchewan","2016A000247","Butane","Cubic metres","72","thousands","3","v18142","3.5","","x","","","1"
"2015-01","Saskatchewan","2016A000247","Ethane","Cubic metres","72","thousands","3","v18147","3.6","","x","","","1"
"2015-01","Alberta","2016A000248","Propane","Cubic metres","72","thousands","3","v18138","4.4","766.5","","","","1"
"2015-01","Alberta","2016A000248","Butane","Cubic metres","72","thousands","3","v18143","4.5","482.5","","","","1"
"2015-01","Alberta","2016A000248","Ethane","Cubic metres","72","thousands","3","v18148","4.6","1074.7","","","","1"
"2015-01","Alberta","2016A000248","Sulphur","Tonnes","288","units","0","v18153","4.7","","x","","","0"
"2015-01","British Columbia","2016A000259","Propane","Cubic metres","72","thousands","3","v18139","5.4","","x","","","1"
"2015-01","British Columbia","2016A000259","Butane","Cubic metres","72","thousands","3","v18144","5.5","","x","","","1"
"2015-01","British Columbia","2016A000259","Ethane","Cubic metres","72","thousands","3","v18149","5.6","","x","","","1"
"2015-01","British Columbia","2016A000259","Sulphur","Tonnes","288","units","0","v18154","5.7","","x","","","0"
"2015-02","Canada","2016A000011124","Propane","Cubic metres","72","thousands","3","v18135","1.4","760.0","","","","1"
"2015-02","Canada","2016A000011124","Butane","Cubic metres","72","thousands","3","v18140","1.5","516.2","","","","1"
"2015-02","Canada","2016A000011124","Ethane","Cubic metres","72","thousands","3","v18145","1.6","1108.7","","","","1"
"2015-02","Canada","2016A000011124","Sulphur","Tonnes","288","units","0","v18150","1.7","385037","","","","0"
"2015-02","Nova Scotia","2016A000212","Propane","Cubic metres","72","thousands","3","v783740","6.4","","x","","","1"
"2015-02","Nova Scotia","2016A000212","Butane","Cubic metres","72","thousands","3","v783741","6.5","","x","","","1"
"2015-02","Ontario","2016A000235","Propane","Cubic metres","72","thousands","3","v107638452","7.4","","..","","","1"
"2015-02","Ontario","2016A000235","Butane","Cubic metres","72","thousands","3","v107638453","7.5","","..","","","1"
"2015-02","Saskatchewan","2016A000247","Propane","Cubic metres","72","thousands","3","v18137","3.4","","x","","","1"
"2015-02","Saskatchewan","2016A000247","Butane","Cubic metres","72","thousands","3","v18142","3.5","","x","","","1"
"2015-02","Saskatchewan","2016A000247","Ethane","Cubic metres","72","thousands","3","v18147","3.6","","x","","","1"
"2015-02","Alberta","2016A000248","Propane","Cubic metres","72","thousands","3","v18138","4.4","655.6","","","","1"
"2015-02","Alberta","2016A000248","Butane","Cubic metres","72","thousands","3","v18143","4.5","450.5","","","","1"
"2015-02","Alberta","2016A000248","Ethane","Cubic metres","72","thousands","3","v18148","4.6","1020.0","","","","1"
"2015-02","Alberta","2016A000248","Sulphur","Tonnes","288","units","0","v18153","4.7","","x","","","0"
"2015-02","British Columbia","2016A000259","Propane","Cubic metres","72","thousands","3","v18139","5.4","","x","","","1"
"2015-02","British Columbia","2016A000259","Butane","Cubic metres","72","thousands","3","v18144","5.5","","x","","","1"
"2015-02","British Columbia","2016A000259","Ethane","Cubic metres","72","thousands","3","v18149","5.6","","x","","","1"
"2015-02","British Columbia","2016A000259","Sulphur","Tonnes","288","units","0","v18154","5.7","","x","","","0"
"2015-03","Canada","2016A000011124","Propane","Cubic metres","72","thousands","3","v18135","1.4","950.3","","","","1"
"2015-03","Canada","2016A000011124","Butane","Cubic metres","72","thousands","3","v18140","1.5","527.8","","","","1"
"2015-03","Canada","2016A000011124","Ethane","Cubic metres","72","thousands","3","v18145","1.6","1245.1","","","","1"
"2015-03","Canada","2016A000011124","Sulphur","Tonnes","288","units","0","v18150","1.7","428941","","","","0"
"2015-03","Nova Scotia","2016A000212","Propane","Cubic metres","72","thousands","3","v783740","6.4","","x","","","1"
"2015-03","Nova Scotia","2016A000212","Butane","Cubic metres","72","thousands","3","v783741","6.5","","x","","","1"
"2015-03","Ontario","2016A000235","Propane","Cubic metres","72","thousands","3","v107638452","7.4","","..","","","1"
"2015-03","Ontario","2016A000235","Butane","Cubic metres","72","thousands","3","v107638453","7.5","","..","","","1"
"2015-03","Saskatchewan","2016A000247","Propane","Cubic metres","72","thousands","3","v18137","3.4","","x","","","1"
"2015-03","Saskatchewan","2016A000247","Butane","Cubic metres","72","thousands","3","v18142","3.5","","x","","","1"
"2015-03","Saskatchewan","2016A000247","Ethane","Cubic metres","72","thousands","3","v18147","3.6","","x","","","1"
"2015-03","Alberta","2016A000248","Propane","Cubic metres","72","thousands","3","v18138","4.4","827.2","","","","1"
"2015-03","Alberta","2016A000248","Butane","Cubic metres","72","thousands","3","v18143","4.5","456.5","","","","1"
"2015-03","Alberta","2016A000248","Ethane","Cubic metres","72","thousands","3","v18148","4.6","1170.2","","","","1"
"2015-03","Alberta","2016A000248","Sulphur","Tonnes","288","units","0","v18153","4.7","","x","","","0"
"2015-03","British Columbia","2016A000259","Propane","Cubic metres","72","thousands","3","v18139","5.4","","x","","","1"
"2015-03","British Columbia","2016A000259","Butane","Cubic metres","72","thousands","3","v18144","5.5","","x","","","1"
"2015-03","British Columbia","2016A000259","Ethane","Cubic metres","72","thousands","3","v18149","5.6","","x","","","1"
"2015-03","British Columbia","2016A000259","Sulphur","Tonnes","288","units","0","v18154","5.7","","x","","","0"
"2015-04","Canada","2016A000011124","Propane","Cubic metres","72","thousands","3","v18135","1.4","854.3","","","","1"
"2015-04","Canada","2016A000011124","Butane","Cubic metres","72","thousands","3","v18140","1.5","531.9","","","","1"
"2015-04","Canada","2016A000011124","Ethane","Cubic metres","72","thousands","3","v18145","1.6","1145.3","","","","1"
"2015-04","Canada","2016A000011124","Sulphur","Tonnes","288","units","0","v18150","1.7","368887","","","","0"
"2015-04","Nova Scotia","2016A000212","Propane","Cubic metres","72","thousands","3","v783740","6.4","","x","","","1"
"2015-04","Nova Scotia","2016A000212","Butane","Cubic metres","72","thousands","3","v783741","6.5","","x","","","1"
"2015-04","Ontario","2016A000235","Propane","Cubic metres","72","thousands","3","v107638452","7.4","","..","","","1"
"2015-04","Ontario","2016A000235","Butane","Cubic metres","72","thousands","3","v107638453","7.5","","..","","","1"
"2015-04","Saskatchewan","2016A000247","Propane","Cubic metres","72","thousands","3","v18137","3.4","","x","","","1"
"2015-04","Saskatchewan","2016A000247","Butane","Cubic metres","72","thousands","3","v18142","3.5","","x","","","1"
"2015-04","Saskatchewan","2016A000247","Ethane","Cubic metres","72","thousands","3","v18147","3.6","","x","","","1"
"2015-04","Alberta","2016A000248","Propane","Cubic metres","72","thousands","3","v18138","4.4","736.3","","","","1"
"2015-04","Alberta","2016A000248","Butane","Cubic metres","72","thousands","3","v18143","4.5","455.8","","","","1"
"2015-04","Alberta","2016A000248","Ethane","Cubic metres","72","thousands","3","v18148","4.6","1052.8","","","","1"
"2015-04","Alberta","2016A000248","Sulphur","Tonnes","288","units","0","v18153","4.7","","x","","","0"
"2015-04","British Columbia","2016A000259","Propane","Cubic metres","72","thousands","3","v18139","5.4","","x","","","1"
"2015-04","British Columbia","2016A000259","Butane","Cubic metres","72","thousands","3","v18144","5.5","","x","","","1"
"2015-04","British Columbia","2016A000259","Ethane","Cubic metres","72","thousands","3","v18149","5.6","","x","","","1"
"2015-04","British Columbia","2016A000259","Sulphur","Tonnes","288","units","0","v18154","5.7","","x","","","0"
"2015-05","Canada","2016A000011124","Propane","Cubic metres","72","thousands","3","v18135","1.4","788.2","","","","1"
"2015-05","Canada","2016A000011124","Butane","Cubic metres","72","thousands","3","v18140","1.5","509.0","","","","1"
"2015-05","Canada","2016A000011124","Ethane","Cubic metres","72","thousands","3","v18145","1.6","1091.7","","","","1"
"2015-05","Canada","2016A000011124","Sulphur","Tonnes","288","units","0","v18150","1.7","349175","","","","0"
"2015-05","Nova Scotia","2016A000212","Propane","Cubic metres","72","thousands","3","v783740","6.4","","x","","","1"
"2015-05","Nova Scotia","2016A000212","Butane","Cubic metres","72","thousands","3","v783741","6.5","","x","","","1"
"2015-05","Ontario","2016A000235","Propane","Cubic metres","72","thousands","3","v107638452","7.4","","..","","","1"
"2015-05","Ontario","2016A000235","Butane","Cubic metres","72","thousands","3","v107638453","7.5","","..","","","1"
"2015-05","Saskatchewan","2016A000247","Propane","Cubic metres","72","thousands","3","v18137","3.4","","x","","","1"
"2015-05","Saskatchewan","2016A000247","Butane","Cubic metres","72","thousands","3","v18142","3.5","","x","","","1"
"2015-05","Saskatchewan","2016A000247","Ethane","Cubic metres","72","thousands","3","v18147","3.6","","x","","","1"
"2015-05","Alberta","2016A000248","Propane","Cubic metres","72","thousands","3","v18138","4.4","668.9","","","","1"
"2015-05","Alberta","2016A000248","Butane","Cubic metres","72","thousands","3","v18143","4.5","432.5","","","","1"
"2015-05","Alberta","2016A000248","Ethane","Cubic metres","72","thousands","3","v18148","4.6","1005.4","","","","1"
"2015-05","Alberta","2016A000248","Sulphur","Tonnes","288","units","0","v18153","4.7","","x","","","0"
"2015-05","British Columbia","2016A000259","Propane","Cubic metres","72","thousands","3","v18139","5.4","","x","","","1"
"2015-05","British Columbia","2016A000259","Butane","Cubic metres","72","thousands","3","v18144","5.5","","x","","","1"
"2015-05","British Columbia","2016A000259","Ethane","Cubic metres","72","thousands","3","v18149","5.6","","x","","","1"
"2015-05","British Columbia","2016A000259","Sulphur","Tonnes","288","units","0","v18154","5.7","","x","","","0"
"2015-06","Canada","2016A000011124","Propane","Cubic metres","72","thousands","3","v18135","1.4","718.3","","","","1"
"2015-06","Canada","2016A000011124","Butane","Cubic metres","72","thousands","3","v18140","1.5","465.7","","","","1"
"2015-06","Canada","2016A000011124","Ethane","Cubic metres","72","thousands","3","v18145","1.6","966.7","","","","1"
"2015-06","Canada","2016A000011124","Sulphur","Tonnes","288","units","0","v18150","1.7","375370","","","","0"
"2015-06","Nova Scotia","2016A000212","Propane","Cubic metres","72","thousands","3","v783740","6.4","","x","","","1"
"2015-06","Nova Scotia","2016A000212","Butane","Cubic metres","72","thousands","3","v783741","6.5","","x","","","1"
"2015-06","Ontario","2016A000235","Propane","Cubic metres","72","thousands","3","v107638452","7.4","","..","","","1"
"2015-06","Ontario","2016A000235","Butane","Cubic metres","72","thousands","3","v107638453","7.5","","..","","","1"
"2015-06","Saskatchewan","2016A000247","Propane","Cubic metres","72","thousands","3","v18137","3.4","","x","","","1"
"2015-06","Saskatchewan","2016A000247","Butane","Cubic metres","72","thousands","3","v18142","3.5","","x","","","1"
"2015-06","Saskatchewan","2016A000247","Ethane","Cubic metres","72","thousands","3","v18147","3.6","","x","","","1"
"2015-06","Alberta","2016A000248","Propane","Cubic metres","72","thousands","3","v18138","4.4","629.3","","","","1"
"2015-06","Alberta","2016A000248","Butane","Cubic metres","72","thousands","3","v18143","4.5","408.7","","","","1"
"2015-06","Alberta","2016A000248","Ethane","Cubic metres","72","thousands","3","v18148","4.6","956.4","","","","1"
"2015-06","Alberta","2016A000248","Sulphur","Tonnes","288","units","0","v18153","4.7","","x","","","0"
"2015-06","British Columbia","2016A000259","Propane","Cubic metres","72","thousands","3","v18139","5.4","","x","","","1"
"2015-06","British Columbia","2016A000259","Butane","Cubic metres","72","thousands","3","v18144","5.5","","x","","","1"
"2015-06","British Columbia","2016A000259","Ethane","Cubic metres","72","thousands","3","v18149","5.6","","x","","","1"
"2015-06","British Columbia","2016A000259","Sulphur","Tonnes","288","units","0","v18154","5.7","","x","","","0"
"2015-07","Canada","2016A000011124","Propane","Cubic metres","72","thousands","3","v18135","1.4","802.5","","r","","1"
"2015-07","Canada","2016A000011124","Butane","Cubic metres","72","thousands","3","v18140","1.5","498.1","","r","","1"
"2015-07","Canada","2016A000011124","Ethane","Cubic metres","72","thousands","3","v18145","1.6","1168.5","","r","","1"
"2015-07","Canada","2016A000011124","Sulphur","Tonnes","288","units","0","v18150","1.7","417070","","r","","0"
"2015-07","Nova Scotia","2016A000212","Propane","Cubic metres","72","thousands","3","v783740","6.4","","x","","","1"
"2015-07","Nova Scotia","2016A000212","Butane","Cubic metres","72","thousands","3","v783741","6.5","","x","","","1"
"2015-07","Ontario","2016A000235","Propane","Cubic metres","72","thousands","3","v107638452","7.4","","..","","","1"
"2015-07","Ontario","2016A000235","Butane","Cubic metres","72","thousands","3","v107638453","7.5","","..","","","1"
"2015-07","Saskatchewan","2016A000247","Propane","Cubic metres","72","thousands","3","v18137","3.4","","x","r","","1"
"2015-07","Saskatchewan","2016A000247","Butane","Cubic metres","72","thousands","3","v18142","3.5","","x","r","","1"
"2015-07","Saskatchewan","2016A000247","Ethane","Cubic metres","72","thousands","3","v18147","3.6","","x","r","","1"
"2015-07","Alberta","2016A000248","Propane","Cubic metres","72","thousands","3","v18138","4.4","693.3","","r","","1"
"2015-07","Alberta","2016A000248","Butane","Cubic metres","72","thousands","3","v18143","4.5","428.0","","r","","1"
"2015-07","Alberta","2016A000248","Ethane","Cubic metres","72","thousands","3","v18148","4.6","1089.9","","","","1"
"2015-07","Alberta","2016A000248","Sulphur","Tonnes","288","units","0","v18153","4.7","","x","r","","0"
"2015-07","British Columbia","2016A000259","Propane","Cubic metres","72","thousands","3","v18139","5.4","","x","r","","1"
"2015-07","British Columbia","2016A000259","Butane","Cubic metres","72","thousands","3","v18144","5.5","","x","r","","1"
"2015-07","British Columbia","2016A000259","Ethane","Cubic metres","72","thousands","3","v18149","5.6","","x","r","","1"
"2015-07","British Columbia","2016A000259","Sulphur","Tonnes","288","units","0","v18154","5.7","","x","r","","0"
"2015-08","Canada","2016A000011124","Propane","Cubic metres","72","thousands","3","v18135","1.4","841.9","","r","","1"
"2015-08","Canada","2016A000011124","Butane","Cubic metres","72","thousands","3","v18140","1.5","537.6","","r","","1"
"2015-08","Canada","2016A000011124","Ethane","Cubic metres","72","thousands","3","v18145","1.6","1273.2","","r","","1"
"2015-08","Canada","2016A000011124","Sulphur","Tonnes","288","units","0","v18150","1.7","428741","","r","","0"
"2015-08","Nova Scotia","2016A000212","Propane","Cubic metres","72","thousands","3","v783740","6.4","","x","","","1"
"2015-08","Nova Scotia","2016A000212","Butane","Cubic metres","72","thousands","3","v783741","6.5","","x","","","1"
"2015-08","Ontario","2016A000235","Propane","Cubic metres","72","thousands","3","v107638452","7.4","","..","","","1"
"2015-08","Ontario","2016A000235","Butane","Cubic metres","72","thousands","3","v107638453","7.5","","..","","","1"
"2015-08","Saskatchewan","2016A000247","Propane","Cubic metres","72","thousands","3","v18137","3.4","","x","r","","1"
"2015-08","Saskatchewan","2016A000247","Butane","Cubic metres","72","thousands","3","v18142","3.5","","x","r","","1"
"2015-08","Saskatchewan","2016A000247","Ethane","Cubic metres","72","thousands","3","v18147","3.6","","x","r","","1"
"2015-08","Alberta","2016A000248","Propane","Cubic metres","72","thousands","3","v18138","4.4","723.8","","r","","1"
"2015-08","Alberta","2016A000248","Butane","Cubic metres","72","thousands","3","v18143","4.5","459.5","","r","","1"
"2015-08","Alberta","2016A000248","Ethane","Cubic metres","72","thousands","3","v18148","4.6","1176.0","","","","1"
"2015-08","Alberta","2016A000248","Sulphur","Tonnes","288","units","0","v18153","4.7","","x","","","0"
"2015-08","British Columbia","2016A000259","Propane","Cubic metres","72","thousands","3","v18139","5.4","","x","r","","1"
"2015-08","British Columbia","2016A000259","Butane","Cubic metres","72","thousands","3","v18144","5.5","","x","r","","1"
"2015-08","British Columbia","2016A000259","Ethane","Cubic metres","72","thousands","3","v18149","5.6","","x","r","","1"
"2015-08","British Columbia","2016A000259","Sulphur","Tonnes","288","units","0","v18154","5.7","","x","r","","0"
"2015-09","Canada","2016A000011124","Propane","Cubic metres","72","thousands","3","v18135","1.4","842.0","","r","","1"
"2015-09","Canada","2016A000011124","Butane","Cubic metres","72","thousands","3","v18140","1.5","612.8","","r","","1"
"2015-09","Canada","2016A000011124","Ethane","Cubic metres","72","thousands","3","v18145","1.6","1211.7","","r","","1"
"2015-09","Canada","2016A000011124","Sulphur","Tonnes","288","units","0","v18150","1.7","356524","","r","","0"
"2015-09","Nova Scotia","2016A000212","Propane","Cubic metres","72","thousands","3","v783740","6.4","","x","","","1"
"2015-09","Nova Scotia","2016A000212","Butane","Cubic metres","72","thousands","3","v783741","6.5","","x","","","1"
"2015-09","Ontario","2016A000235","Propane","Cubic metres","72","thousands","3","v107638452","7.4","","..","","","1"
"2015-09","Ontario","2016A000235","Butane","Cubic metres","72","thousands","3","v107638453","7.5","","..","","","1"
"2015-09","Saskatchewan","2016A000247","Propane","Cubic metres","72","thousands","3","v18137","3.4","","x","r","","1"
"2015-09","Saskatchewan","2016A000247","Butane","Cubic metres","72","thousands","3","v18142","3.5","","x","r","","1"
"2015-09","Saskatchewan","2016A000247","Ethane","Cubic metres","72","thousands","3","v18147","3.6","","x","r","","1"
"2015-09","Alberta","2016A000248","Propane","Cubic metres","72","thousands","3","v18138","4.4","723.8","","","","1"
"2015-09","Alberta","2016A000248","Butane","Cubic metres","72","thousands","3","v18143","4.5","538.7","","","","1"
"2015-09","Alberta","2016A000248","Ethane","Cubic metres","72","thousands","3","v18148","4.6","1113.2","","","","1"
"2015-09","Alberta","2016A000248","Sulphur","Tonnes","288","units","0","v18153","4.7","","x","","","0"
"2015-09","British Columbia","2016A000259","Propane","Cubic metres","72","thousands","3","v18139","5.4","","x","r","","1"
"2015-09","British Columbia","2016A000259","Butane","Cubic metres","72","thousands","3","v18144","5.5","","x","r","","1"
"2015-09","British Columbia","2016A000259","Ethane","Cubic metres","72","thousands","3","v18149","5.6","","x","r","","1"
"2015-09","British Columbia","2016A000259","Sulphur","Tonnes","288","units","0","v18154","5.7","","x","r","","0"
"2015-10","Canada","2016A000011124","Propane","Cubic metres","72","thousands","3","v18135","1.4","829.5","","r","","1"
"2015-10","Canada","2016A000011124","Butane","Cubic metres","72","thousands","3","v18140","1.5","585.1","","r","","1"
"2015-10","Canada","2016A000011124","Ethane","Cubic metres","72","thousands","3","v18145","1.6","1145.4","","r","","1"
"2015-10","Canada","2016A000011124","Sulphur","Tonnes","288","units","0","v18150","1.7","381277","","r","","0"
"2015-10","Nova Scotia","2016A000212","Propane","Cubic metres","72","thousands","3","v783740","6.4","","x","","","1"
"2015-10","Nova Scotia","2016A000212","Butane","Cubic metres","72","thousands","3","v783741","6.5","","x","","","1"
"2015-10","Ontario","2016A000235","Propane","Cubic metres","72","thousands","3","v107638452","7.4","","..","","","1"
"2015-10","Ontario","2016A000235","Butane","Cubic metres","72","thousands","3","v107638453","7.5","","..","","","1"
"2015-10","Saskatchewan","2016A000247","Propane","Cubic metres","72","thousands","3","v18137","3.4","","x","r","","1"
"2015-10","Saskatchewan","2016A000247","Butane","Cubic metres","72","thousands","3","v18142","3.5","","x","r","","1"
"2015-10","Saskatchewan","2016A000247","Ethane","Cubic metres","72","thousands","3","v18147","3.6","","x","r","","1"
"2015-10","Alberta","2016A000248","Propane","Cubic metres","72","thousands","3","v18138","4.4","704.5","","r","","1"
"2015-10","Alberta","2016A000248","Butane","Cubic metres","72","thousands","3","v18143","4.5","510.6","","r","","1"
"2015-10","Alberta","2016A000248","Ethane","Cubic metres","72","thousands","3","v18148","4.6","1043.3","","","","1"
"2015-10","Alberta","2016A000248","Sulphur","Tonnes","288","units","0","v18153","4.7","","x","","","0"
"2015-10","British Columbia","2016A000259","Propane","Cubic metres","72","thousands","3","v18139","5.4","","x","r","","1"
"2015-10","British Columbia","2016A000259","Butane","Cubic metres","72","thousands","3","v18144","5.5","","x","r","","1"
"2015-10","British Columbia","2016A000259","Ethane","Cubic metres","72","thousands","3","v18149","5.6","","x","r","","1"
"2015-10","British Columbia","2016A000259","Sulphur","Tonnes","288","units","0","v18154","5.7","","x","r","","0"
"2015-11","Canada","2016A000011124","Propane","Cubic metres","72","thousands","3","v18135","1.4","830.3","","r","","1"
"2015-11","Canada","2016A000011124","Butane","Cubic metres","72","thousands","3","v18140","1.5","551.3","","r","","1"
"2015-11","Canada","2016A000011124","Ethane","Cubic metres","72","thousands","3","v18145","1.6","1193.9","","r","","1"
"2015-11","Canada","2016A000011124","Sulphur","Tonnes","288","units","0","v18150","1.7","391383","","r","","0"
"2015-11","Nova Scotia","2016A000212","Propane","Cubic metres","72","thousands","3","v783740","6.4","","x","","","1"
"2015-11","Nova Scotia","2016A000212","Butane","Cubic metres","72","thousands","3","v783741","6.5","","x","","","1"
"2015-11","Ontario","2016A000235","Propane","Cubic metres","72","thousands","3","v107638452","7.4","","..","","","1"
"2015-11","Ontario","2016A000235","Butane","Cubic metres","72","thousands","3","v107638453","7.5","","..","","","1"
"2015-11","Saskatchewan","2016A000247","Propane","Cubic metres","72","thousands","3","v18137","3.4","","x","r","","1"
"2015-11","Saskatchewan","2016A000247","Butane","Cubic metres","72","thousands","3","v18142","3.5","","x","r","","1"
"2015-11","Saskatchewan","2016A000247","Ethane","Cubic metres","72","thousands","3","v18147","3.6","","x","r","","1"
"2015-11","Alberta","2016A000248","Propane","Cubic metres","72","thousands","3","v18138","4.4","694.8","","r","","1"
"2015-11","Alberta","2016A000248","Butane","Cubic metres","72","thousands","3","v18143","4.5","468.6","","r","","1"
"2015-11","Alberta","2016A000248","Ethane","Cubic metres","72","thousands","3","v18148","4.6","1084.6","","","","1"
"2015-11","Alberta","2016A000248","Sulphur","Tonnes","288","units","0","v18153","4.7","","x","","","0"
"2015-11","British Columbia","2016A000259","Propane","Cubic metres","72","thousands","3","v18139","5.4","","x","r","","1"
"2015-11","British Columbia","2016A000259","Butane","Cubic metres","72","thousands","3","v18144","5.5","","x","r","","1"
"2015-11","British Columbia","2016A000259","Ethane","Cubic metres","72","thousands","3","v18149","5.6","","x","r","","1"
"2015-11","British Columbia","2016A000259","Sulphur","Tonnes","288","units","0","v18154","5.7","","x","r","","0"
"2015-12","Canada","2016A000011124","Propane","Cubic metres","72","thousands","3","v18135","1.4","920.4","","r","","1"
"2015-12","Canada","2016A000011124","Butane","Cubic metres","72","thousands","3","v18140","1.5","602.2","","r","","1"
"2015-12","Canada","2016A000011124","Ethane","Cubic metres","72","thousands","3","v18145","1.6","1295.4","","r","","1"
"2015-12","Canada","2016A000011124","Sulphur","Tonnes","288","units","0","v18150","1.7","393602","","r","","0"
"2015-12","Nova Scotia","2016A000212","Propane","Cubic metres","72","thousands","3","v783740","6.4","","x","","","1"
"2015-12","Nova Scotia","2016A000212","Butane","Cubic metres","72","thousands","3","v783741","6.5","","x","","","1"
"2015-12","Ontario","2016A000235","Propane","Cubic metres","72","thousands","3","v107638452","7.4","","..","","","1"
"2015-12","Ontario","2016A000235","Butane","Cubic metres","72","thousands","3","v107638453","7.5","","..","","","1"
"2015-12","Saskatchewan","2016A000247","Propane","Cubic metres","72","thousands","3","v18137","3.4","","x","r","","1"
"2015-12","Saskatchewan","2016A000247","Butane","Cubic metres","72","thousands","3","v18142","3.5","","x","r","","1"
"2015-12","Saskatchewan","2016A000247","Ethane","Cubic metres","72","thousands","3","v18147","3.6","","x","r","","1"
"2015-12","Alberta","2016A000248","Propane","Cubic metres","72","thousands","3","v18138","4.4","779.7","","","","1"
"2015-12","Alberta","2016A000248","Butane","Cubic metres","72","thousands","3","v18143","4.5","515.5","","","","1"
"2015-12","Alberta","2016A000248","Ethane","Cubic metres","72","thousands","3","v18148","4.6","1182.0","","","","1"
"2015-12","Alberta","2016A000248","Sulphur","Tonnes","288","units","0","v18153","4.7","","x","","","0"
"2015-12","British Columbia","2016A000259","Propane","Cubic metres","72","thousands","3","v18139","5.4","","x","r","","1"
"2015-12","British Columbia","2016A000259","Butane","Cubic metres","72","thousands","3","v18144","5.5","","x","r","","1"
"2015-12","British Columbia","2016A000259","Ethane","Cubic metres","72","thousands","3","v18149","5.6","","x","r","","1"
"2015-12","British Columbia","2016A000259","Sulphur","Tonnes","288","units","0","v18154","5.7","","x","r","","0"
"2016-01","Canada","2016A000011124","Propane","Cubic metres","72","thousands","3","v18135","1.4","1012.0","","","","1"
"2016-01","Canada","2016A000011124","Butane","Cubic metres","72","thousands","3","v18140","1.5","634.4","","","","1"
"2016-01","Canada","2016A000011124","Ethane","Cubic metres","72","thousands","3","v18145","1.6","1286.1","","","","1"
"2016-01","Canada","2016A000011124","Sulphur","Tonnes","288","units","0","v18150","1.7","422913","","","","0"
"2016-01","Nova Scotia","2016A000212","Propane","Cubic metres","72","thousands","3","v783740","6.4","","x","","","1"
"2016-01","Nova Scotia","2016A000212","Butane","Cubic metres","72","thousands","3","v783741","6.5","","x","","","1"
"2016-01","Ontario","2016A000235","Propane","Cubic metres","72","thousands","3","v107638452","7.4","","x","","","1"
"2016-01","Ontario","2016A000235","Butane","Cubic metres","72","thousands","3","v107638453","7.5","","x","","","1"
"2016-01","Saskatchewan","2016A000247","Propane","Cubic metres","72","thousands","3","v18137","3.4","","x","","","1"
"2016-01","Saskatchewan","2016A000247","Butane","Cubic metres","72","thousands","3","v18142","3.5","","x","","","1"
"2016-01","Saskatchewan","2016A000247","Ethane","Cubic metres","72","thousands","3","v18147","3.6","","x","","","1"
"2016-01","Alberta","2016A000248","Propane","Cubic metres","72","thousands","3","v18138","4.4","527.5","","","","1"
"2016-01","Alberta","2016A000248","Butane","Cubic metres","72","thousands","3","v18143","4.5","419.7","","","","1"
"2016-01","Alberta","2016A000248","Ethane","Cubic metres","72","thousands","3","v18148","4.6","1166.0","","","","1"
"2016-01","Alberta","2016A000248","Sulphur","Tonnes","288","units","0","v18153","4.7","","x","","","0"
"2016-01","British Columbia","2016A000259","Propane","Cubic metres","72","thousands","3","v18139","5.4","","x","","","1"
"2016-01","British Columbia","2016A000259","Butane","Cubic metres","72","thousands","3","v18144","5.5","","x","","","1"
"2016-01","British Columbia","2016A000259","Ethane","Cubic metres","72","thousands","3","v18149","5.6","","x","","","1"
"2016-01","British Columbia","2016A000259","Sulphur","Tonnes","288","units","0","v18154","5.7","","x","","","0"
"2016-02","Canada","2016A000011124","Propane","Cubic metres","72","thousands","3","v18135","1.4","918.0","","","","1"
"2016-02","Canada","2016A000011124","Butane","Cubic metres","72","thousands","3","v18140","1.5","587.3","","","","1"
"2016-02","Canada","2016A000011124","Ethane","Cubic metres","72","thousands","3","v18145","1.6","1235.5","","","","1"
"2016-02","Canada","2016A000011124","Sulphur","Tonnes","288","units","0","v18150","1.7","356720","","","","0"
"2016-02","Nova Scotia","2016A000212","Propane","Cubic metres","72","thousands","3","v783740","6.4","","x","","","1"
"2016-02","Nova Scotia","2016A000212","Butane","Cubic metres","72","thousands","3","v783741","6.5","","x","","","1"
"2016-02","Ontario","2016A000235","Propane","Cubic metres","72","thousands","3","v107638452","7.4","","x","","","1"
"2016-02","Ontario","2016A000235","Butane","Cubic metres","72","thousands","3","v107638453","7.5","","x","","","1"
"2016-02","Saskatchewan","2016A000247","Propane","Cubic metres","72","thousands","3","v18137","3.4","","x","","","1"
"2016-02","Saskatchewan","2016A000247","Butane","Cubic metres","72","thousands","3","v18142","3.5","","x","","","1"
"2016-02","Saskatchewan","2016A000247","Ethane","Cubic metres","72","thousands","3","v18147","3.6","","x","","","1"
"2016-02","Alberta","2016A000248","Propane","Cubic metres","72","thousands","3","v18138","4.4","530.0","","","","1"
"2016-02","Alberta","2016A000248","Butane","Cubic metres","72","thousands","3","v18143","4.5","401.5","","","","1"
"2016-02","Alberta","2016A000248","Ethane","Cubic metres","72","thousands","3","v18148","4.6","1123.4","","","","1"
"2016-02","Alberta","2016A000248","Sulphur","Tonnes","288","units","0","v18153","4.7","","x","","","0"
"2016-02","British Columbia","2016A000259","Propane","Cubic metres","72","thousands","3","v18139","5.4","","x","","","1"
"2016-02","British Columbia","2016A000259","Butane","Cubic metres","72","thousands","3","v18144","5.5","","x","","","1"
"2016-02","British Columbia","2016A000259","Ethane","Cubic metres","72","thousands","3","v18149","5.6","","x","","","1"
"2016-02","British Columbia","2016A000259","Sulphur","Tonnes","288","units","0","v18154","5.7","","x","","","0"
"2016-03","Canada","2016A000011124","Propane","Cubic metres","72","thousands","3","v18135","1.4","930.8","","","","1"
"2016-03","Canada","2016A000011124","Butane","Cubic metres","72","thousands","3","v18140","1.5","645.5","","","","1"
"2016-03","Canada","2016A000011124","Ethane","Cubic metres","72","thousands","3","v18145","1.6","1260.9","","","","1"
"2016-03","Canada","2016A000011124","Sulphur","Tonnes","288","units","0","v18150","1.7","396774","","","","0"
"2016-03","Nova Scotia","2016A000212","Propane","Cubic metres","72","thousands","3","v783740","6.4","","x","","","1"
"2016-03","Nova Scotia","2016A000212","Butane","Cubic metres","72","thousands","3","v783741","6.5","","x","","","1"
"2016-03","Ontario","2016A000235","Propane","Cubic metres","72","thousands","3","v107638452","7.4","","x","","","1"
"2016-03","Ontario","2016A000235","Butane","Cubic metres","72","thousands","3","v107638453","7.5","","x","","","1"
"2016-03","Saskatchewan","2016A000247","Propane","Cubic metres","72","thousands","3","v18137","3.4","","x","","","1"
"2016-03","Saskatchewan","2016A000247","Butane","Cubic metres","72","thousands","3","v18142","3.5","","x","","","1"
"2016-03","Saskatchewan","2016A000247","Ethane","Cubic metres","72","thousands","3","v18147","3.6","","x","","","1"
"2016-03","Alberta","2016A000248","Propane","Cubic metres","72","thousands","3","v18138","4.4","508.4","","","","1"
"2016-03","Alberta","2016A000248","Butane","Cubic metres","72","thousands","3","v18143","4.5","421.9","","","","1"
"2016-03","Alberta","2016A000248","Ethane","Cubic metres","72","thousands","3","v18148","4.6","1148.8","","","","1"
"2016-03","Alberta","2016A000248","Sulphur","Tonnes","288","units","0","v18153","4.7","","x","","","0"
"2016-03","British Columbia","2016A000259","Propane","Cubic metres","72","thousands","3","v18139","5.4","","x","","","1"
"2016-03","British Columbia","2016A000259","Butane","Cubic metres","72","thousands","3","v18144","5.5","","x","","","1"
"2016-03","British Columbia","2016A000259","Ethane","Cubic metres","72","thousands","3","v18149","5.6","","x","","","1"
"2016-03","British Columbia","2016A000259","Sulphur","Tonnes","288","units","0","v18154","5.7","","x","","","0"
"2016-04","Canada","2016A000011124","Propane","Cubic metres","72","thousands","3","v18135","1.4","925.3","","","","1"
"2016-04","Canada","2016A000011124","Butane","Cubic metres","72","thousands","3","v18140","1.5","633.1","","","","1"
"2016-04","Canada","2016A000011124","Ethane","Cubic metres","72","thousands","3","v18145","1.6","1119.6","","","","1"
"2016-04","Canada","2016A000011124","Sulphur","Tonnes","288","units","0","v18150","1.7","311086","","","","0"
"2016-04","Nova Scotia","2016A000212","Propane","Cubic metres","72","thousands","3","v783740","6.4","","x","","","1"
"2016-04","Nova Scotia","2016A000212","Butane","Cubic metres","72","thousands","3","v783741","6.5","","x","","","1"
"2016-04","Ontario","2016A000235","Propane","Cubic metres","72","thousands","3","v107638452","7.4","","x","","","1"
"2016-04","Ontario","2016A000235","Butane","Cubic metres","72","thousands","3","v107638453","7.5","","x","","","1"
"2016-04","Saskatchewan","2016A000247","Propane","Cubic metres","72","thousands","3","v18137","3.4","","x","","","1"
"2016-04","Saskatchewan","2016A000247","Butane","Cubic metres","72","thousands","3","v18142","3.5","","x","","","1"
"2016-04","Saskatchewan","2016A000247","Ethane","Cubic metres","72","thousands","3","v18147","3.6","","x","","","1"
"2016-04","Alberta","2016A000248","Propane","Cubic metres","72","thousands","3","v18138","4.4","484.6","","","","1"
"2016-04","Alberta","2016A000248","Butane","Cubic metres","72","thousands","3","v18143","4.5","411.7","","","","1"
"2016-04","Alberta","2016A000248","Ethane","Cubic metres","72","thousands","3","v18148","4.6","1027.7","","","","1"
"2016-04","Alberta","2016A000248","Sulphur","Tonnes","288","units","0","v18153","4.7","","x","","","0"
"2016-04","British Columbia","2016A000259","Propane","Cubic metres","72","thousands","3","v18139","5.4","","x","","","1"
"2016-04","British Columbia","2016A000259","Butane","Cubic metres","72","thousands","3","v18144","5.5","","x","","","1"
"2016-04","British Columbia","2016A000259","Ethane","Cubic metres","72","thousands","3","v18149","5.6","","x","","","1"
"2016-04","British Columbia","2016A000259","Sulphur","Tonnes","288","units","0","v18154","5.7","","x","","","0"
"2016-05","Canada","2016A000011124","Propane","Cubic metres","72","thousands","3","v18135","1.4","897.5","","","","1"
"2016-05","Canada","2016A000011124","Butane","Cubic metres","72","thousands","3","v18140","1.5","669.9","","","","1"
"2016-05","Canada","2016A000011124","Ethane","Cubic metres","72","thousands","3","v18145","1.6","1162.5","","","","1"
"2016-05","Canada","2016A000011124","Sulphur","Tonnes","288","units","0","v18150","1.7","260657","","","","0"
"2016-05","Nova Scotia","2016A000212","Propane","Cubic metres","72","thousands","3","v783740","6.4","","x","","","1"
"2016-05","Nova Scotia","2016A000212","Butane","Cubic metres","72","thousands","3","v783741","6.5","","x","","","1"
"2016-05","Ontario","2016A000235","Propane","Cubic metres","72","thousands","3","v107638452","7.4","","x","","","1"
"2016-05","Ontario","2016A000235","Butane","Cubic metres","72","thousands","3","v107638453","7.5","","x","","","1"
"2016-05","Saskatchewan","2016A000247","Propane","Cubic metres","72","thousands","3","v18137","3.4","","x","","","1"
"2016-05","Saskatchewan","2016A000247","Butane","Cubic metres","72","thousands","3","v18142","3.5","","x","","","1"
"2016-05","Saskatchewan","2016A000247","Ethane","Cubic metres","72","thousands","3","v18147","3.6","","x","","","1"
"2016-05","Alberta","2016A000248","Propane","Cubic metres","72","thousands","3","v18138","4.4","421.1","","","","1"
"2016-05","Alberta","2016A000248","Butane","Cubic metres","72","thousands","3","v18143","4.5","428.7","","","","1"
"2016-05","Alberta","2016A000248","Ethane","Cubic metres","72","thousands","3","v18148","4.6","1057.2","","","","1"
"2016-05","Alberta","2016A000248","Sulphur","Tonnes","288","units","0","v18153","4.7","","x","","","0"
"2016-05","British Columbia","2016A000259","Propane","Cubic metres","72","thousands","3","v18139","5.4","","x","","","1"
"2016-05","British Columbia","2016A000259","Butane","Cubic metres","72","thousands","3","v18144","5.5","","x","","","1"
"2016-05","British Columbia","2016A000259","Ethane","Cubic metres","72","thousands","3","v18149","5.6","","x","","","1"
"2016-05","British Columbia","2016A000259","Sulphur","Tonnes","288","units","0","v18154","5.7","","x","","","0"
"2016-06","Canada","2016A000011124","Propane","Cubic metres","72","thousands","3","v18135","1.4","889.0","","","","1"
"2016-06","Canada","2016A000011124","Butane","Cubic metres","72","thousands","3","v18140","1.5","620.6","","","","1"
"2016-06","Canada","2016A000011124","Ethane","Cubic metres","72","thousands","3","v18145","1.6","1150.3","","","","1"
"2016-06","Canada","2016A000011124","Sulphur","Tonnes","288","units","0","v18150","1.7","263934","","","","0"
"2016-06","Nova Scotia","2016A000212","Propane","Cubic metres","72","thousands","3","v783740","6.4","","x","","","1"
"2016-06","Nova Scotia","2016A000212","Butane","Cubic metres","72","thousands","3","v783741","6.5","","x","","","1"
"2016-06","Ontario","2016A000235","Propane","Cubic metres","72","thousands","3","v107638452","7.4","","x","","","1"
"2016-06","Ontario","2016A000235","Butane","Cubic metres","72","thousands","3","v107638453","7.5","","x","","","1"
"2016-06","Saskatchewan","2016A000247","Propane","Cubic metres","72","thousands","3","v18137","3.4","","x","","","1"
"2016-06","Saskatchewan","2016A000247","Butane","Cubic metres","72","thousands","3","v18142","3.5","","x","","","1"
"2016-06","Saskatchewan","2016A000247","Ethane","Cubic metres","72","thousands","3","v18147","3.6","","x","","","1"
"2016-06","Alberta","2016A000248","Propane","Cubic metres","72","thousands","3","v18138","4.4","485.2","","","","1"
"2016-06","Alberta","2016A000248","Butane","Cubic metres","72","thousands","3","v18143","4.5","411.0","","","","1"
"2016-06","Alberta","2016A000248","Ethane","Cubic metres","72","thousands","3","v18148","4.6","1052.0","","","","1"
"2016-06","Alberta","2016A000248","Sulphur","Tonnes","288","units","0","v18153","4.7","","x","","","0"
"2016-06","British Columbia","2016A000259","Propane","Cubic metres","72","thousands","3","v18139","5.4","","x","","","1"
"2016-06","British Columbia","2016A000259","Butane","Cubic metres","72","thousands","3","v18144","5.5","","x","","","1"
"2016-06","British Columbia","2016A000259","Ethane","Cubic metres","72","thousands","3","v18149","5.6","","x","","","1"
"2016-06","British Columbia","2016A000259","Sulphur","Tonnes","288","units","0","v18154","5.7","","x","","","0"
"2016-07","Canada","2016A000011124","Propane","Cubic metres","72","thousands","3","v18135","1.4","1059.0","","","","1"
"2016-07","Canada","2016A000011124","Butane","Cubic metres","72","thousands","3","v18140","1.5","701.8","","","","1"
"2016-07","Canada","2016A000011124","Ethane","Cubic metres","72","thousands","3","v18145","1.6","1311.5","","","","1"
"2016-07","Canada","2016A000011124","Sulphur","Tonnes","288","units","0","v18150","1.7","357334","","","","0"
"2016-07","Nova Scotia","2016A000212","Propane","Cubic metres","72","thousands","3","v783740","6.4","","x","","","1"
"2016-07","Nova Scotia","2016A000212","Butane","Cubic metres","72","thousands","3","v783741","6.5","","x","","","1"
"2016-07","Ontario","2016A000235","Propane","Cubic metres","72","thousands","3","v107638452","7.4","","x","","","1"
"2016-07","Ontario","2016A000235","Butane","Cubic metres","72","thousands","3","v107638453","7.5","","x","","","1"
"2016-07","Saskatchewan","2016A000247","Propane","Cubic metres","72","thousands","3","v18137","3.4","","x","","","1"
"2016-07","Saskatchewan","2016A000247","Butane","Cubic metres","72","thousands","3","v18142","3.5","","x","","","1"
"2016-07","Saskatchewan","2016A000247","Ethane","Cubic metres","72","thousands","3","v18147","3.6","","x","","","1"
"2016-07","Alberta","2016A000248","Propane","Cubic metres","72","thousands","3","v18138","4.4","575.3","","","","1"
"2016-07","Alberta","2016A000248","Butane","Cubic metres","72","thousands","3","v18143","4.5","468.7","","","","1"
"2016-07","Alberta","2016A000248","Ethane","Cubic metres","72","thousands","3","v18148","4.6","1208.0","","","","1"
"2016-07","Alberta","2016A000248","Sulphur","Tonnes","288","units","0","v18153","4.7","","x","","","0"
"2016-07","British Columbia","2016A000259","Propane","Cubic metres","72","thousands","3","v18139","5.4","","x","","","1"
"2016-07","British Columbia","2016A000259","Butane","Cubic metres","72","thousands","3","v18144","5.5","","x","","","1"
"2016-07","British Columbia","2016A000259","Ethane","Cubic metres","72","thousands","3","v18149","5.6","","x","","","1"
"2016-07","British Columbia","2016A000259","Sulphur","Tonnes","288","units","0","v18154","5.7","","x","","","0"
"2016-08","Canada","2016A000011124","Propane","Cubic metres","72","thousands","3","v18135","1.4","964.9","","","","1"
"2016-08","Canada","2016A000011124","Butane","Cubic metres","72","thousands","3","v18140","1.5","605.3","","","","1"
"2016-08","Canada","2016A000011124","Ethane","Cubic metres","72","thousands","3","v18145","1.6","1272.2","","","","1"
"2016-08","Canada","2016A000011124","Sulphur","Tonnes","288","units","0","v18150","1.7","381912","","","","0"
"2016-08","Nova Scotia","2016A000212","Propane","Cubic metres","72","thousands","3","v783740","6.4","","x","","","1"
"2016-08","Nova Scotia","2016A000212","Butane","Cubic metres","72","thousands","3","v783741","6.5","","x","","","1"
"2016-08","Ontario","2016A000235","Propane","Cubic metres","72","thousands","3","v107638452","7.4","","x","","","1"
"2016-08","Ontario","2016A000235","Butane","Cubic metres","72","thousands","3","v107638453","7.5","","x","","","1"
"2016-08","Saskatchewan","2016A000247","Propane","Cubic metres","72","thousands","3","v18137","3.4","","x","","","1"
"2016-08","Saskatchewan","2016A000247","Butane","Cubic metres","72","thousands","3","v18142","3.5","","x","","","1"
"2016-08","Saskatchewan","2016A000247","Ethane","Cubic metres","72","thousands","3","v18147","3.6","","x","","","1"
"2016-08","Alberta","2016A000248","Propane","Cubic metres","72","thousands","3","v18138","4.4","555.6","","","","1"
"2016-08","Alberta","2016A000248","Butane","Cubic metres","72","thousands","3","v18143","4.5","408.3","","","","1"
"2016-08","Alberta","2016A000248","Ethane","Cubic metres","72","thousands","3","v18148","4.6","1175.1","","","","1"
"2016-08","Alberta","2016A000248","Sulphur","Tonnes","288","units","0","v18153","4.7","","x","","","0"
"2016-08","British Columbia","2016A000259","Propane","Cubic metres","72","thousands","3","v18139","5.4","","x","","","1"
"2016-08","British Columbia","2016A000259","Butane","Cubic metres","72","thousands","3","v18144","5.5","","x","","","1"
"2016-08","British Columbia","2016A000259","Ethane","Cubic metres","72","thousands","3","v18149","5.6","","x","","","1"
"2016-08","British Columbia","2016A000259","Sulphur","Tonnes","288","units","0","v18154","5.7","","x","","","0"
"2016-09","Canada","2016A000011124","Propane","Cubic metres","72","thousands","3","v18135","1.4","1016.5","","","","1"
"2016-09","Canada","2016A000011124","Butane","Cubic metres","72","thousands","3","v18140","1.5","650.8","","","","1"
"2016-09","Canada","2016A000011124","Ethane","Cubic metres","72","thousands","3","v18145","1.6","1268.4","","","","1"
"2016-09","Canada","2016A000011124","Sulphur","Tonnes","288","units","0","v18150","1.7","364766","","","","0"
"2016-09","Nova Scotia","2016A000212","Propane","Cubic metres","72","thousands","3","v783740","6.4","","x","","","1"
"2016-09","Nova Scotia","2016A000212","Butane","Cubic metres","72","thousands","3","v783741","6.5","","x","","","1"
"2016-09","Ontario","2016A000235","Propane","Cubic metres","72","thousands","3","v107638452","7.4","","x","","","1"
"2016-09","Ontario","2016A000235","Butane","Cubic metres","72","thousands","3","v107638453","7.5","","x","","","1"
"2016-09","Saskatchewan","2016A000247","Propane","Cubic metres","72","thousands","3","v18137","3.4","","x","","","1"
"2016-09","Saskatchewan","2016A000247","Butane","Cubic metres","72","thousands","3","v18142","3.5","","x","","","1"
"2016-09","Saskatchewan","2016A000247","Ethane","Cubic metres","72","thousands","3","v18147","3.6","","x","","","1"
"2016-09","Alberta","2016A000248","Propane","Cubic metres","72","thousands","3","v18138","4.4","556.8","","","","1"
"2016-09","Alberta","2016A000248","Butane","Cubic metres","72","thousands","3","v18143","4.5","415.1","","","","1"
"2016-09","Alberta","2016A000248","Ethane","Cubic metres","72","thousands","3","v18148","4.6","1171.5","","","","1"
"2016-09","Alberta","2016A000248","Sulphur","Tonnes","288","units","0","v18153","4.7","","x","","","0"
"2016-09","British Columbia","2016A000259","Propane","Cubic metres","72","thousands","3","v18139","5.4","","x","","","1"
"2016-09","British Columbia","2016A000259","Butane","Cubic metres","72","thousands","3","v18144","5.5","","x","","","1"
"2016-09","British Columbia","2016A000259","Ethane","Cubic metres","72","thousands","3","v18149","5.6","","x","","","1"
"2016-09","British Columbia","2016A000259","Sulphur","Tonnes","288","units","0","v18154","5.7","","x","","","0"
"2016-10","Canada","2016A000011124","Propane","Cubic metres","72","thousands","3","v18135","1.4","1037.2","","","","1"
"2016-10","Canada","2016A000011124","Butane","Cubic metres","72","thousands","3","v18140","1.5","609.9","","","","1"
"2016-10","Canada","2016A000011124","Ethane","Cubic metres","72","thousands","3","v18145","1.6","1373.0","","","","1"
"2016-10","Canada","2016A000011124","Sulphur","Tonnes","288","units","0","v18150","1.7","380436","","","","0"
"2016-10","Nova Scotia","2016A000212","Propane","Cubic metres","72","thousands","3","v783740","6.4","","x","","","1"
"2016-10","Nova Scotia","2016A000212","Butane","Cubic metres","72","thousands","3","v783741","6.5","","x","","","1"
"2016-10","Ontario","2016A000235","Propane","Cubic metres","72","thousands","3","v107638452","7.4","","x","","","1"
"2016-10","Ontario","2016A000235","Butane","Cubic metres","72","thousands","3","v107638453","7.5","","x","","","1"
"2016-10","Saskatchewan","2016A000247","Propane","Cubic metres","72","thousands","3","v18137","3.4","","x","","","1"
"2016-10","Saskatchewan","2016A000247","Butane","Cubic metres","72","thousands","3","v18142","3.5","","x","","","1"
"2016-10","Saskatchewan","2016A000247","Ethane","Cubic metres","72","thousands","3","v18147","3.6","","x","","","1"
"2016-10","Alberta","2016A000248","Propane","Cubic metres","72","thousands","3","v18138","4.4","580.1","","","","1"
"2016-10","Alberta","2016A000248","Butane","Cubic metres","72","thousands","3","v18143","4.5","403.2","","","","1"
"2016-10","Alberta","2016A000248","Ethane","Cubic metres","72","thousands","3","v18148","4.6","1282.0","","","","1"
"2016-10","Alberta","2016A000248","Sulphur","Tonnes","288","units","0","v18153","4.7","","x","","","0"
"2016-10","British Columbia","2016A000259","Propane","Cubic metres","72","thousands","3","v18139","5.4","","x","","","1"
"2016-10","British Columbia","2016A000259","Butane","Cubic metres","72","thousands","3","v18144","5.5","","x","","","1"
"2016-10","British Columbia","2016A000259","Ethane","Cubic metres","72","thousands","3","v18149","5.6","","x","","","1"
"2016-10","British Columbia","2016A000259","Sulphur","Tonnes","288","units","0","v18154","5.7","","x","","","0"
"2016-11","Canada","2016A000011124","Propane","Cubic metres","72","thousands","3","v18135","1.4","1091.9","","","","1"
"2016-11","Canada","2016A000011124","Butane","Cubic metres","72","thousands","3","v18140","1.5","670.1","","","","1"
"2016-11","Canada","2016A000011124","Ethane","Cubic metres","72","thousands","3","v18145","1.6","1404.4","","","","1"
"2016-11","Canada","2016A000011124","Sulphur","Tonnes","288","units","0","v18150","1.7","385632","","","","0"
"2016-11","Nova Scotia","2016A000212","Propane","Cubic metres","72","thousands","3","v783740","6.4","","x","","","1"
"2016-11","Nova Scotia","2016A000212","Butane","Cubic metres","72","thousands","3","v783741","6.5","","x","","","1"
"2016-11","Ontario","2016A000235","Propane","Cubic metres","72","thousands","3","v107638452","7.4","","x","","","1"
"2016-11","Ontario","2016A000235","Butane","Cubic metres","72","thousands","3","v107638453","7.5","","x","","","1"
"2016-11","Saskatchewan","2016A000247","Propane","Cubic metres","72","thousands","3","v18137","3.4","","x","","","1"
"2016-11","Saskatchewan","2016A000247","Butane","Cubic metres","72","thousands","3","v18142","3.5","","x","","","1"
"2016-11","Saskatchewan","2016A000247","Ethane","Cubic metres","72","thousands","3","v18147","3.6","","x","","","1"
"2016-11","Alberta","2016A000248","Propane","Cubic metres","72","thousands","3","v18138","4.4","658.0","","","","1"
"2016-11","Alberta","2016A000248","Butane","Cubic metres","72","thousands","3","v18143","4.5","459.3","","","","1"
"2016-11","Alberta","2016A000248","Ethane","Cubic metres","72","thousands","3","v18148","4.6","1298.6","","","","1"
"2016-11","Alberta","2016A000248","Sulphur","Tonnes","288","units","0","v18153","4.7","","x","","","0"
"2016-11","British Columbia","2016A000259","Propane","Cubic metres","72","thousands","3","v18139","5.4","","x","","","1"
"2016-11","British Columbia","2016A000259","Butane","Cubic metres","72","thousands","3","v18144","5.5","","x","","","1"
"2016-11","British Columbia","2016A000259","Ethane","Cubic metres","72","thousands","3","v18149","5.6","","x","","","1"
"2016-11","British Columbia","2016A000259","Sulphur","Tonnes","288","units","0","v18154","5.7","","x","","","0"
"2016-12","Canada","2016A000011124","Propane","Cubic metres","72","thousands","3","v18135","1.4","1036.4","","","","1"
"2016-12","Canada","2016A000011124","Butane","Cubic metres","72","thousands","3","v18140","1.5","650.8","","","","1"
"2016-12","Canada","2016A000011124","Ethane","Cubic metres","72","thousands","3","v18145","1.6","1344.5","","","","1"
"2016-12","Canada","2016A000011124","Sulphur","Tonnes","288","units","0","v18150","1.7","406676","","","","0"
"2016-12","Nova Scotia","2016A000212","Propane","Cubic metres","72","thousands","3","v783740","6.4","","x","","","1"
"2016-12","Nova Scotia","2016A000212","Butane","Cubic metres","72","thousands","3","v783741","6.5","","x","","","1"
"2016-12","Ontario","2016A000235","Propane","Cubic metres","72","thousands","3","v107638452","7.4","","x","","","1"
"2016-12","Ontario","2016A000235","Butane","Cubic metres","72","thousands","3","v107638453","7.5","","x","","","1"
"2016-12","Saskatchewan","2016A000247","Propane","Cubic metres","72","thousands","3","v18137","3.4","","x","","","1"
"2016-12","Saskatchewan","2016A000247","Butane","Cubic metres","72","thousands","3","v18142","3.5","","x","","","1"
"2016-12","Saskatchewan","2016A000247","Ethane","Cubic metres","72","thousands","3","v18147","3.6","","x","","","1"
"2016-12","Alberta","2016A000248","Propane","Cubic metres","72","thousands","3","v18138","4.4","644.2","","","","1"
"2016-12","Alberta","2016A000248","Butane","Cubic metres","72","thousands","3","v18143","4.5","436.5","","","","1"
"2016-12","Alberta","2016A000248","Ethane","Cubic metres","72","thousands","3","v18148","4.6","1234.8","","","","1"
"2016-12","Alberta","2016A000248","Sulphur","Tonnes","288","units","0","v18153","4.7","","x","","","0"
"2016-12","British Columbia","2016A000259","Propane","Cubic metres","72","thousands","3","v18139","5.4","","x","","","1"
"2016-12","British Columbia","2016A000259","Butane","Cubic metres","72","thousands","3","v18144","5.5","","x","","","1"
"2016-12","British Columbia","2016A000259","Ethane","Cubic metres","72","thousands","3","v18149","5.6","","x","","","1"
"2016-12","British Columbia","2016A000259","Sulphur","Tonnes","288","units","0","v18154","5.7","","x","","","0"
"2017-01","Canada","2016A000011124","Propane","Cubic metres","72","thousands","3","v18135","1.4","1111.9","","","","1"
"2017-01","Canada","2016A000011124","Butane","Cubic metres","72","thousands","3","v18140","1.5","668.8","","","","1"
"2017-01","Canada","2016A000011124","Ethane","Cubic metres","72","thousands","3","v18145","1.6","1376.2","","","","1"
"2017-01","Canada","2016A000011124","Sulphur","Tonnes","288","units","0","v18150","1.7","420978","","","","0"
"2017-01","Nova Scotia","2016A000212","Propane","Cubic metres","72","thousands","3","v783740","6.4","","x","","","1"
"2017-01","Nova Scotia","2016A000212","Butane","Cubic metres","72","thousands","3","v783741","6.5","","x","","","1"
"2017-01","Ontario","2016A000235","Propane","Cubic metres","72","thousands","3","v107638452","7.4","","x","","","1"
"2017-01","Ontario","2016A000235","Butane","Cubic metres","72","thousands","3","v107638453","7.5","","x","","","1"
"2017-01","Saskatchewan","2016A000247","Propane","Cubic metres","72","thousands","3","v18137","3.4","","x","","","1"
"2017-01","Saskatchewan","2016A000247","Butane","Cubic metres","72","thousands","3","v18142","3.5","","x","","","1"
"2017-01","Saskatchewan","2016A000247","Ethane","Cubic metres","72","thousands","3","v18147","3.6","","x","","","1"
"2017-01","Alberta","2016A000248","Propane","Cubic metres","72","thousands","3","v18138","4.4","714.9","","","","1"
"2017-01","Alberta","2016A000248","Butane","Cubic metres","72","thousands","3","v18143","4.5","452.3","","","","1"
"2017-01","Alberta","2016A000248","Ethane","Cubic metres","72","thousands","3","v18148","4.6","1267.2","","","","1"
"2017-01","Alberta","2016A000248","Sulphur","Tonnes","288","units","0","v18153","4.7","","x","","","0"
"2017-01","British Columbia","2016A000259","Propane","Cubic metres","72","thousands","3","v18139","5.4","","x","","","1"
"2017-01","British Columbia","2016A000259","Butane","Cubic metres","72","thousands","3","v18144","5.5","","x","","","1"
"2017-01","British Columbia","2016A000259","Ethane","Cubic metres","72","thousands","3","v18149","5.6","","x","","","1"
"2017-01","British Columbia","2016A000259","Sulphur","Tonnes","288","units","0","v18154","5.7","","x","","","0"
"2017-02","Canada","2016A000011124","Propane","Cubic metres","72","thousands","3","v18135","1.4","1075.7","","","","1"
"2017-02","Canada","2016A000011124","Butane","Cubic metres","72","thousands","3","v18140","1.5","627.1","","","","1"
"2017-02","Canada","2016A000011124","Ethane","Cubic metres","72","thousands","3","v18145","1.6","1150.9","","","","1"
"2017-02","Canada","2016A000011124","Sulphur","Tonnes","288","units","0","v18150","1.7","355083","","","","0"
"2017-02","Nova Scotia","2016A000212","Propane","Cubic metres","72","thousands","3","v783740","6.4","","x","","","1"
"2017-02","Nova Scotia","2016A000212","Butane","Cubic metres","72","thousands","3","v783741","6.5","","x","","","1"
"2017-02","Ontario","2016A000235","Propane","Cubic metres","72","thousands","3","v107638452","7.4","","x","","","1"
"2017-02","Ontario","2016A000235","Butane","Cubic metres","72","thousands","3","v107638453","7.5","","x","","","1"
"2017-02","Saskatchewan","2016A000247","Propane","Cubic metres","72","thousands","3","v18137","3.4","","x","","","1"
"2017-02","Saskatchewan","2016A000247","Butane","Cubic metres","72","thousands","3","v18142","3.5","","x","","","1"
"2017-02","Saskatchewan","2016A000247","Ethane","Cubic metres","72","thousands","3","v18147","3.6","","x","","","1"
"2017-02","Alberta","2016A000248","Propane","Cubic metres","72","thousands","3","v18138","4.4","656.6","","","","1"
"2017-02","Alberta","2016A000248","Butane","Cubic metres","72","thousands","3","v18143","4.5","419.7","","","","1"
"2017-02","Alberta","2016A000248","Ethane","Cubic metres","72","thousands","3","v18148","4.6","1050.7","","","","1"
"2017-02","Alberta","2016A000248","Sulphur","Tonnes","288","units","0","v18153","4.7","","x","","","0"
"2017-02","British Columbia","2016A000259","Propane","Cubic metres","72","thousands","3","v18139","5.4","","x","","","1"
"2017-02","British Columbia","2016A000259","Butane","Cubic metres","72","thousands","3","v18144","5.5","","x","","","1"
"2017-02","British Columbia","2016A000259","Ethane","Cubic metres","72","thousands","3","v18149","5.6","","x","","","1"
"2017-02","British Columbia","2016A000259","Sulphur","Tonnes","288","units","0","v18154","5.7","","x","","","0"
"2017-03","Canada","2016A000011124","Propane","Cubic metres","72","thousands","3","v18135","1.4","1109.6","","","","1"
"2017-03","Canada","2016A000011124","Butane","Cubic metres","72","thousands","3","v18140","1.5","653.7","","","","1"
"2017-03","Canada","2016A000011124","Ethane","Cubic metres","72","thousands","3","v18145","1.6","1328.9","","","","1"
"2017-03","Canada","2016A000011124","Sulphur","Tonnes","288","units","0","v18150","1.7","346073","","","","0"
"2017-03","Nova Scotia","2016A000212","Propane","Cubic metres","72","thousands","3","v783740","6.4","","x","","","1"
"2017-03","Nova Scotia","2016A000212","Butane","Cubic metres","72","thousands","3","v783741","6.5","","x","","","1"
"2017-03","Ontario","2016A000235","Propane","Cubic metres","72","thousands","3","v107638452","7.4","","x","","","1"
"2017-03","Ontario","2016A000235","Butane","Cubic metres","72","thousands","3","v107638453","7.5","","x","","","1"
"2017-03","Saskatchewan","2016A000247","Propane","Cubic metres","72","thousands","3","v18137","3.4","","x","","","1"
"2017-03","Saskatchewan","2016A000247","Butane","Cubic metres","72","thousands","3","v18142","3.5","","x","","","1"
"2017-03","Saskatchewan","2016A000247","Ethane","Cubic metres","72","thousands","3","v18147","3.6","","x","","","1"
"2017-03","Alberta","2016A000248","Propane","Cubic metres","72","thousands","3","v18138","4.4","659.9","","","","1"
"2017-03","Alberta","2016A000248","Butane","Cubic metres","72","thousands","3","v18143","4.5","423.0","","","","1"
"2017-03","Alberta","2016A000248","Ethane","Cubic metres","72","thousands","3","v18148","4.6","1219.8","","","","1"
"2017-03","Alberta","2016A000248","Sulphur","Tonnes","288","units","0","v18153","4.7","","x","","","0"
"2017-03","British Columbia","2016A000259","Propane","Cubic metres","72","thousands","3","v18139","5.4","","x","","","1"
"2017-03","British Columbia","2016A000259","Butane","Cubic metres","72","thousands","3","v18144","5.5","","x","","","1"
"2017-03","British Columbia","2016A000259","Ethane","Cubic metres","72","thousands","3","v18149","5.6","","x","","","1"
"2017-03","British Columbia","2016A000259","Sulphur","Tonnes","288","units","0","v18154","5.7","","x","","","0"
"2017-04","Canada","2016A000011124","Propane","Cubic metres","72","thousands","3","v18135","1.4","952.0","","","","1"
"2017-04","Canada","2016A000011124","Butane","Cubic metres","72","thousands","3","v18140","1.5","586.3","","","","1"
"2017-04","Canada","2016A000011124","Ethane","Cubic metres","72","thousands","3","v18145","1.6","1115.3","","","","1"
"2017-04","Canada","2016A000011124","Sulphur","Tonnes","288","units","0","v18150","1.7","272545","","","","0"
"2017-04","Nova Scotia","2016A000212","Propane","Cubic metres","72","thousands","3","v783740","6.4","","x","","","1"
"2017-04","Nova Scotia","2016A000212","Butane","Cubic metres","72","thousands","3","v783741","6.5","","x","","","1"
"2017-04","Ontario","2016A000235","Propane","Cubic metres","72","thousands","3","v107638452","7.4","","x","","","1"
"2017-04","Ontario","2016A000235","Butane","Cubic metres","72","thousands","3","v107638453","7.5","","x","","","1"
"2017-04","Saskatchewan","2016A000247","Propane","Cubic metres","72","thousands","3","v18137","3.4","","x","","","1"
"2017-04","Saskatchewan","2016A000247","Butane","Cubic metres","72","thousands","3","v18142","3.5","","x","","","1"
"2017-04","Saskatchewan","2016A000247","Ethane","Cubic metres","72","thousands","3","v18147","3.6","","x","","","1"
"2017-04","Alberta","2016A000248","Propane","Cubic metres","72","thousands","3","v18138","4.4","537.2","","","","1"
"2017-04","Alberta","2016A000248","Butane","Cubic metres","72","thousands","3","v18143","4.5","375.1","","","","1"
"2017-04","Alberta","2016A000248","Ethane","Cubic metres","72","thousands","3","v18148","4.6","1013.7","","","","1"
"2017-04","Alberta","2016A000248","Sulphur","Tonnes","288","units","0","v18153","4.7","","x","","","0"
"2017-04","British Columbia","2016A000259","Propane","Cubic metres","72","thousands","3","v18139","5.4","","x","","","1"
"2017-04","British Columbia","2016A000259","Butane","Cubic metres","72","thousands","3","v18144","5.5","","x","","","1"
"2017-04","British Columbia","2016A000259","Ethane","Cubic metres","72","thousands","3","v18149","5.6","","x","","","1"
"2017-04","British Columbia","2016A000259","Sulphur","Tonnes","288","units","0","v18154","5.7","","x","","","0"
"2017-05","Canada","2016A000011124","Propane","Cubic metres","72","thousands","3","v18135","1.4","1061.3","","","","1"
"2017-05","Canada","2016A000011124","Butane","Cubic metres","72","thousands","3","v18140","1.5","626.8","","","","1"
"2017-05","Canada","2016A000011124","Ethane","Cubic metres","72","thousands","3","v18145","1.6","1142.5","","","","1"
"2017-05","Canada","2016A000011124","Sulphur","Tonnes","288","units","0","v18150","1.7","299127","","","","0"
"2017-05","Nova Scotia","2016A000212","Propane","Cubic metres","72","thousands","3","v783740","6.4","","x","","","1"
"2017-05","Nova Scotia","2016A000212","Butane","Cubic metres","72","thousands","3","v783741","6.5","","x","","","1"
"2017-05","Ontario","2016A000235","Propane","Cubic metres","72","thousands","3","v107638452","7.4","","x","","","1"
"2017-05","Ontario","2016A000235","Butane","Cubic metres","72","thousands","3","v107638453","7.5","","x","","","1"
"2017-05","Saskatchewan","2016A000247","Propane","Cubic metres","72","thousands","3","v18137","3.4","","x","","","1"
"2017-05","Saskatchewan","2016A000247","Butane","Cubic metres","72","thousands","3","v18142","3.5","","x","","","1"
"2017-05","Saskatchewan","2016A000247","Ethane","Cubic metres","72","thousands","3","v18147","3.6","","x","","","1"
"2017-05","Alberta","2016A000248","Propane","Cubic metres","72","thousands","3","v18138","4.4","605.9","","","","1"
"2017-05","Alberta","2016A000248","Butane","Cubic metres","72","thousands","3","v18143","4.5","407.3","","","","1"
"2017-05","Alberta","2016A000248","Ethane","Cubic metres","72","thousands","3","v18148","4.6","1044.9","","","","1"
"2017-05","Alberta","2016A000248","Sulphur","Tonnes","288","units","0","v18153","4.7","","x","","","0"
"2017-05","British Columbia","2016A000259","Propane","Cubic metres","72","thousands","3","v18139","5.4","","x","","","1"
"2017-05","British Columbia","2016A000259","Butane","Cubic metres","72","thousands","3","v18144","5.5","","x","","","1"
"2017-05","British Columbia","2016A000259","Ethane","Cubic metres","72","thousands","3","v18149","5.6","","x","","","1"
"2017-05","British Columbia","2016A000259","Sulphur","Tonnes","288","units","0","v18154","5.7","","x","","","0"
"2017-06","Canada","2016A000011124","Propane","Cubic metres","72","thousands","3","v18135","1.4","845.4","","","","1"
"2017-06","Canada","2016A000011124","Butane","Cubic metres","72","thousands","3","v18140","1.5","534.9","","","","1"
"2017-06","Canada","2016A000011124","Ethane","Cubic metres","72","thousands","3","v18145","1.6","969.7","","","","1"
"2017-06","Canada","2016A000011124","Sulphur","Tonnes","288","units","0","v18150","1.7","289995","","","","0"
"2017-06","Nova Scotia","2016A000212","Propane","Cubic metres","72","thousands","3","v783740","6.4","","x","","","1"
"2017-06","Nova Scotia","2016A000212","Butane","Cubic metres","72","thousands","3","v783741","6.5","","x","","","1"
"2017-06","Ontario","2016A000235","Propane","Cubic metres","72","thousands","3","v107638452","7.4","","x","","","1"
"2017-06","Ontario","2016A000235","Butane","Cubic metres","72","thousands","3","v107638453","7.5","","x","","","1"
"2017-06","Saskatchewan","2016A000247","Propane","Cubic metres","72","thousands","3","v18137","3.4","","x","","","1"
"2017-06","Saskatchewan","2016A000247","Butane","Cubic metres","72","thousands","3","v18142","3.5","","x","","","1"
"2017-06","Saskatchewan","2016A000247","Ethane","Cubic metres","72","thousands","3","v18147","3.6","","x","","","1"
"2017-06","Alberta","2016A000248","Propane","Cubic metres","72","thousands","3","v18138","4.4","552.7","","","","1"
"2017-06","Alberta","2016A000248","Butane","Cubic metres","72","thousands","3","v18143","4.5","372.1","","","","1"
"2017-06","Alberta","2016A000248","Ethane","Cubic metres","72","thousands","3","v18148","4.6","932.1","","","","1"
"2017-06","Alberta","2016A000248","Sulphur","Tonnes","288","units","0","v18153","4.7","","x","","","0"
"2017-06","British Columbia","2016A000259","Propane","Cubic metres","72","thousands","3","v18139","5.4","","x","","","1"
"2017-06","British Columbia","2016A000259","Butane","Cubic metres","72","thousands","3","v18144","5.5","","x","","","1"
"2017-06","British Columbia","2016A000259","Ethane","Cubic metres","72","thousands","3","v18149","5.6","","x","","","1"
"2017-06","British Columbia","2016A000259","Sulphur","Tonnes","288","units","0","v18154","5.7","","x","","","0"
"2017-07","Canada","2016A000011124","Propane","Cubic metres","72","thousands","3","v18135","1.4","1011.1","","","","1"
"2017-07","Canada","2016A000011124","Butane","Cubic metres","72","thousands","3","v18140","1.5","657.6","","","","1"
"2017-07","Canada","2016A000011124","Ethane","Cubic metres","72","thousands","3","v18145","1.6","1171.2","","","","1"
"2017-07","Canada","2016A000011124","Sulphur","Tonnes","288","units","0","v18150","1.7","341517","","","","0"
"2017-07","Nova Scotia","2016A000212","Propane","Cubic metres","72","thousands","3","v783740","6.4","","x","","","1"
"2017-07","Nova Scotia","2016A000212","Butane","Cubic metres","72","thousands","3","v783741","6.5","","x","","","1"
"2017-07","Ontario","2016A000235","Propane","Cubic metres","72","thousands","3","v107638452","7.4","","x","","","1"
"2017-07","Ontario","2016A000235","Butane","Cubic metres","72","thousands","3","v107638453","7.5","","x","","","1"
"2017-07","Saskatchewan","2016A000247","Propane","Cubic metres","72","thousands","3","v18137","3.4","","x","","","1"
"2017-07","Saskatchewan","2016A000247","Butane","Cubic metres","72","thousands","3","v18142","3.5","","x","","","1"
"2017-07","Saskatchewan","2016A000247","Ethane","Cubic metres","72","thousands","3","v18147","3.6","","x","","","1"
"2017-07","Alberta","2016A000248","Propane","Cubic metres","72","thousands","3","v18138","4.4","620.1","","","","1"
"2017-07","Alberta","2016A000248","Butane","Cubic metres","72","thousands","3","v18143","4.5","440.0","","","","1"
"2017-07","Alberta","2016A000248","Ethane","Cubic metres","72","thousands","3","v18148","4.6","1112.5","","","","1"
"2017-07","Alberta","2016A000248","Sulphur","Tonnes","288","units","0","v18153","4.7","","x","","","0"
"2017-07","British Columbia","2016A000259","Propane","Cubic metres","72","thousands","3","v18139","5.4","","x","","","1"
"2017-07","British Columbia","2016A000259","Butane","Cubic metres","72","thousands","3","v18144","5.5","","x","","","1"
"2017-07","British Columbia","2016A000259","Ethane","Cubic metres","72","thousands","3","v18149","5.6","","x","","","1"
"2017-07","British Columbia","2016A000259","Sulphur","Tonnes","288","units","0","v18154","5.7","","x","","","0"
"2017-08","Canada","2016A000011124","Propane","Cubic metres","72","thousands","3","v18135","1.4","1101.7","","","","1"
"2017-08","Canada","2016A000011124","Butane","Cubic metres","72","thousands","3","v18140","1.5","702.7","","","","1"
"2017-08","Canada","2016A000011124","Ethane","Cubic metres","72","thousands","3","v18145","1.6","1087.6","","","","1"
"2017-08","Canada","2016A000011124","Sulphur","Tonnes","288","units","0","v18150","1.7","382864","","","","0"
"2017-08","Nova Scotia","2016A000212","Propane","Cubic metres","72","thousands","3","v783740","6.4","","x","","","1"
"2017-08","Nova Scotia","2016A000212","Butane","Cubic metres","72","thousands","3","v783741","6.5","","x","","","1"
"2017-08","Ontario","2016A000235","Propane","Cubic metres","72","thousands","3","v107638452","7.4","","x","","","1"
"2017-08","Ontario","2016A000235","Butane","Cubic metres","72","thousands","3","v107638453","7.5","","x","","","1"
"2017-08","Saskatchewan","2016A000247","Propane","Cubic metres","72","thousands","3","v18137","3.4","","x","","","1"
"2017-08","Saskatchewan","2016A000247","Butane","Cubic metres","72","thousands","3","v18142","3.5","","x","","","1"
"2017-08","Saskatchewan","2016A000247","Ethane","Cubic metres","72","thousands","3","v18147","3.6","","x","","","1"
"2017-08","Alberta","2016A000248","Propane","Cubic metres","72","thousands","3","v18138","4.4","606.4","","","","1"
"2017-08","Alberta","2016A000248","Butane","Cubic metres","72","thousands","3","v18143","4.5","435.3","","","","1"
"2017-08","Alberta","2016A000248","Ethane","Cubic metres","72","thousands","3","v18148","4.6","982.4","","","","1"
"2017-08","Alberta","2016A000248","Sulphur","Tonnes","288","units","0","v18153","4.7","","x","","","0"
"2017-08","British Columbia","2016A000259","Propane","Cubic metres","72","thousands","3","v18139","5.4","","x","","","1"
"2017-08","British Columbia","2016A000259","Butane","Cubic metres","72","thousands","3","v18144","5.5","","x","","","1"
"2017-08","British Columbia","2016A000259","Ethane","Cubic metres","72","thousands","3","v18149","5.6","","x","","","1"
"2017-08","British Columbia","2016A000259","Sulphur","Tonnes","288","units","0","v18154","5.7","","x","","","0"
"2017-09","Canada","2016A000011124","Propane","Cubic metres","72","thousands","3","v18135","1.4","1029.6","","","","1"
"2017-09","Canada","2016A000011124","Butane","Cubic metres","72","thousands","3","v18140","1.5","637.4","","","","1"
"2017-09","Canada","2016A000011124","Ethane","Cubic metres","72","thousands","3","v18145","1.6","1144.7","","","","1"
"2017-09","Canada","2016A000011124","Sulphur","Tonnes","288","units","0","v18150","1.7","353702","","","","0"
"2017-09","Nova Scotia","2016A000212","Propane","Cubic metres","72","thousands","3","v783740","6.4","","x","","","1"
"2017-09","Nova Scotia","2016A000212","Butane","Cubic metres","72","thousands","3","v783741","6.5","","x","","","1"
"2017-09","Ontario","2016A000235","Propane","Cubic metres","72","thousands","3","v107638452","7.4","","x","","","1"
"2017-09","Ontario","2016A000235","Butane","Cubic metres","72","thousands","3","v107638453","7.5","","x","","","1"
"2017-09","Saskatchewan","2016A000247","Propane","Cubic metres","72","thousands","3","v18137","3.4","","x","","","1"
"2017-09","Saskatchewan","2016A000247","Butane","Cubic metres","72","thousands","3","v18142","3.5","","x","","","1"
"2017-09","Saskatchewan","2016A000247","Ethane","Cubic metres","72","thousands","3","v18147","3.6","","x","","","1"
"2017-09","Alberta","2016A000248","Propane","Cubic metres","72","thousands","3","v18138","4.4","579.2","","","","1"
"2017-09","Alberta","2016A000248","Butane","Cubic metres","72","thousands","3","v18143","4.5","405.0","","","","1"
"2017-09","Alberta","2016A000248","Ethane","Cubic metres","72","thousands","3","v18148","4.6","1046.8","","","","1"
"2017-09","Alberta","2016A000248","Sulphur","Tonnes","288","units","0","v18153","4.7","","x","","","0"
"2017-09","British Columbia","2016A000259","Propane","Cubic metres","72","thousands","3","v18139","5.4","","x","","","1"
"2017-09","British Columbia","2016A000259","Butane","Cubic metres","72","thousands","3","v18144","5.5","","x","","","1"
"2017-09","British Columbia","2016A000259","Ethane","Cubic metres","72","thousands","3","v18149","5.6","","x","","","1"
"2017-09","British Columbia","2016A000259","Sulphur","Tonnes","288","units","0","v18154","5.7","","x","","","0"
"2017-10","Canada","2016A000011124","Propane","Cubic metres","72","thousands","3","v18135","1.4","1124.8","","","","1"
"2017-10","Canada","2016A000011124","Butane","Cubic metres","72","thousands","3","v18140","1.5","693.3","","","","1"
"2017-10","Canada","2016A000011124","Ethane","Cubic metres","72","thousands","3","v18145","1.6","1204.4","","","","1"
"2017-10","Canada","2016A000011124","Sulphur","Tonnes","288","units","0","v18150","1.7","354825","","","","0"
"2017-10","Nova Scotia","2016A000212","Propane","Cubic metres","72","thousands","3","v783740","6.4","","x","","","1"
"2017-10","Nova Scotia","2016A000212","Butane","Cubic metres","72","thousands","3","v783741","6.5","","x","","","1"
"2017-10","Ontario","2016A000235","Propane","Cubic metres","72","thousands","3","v107638452","7.4","","x","","","1"
"2017-10","Ontario","2016A000235","Butane","Cubic metres","72","thousands","3","v107638453","7.5","","x","","","1"
"2017-10","Saskatchewan","2016A000247","Propane","Cubic metres","72","thousands","3","v18137","3.4","","x","","","1"
"2017-10","Saskatchewan","2016A000247","Butane","Cubic metres","72","thousands","3","v18142","3.5","","x","","","1"
"2017-10","Saskatchewan","2016A000247","Ethane","Cubic metres","72","thousands","3","v18147","3.6","","x","","","1"
"2017-10","Alberta","2016A000248","Propane","Cubic metres","72","thousands","3","v18138","4.4","669.2","","","","1"
"2017-10","Alberta","2016A000248","Butane","Cubic metres","72","thousands","3","v18143","4.5","464.7","","","","1"
"2017-10","Alberta","2016A000248","Ethane","Cubic metres","72","thousands","3","v18148","4.6","1089.6","","","","1"
"2017-10","Alberta","2016A000248","Sulphur","Tonnes","288","units","0","v18153","4.7","","x","","","0"
"2017-10","British Columbia","2016A000259","Propane","Cubic metres","72","thousands","3","v18139","5.4","","x","","","1"
"2017-10","British Columbia","2016A000259","Butane","Cubic metres","72","thousands","3","v18144","5.5","","x","","","1"
"2017-10","British Columbia","2016A000259","Ethane","Cubic metres","72","thousands","3","v18149","5.6","","x","","","1"
"2017-10","British Columbia","2016A000259","Sulphur","Tonnes","288","units","0","v18154","5.7","","x","","","0"
"2017-11","Canada","2016A000011124","Propane","Cubic metres","72","thousands","3","v18135","1.4","1116.7","","","","1"
"2017-11","Canada","2016A000011124","Butane","Cubic metres","72","thousands","3","v18140","1.5","671.4","","","","1"
"2017-11","Canada","2016A000011124","Ethane","Cubic metres","72","thousands","3","v18145","1.6","1107.1","","","","1"
"2017-11","Canada","2016A000011124","Sulphur","Tonnes","288","units","0","v18150","1.7","362079","","","","0"
"2017-11","Nova Scotia","2016A000212","Propane","Cubic metres","72","thousands","3","v783740","6.4","","x","","","1"
"2017-11","Nova Scotia","2016A000212","Butane","Cubic metres","72","thousands","3","v783741","6.5","","x","","","1"
"2017-11","Ontario","2016A000235","Propane","Cubic metres","72","thousands","3","v107638452","7.4","","x","","","1"
"2017-11","Ontario","2016A000235","Butane","Cubic metres","72","thousands","3","v107638453","7.5","","x","","","1"
"2017-11","Saskatchewan","2016A000247","Propane","Cubic metres","72","thousands","3","v18137","3.4","","x","","","1"
"2017-11","Saskatchewan","2016A000247","Butane","Cubic metres","72","thousands","3","v18142","3.5","","x","","","1"
"2017-11","Saskatchewan","2016A000247","Ethane","Cubic metres","72","thousands","3","v18147","3.6","","x","","","1"
"2017-11","Alberta","2016A000248","Propane","Cubic metres","72","thousands","3","v18138","4.4","648.7","","","","1"
"2017-11","Alberta","2016A000248","Butane","Cubic metres","72","thousands","3","v18143","4.5","434.8","","","","1"
"2017-11","Alberta","2016A000248","Ethane","Cubic metres","72","thousands","3","v18148","4.6","1003.3","","","","1"
"2017-11","Alberta","2016A000248","Sulphur","Tonnes","288","units","0","v18153","4.7","","x","","","0"
"2017-11","British Columbia","2016A000259","Propane","Cubic metres","72","thousands","3","v18139","5.4","","x","","","1"
"2017-11","British Columbia","2016A000259","Butane","Cubic metres","72","thousands","3","v18144","5.5","","x","","","1"
"2017-11","British Columbia","2016A000259","Ethane","Cubic metres","72","thousands","3","v18149","5.6","","x","","","1"
"2017-11","British Columbia","2016A000259","Sulphur","Tonnes","288","units","0","v18154","5.7","","x","","","0"
"2017-12","Canada","2016A000011124","Propane","Cubic metres","72","thousands","3","v18135","1.4","1198.0","","","","1"
"2017-12","Canada","2016A000011124","Butane","Cubic metres","72","thousands","3","v18140","1.5","713.2","","","","1"
"2017-12","Canada","2016A000011124","Ethane","Cubic metres","72","thousands","3","v18145","1.6","1322.4","","","","1"
"2017-12","Canada","2016A000011124","Sulphur","Tonnes","288","units","0","v18150","1.7","392535","","","","0"
"2017-12","Nova Scotia","2016A000212","Propane","Cubic metres","72","thousands","3","v783740","6.4","","x","","","1"
"2017-12","Nova Scotia","2016A000212","Butane","Cubic metres","72","thousands","3","v783741","6.5","","x","","","1"
"2017-12","Ontario","2016A000235","Propane","Cubic metres","72","thousands","3","v107638452","7.4","","x","","","1"
"2017-12","Ontario","2016A000235","Butane","Cubic metres","72","thousands","3","v107638453","7.5","","x","","","1"
"2017-12","Saskatchewan","2016A000247","Propane","Cubic metres","72","thousands","3","v18137","3.4","","x","","","1"
"2017-12","Saskatchewan","2016A000247","Butane","Cubic metres","72","thousands","3","v18142","3.5","","x","","","1"
"2017-12","Saskatchewan","2016A000247","Ethane","Cubic metres","72","thousands","3","v18147","3.6","","x","","","1"
"2017-12","Alberta","2016A000248","Propane","Cubic metres","72","thousands","3","v18138","4.4","750.2","","","","1"
"2017-12","Alberta","2016A000248","Butane","Cubic metres","72","thousands","3","v18143","4.5","471.2","","","","1"
"2017-12","Alberta","2016A000248","Ethane","Cubic metres","72","thousands","3","v18148","4.6","1207.9","","","","1"
"2017-12","Alberta","2016A000248","Sulphur","Tonnes","288","units","0","v18153","4.7","","x","","","0"
"2017-12","British Columbia","2016A000259","Propane","Cubic metres","72","thousands","3","v18139","5.4","","x","","","1"
"2017-12","British Columbia","2016A000259","Butane","Cubic metres","72","thousands","3","v18144","5.5","","x","","","1"
"2017-12","British Columbia","2016A000259","Ethane","Cubic metres","72","thousands","3","v18149","5.6","","x","","","1"
"2017-12","British Columbia","2016A000259","Sulphur","Tonnes","288","units","0","v18154","5.7","","x","","","0"
"2018-01","Canada","2016A000011124","Propane","Cubic metres","72","thousands","3","v18135","1.4","1189.9","","","","1"
"2018-01","Canada","2016A000011124","Butane","Cubic metres","72","thousands","3","v18140","1.5","744.0","","","","1"
"2018-01","Canada","2016A000011124","Ethane","Cubic metres","72","thousands","3","v18145","1.6","1267.0","","","","1"
"2018-01","Canada","2016A000011124","Sulphur","Tonnes","288","units","0","v18150","1.7","364249","","","","0"
"2018-01","Nova Scotia","2016A000212","Propane","Cubic metres","72","thousands","3","v783740","6.4","","x","","","1"
"2018-01","Nova Scotia","2016A000212","Butane","Cubic metres","72","thousands","3","v783741","6.5","","x","","","1"
"2018-01","Ontario","2016A000235","Propane","Cubic metres","72","thousands","3","v107638452","7.4","","x","","","1"
"2018-01","Ontario","2016A000235","Butane","Cubic metres","72","thousands","3","v107638453","7.5","","x","","","1"
"2018-01","Saskatchewan","2016A000247","Propane","Cubic metres","72","thousands","3","v18137","3.4","","x","","","1"
"2018-01","Saskatchewan","2016A000247","Butane","Cubic metres","72","thousands","3","v18142","3.5","","x","","","1"
"2018-01","Saskatchewan","2016A000247","Ethane","Cubic metres","72","thousands","3","v18147","3.6","","x","","","1"
"2018-01","Alberta","2016A000248","Propane","Cubic metres","72","thousands","3","v18138","4.4","742.5","","","","1"
"2018-01","Alberta","2016A000248","Butane","Cubic metres","72","thousands","3","v18143","4.5","500.8","","","","1"
"2018-01","Alberta","2016A000248","Ethane","Cubic metres","72","thousands","3","v18148","4.6","1144.7","","","","1"
"2018-01","Alberta","2016A000248","Sulphur","Tonnes","288","units","0","v18153","4.7","","x","","","0"
"2018-01","British Columbia","2016A000259","Propane","Cubic metres","72","thousands","3","v18139","5.4","","x","","","1"
"2018-01","British Columbia","2016A000259","Butane","Cubic metres","72","thousands","3","v18144","5.5","","x","","","1"
"2018-01","British Columbia","2016A000259","Ethane","Cubic metres","72","thousands","3","v18149","5.6","","x","","","1"
"2018-01","British Columbia","2016A000259","Sulphur","Tonnes","288","units","0","v18154","5.7","","x","","","0"
"2018-02","Canada","2016A000011124","Propane","Cubic metres","72","thousands","3","v18135","1.4","1142.1","","","","1"
"2018-02","Canada","2016A000011124","Butane","Cubic metres","72","thousands","3","v18140","1.5","702.9","","","","1"
"2018-02","Canada","2016A000011124","Ethane","Cubic metres","72","thousands","3","v18145","1.6","1144.1","","","","1"
"2018-02","Canada","2016A000011124","Sulphur","Tonnes","288","units","0","v18150","1.7","353582","","","","0"
"2018-02","Nova Scotia","2016A000212","Propane","Cubic metres","72","thousands","3","v783740","6.4","","x","","","1"
"2018-02","Nova Scotia","2016A000212","Butane","Cubic metres","72","thousands","3","v783741","6.5","","x","","","1"
"2018-02","Ontario","2016A000235","Propane","Cubic metres","72","thousands","3","v107638452","7.4","","x","","","1"
"2018-02","Ontario","2016A000235","Butane","Cubic metres","72","thousands","3","v107638453","7.5","","x","","","1"
"2018-02","Saskatchewan","2016A000247","Propane","Cubic metres","72","thousands","3","v18137","3.4","","x","","","1"
"2018-02","Saskatchewan","2016A000247","Butane","Cubic metres","72","thousands","3","v18142","3.5","","x","","","1"
"2018-02","Saskatchewan","2016A000247","Ethane","Cubic metres","72","thousands","3","v18147","3.6","","x","","","1"
"2018-02","Alberta","2016A000248","Propane","Cubic metres","72","thousands","3","v18138","4.4","654.1","","","","1"
"2018-02","Alberta","2016A000248","Butane","Cubic metres","72","thousands","3","v18143","4.5","445.0","","","","1"
"2018-02","Alberta","2016A000248","Ethane","Cubic metres","72","thousands","3","v18148","4.6","1042.0","","","","1"
"2018-02","Alberta","2016A000248","Sulphur","Tonnes","288","units","0","v18153","4.7","","x","","","0"
"2018-02","British Columbia","2016A000259","Propane","Cubic metres","72","thousands","3","v18139","5.4","","x","","","1"
"2018-02","British Columbia","2016A000259","Butane","Cubic metres","72","thousands","3","v18144","5.5","","x","","","1"
"2018-02","British Columbia","2016A000259","Ethane","Cubic metres","72","thousands","3","v18149","5.6","","x","","","1"
"2018-02","British Columbia","2016A000259","Sulphur","Tonnes","288","units","0","v18154","5.7","","x","","","0"
"2018-03","Canada","2016A000011124","Propane","Cubic metres","72","thousands","3","v18135","1.4","1261.9","","","","1"
"2018-03","Canada","2016A000011124","Butane","Cubic metres","72","thousands","3","v18140","1.5","803.9","","","","1"
"2018-03","Canada","2016A000011124","Ethane","Cubic metres","72","thousands","3","v18145","1.6","1149.9","","","","1"
"2018-03","Canada","2016A000011124","Sulphur","Tonnes","288","units","0","v18150","1.7","380176","","","","0"
"2018-03","Nova Scotia","2016A000212","Propane","Cubic metres","72","thousands","3","v783740","6.4","","x","","","1"
"2018-03","Nova Scotia","2016A000212","Butane","Cubic metres","72","thousands","3","v783741","6.5","","x","","","1"
"2018-03","Ontario","2016A000235","Propane","Cubic metres","72","thousands","3","v107638452","7.4","","x","","","1"
"2018-03","Ontario","2016A000235","Butane","Cubic metres","72","thousands","3","v107638453","7.5","","x","","","1"
"2018-03","Saskatchewan","2016A000247","Propane","Cubic metres","72","thousands","3","v18137","3.4","","x","","","1"
"2018-03","Saskatchewan","2016A000247","Butane","Cubic metres","72","thousands","3","v18142","3.5","","x","","","1"
"2018-03","Saskatchewan","2016A000247","Ethane","Cubic metres","72","thousands","3","v18147","3.6","","x","","","1"
"2018-03","Alberta","2016A000248","Propane","Cubic metres","72","thousands","3","v18138","4.4","791.5","","","","1"
"2018-03","Alberta","2016A000248","Butane","Cubic metres","72","thousands","3","v18143","4.5","539.6","","","","1"
"2018-03","Alberta","2016A000248","Ethane","Cubic metres","72","thousands","3","v18148","4.6","1070.3","","","","1"
"2018-03","Alberta","2016A000248","Sulphur","Tonnes","288","units","0","v18153","4.7","","x","","","0"
"2018-03","British Columbia","2016A000259","Propane","Cubic metres","72","thousands","3","v18139","5.4","","x","","","1"
"2018-03","British Columbia","2016A000259","Butane","Cubic metres","72","thousands","3","v18144","5.5","","x","","","1"
"2018-03","British Columbia","2016A000259","Ethane","Cubic metres","72","thousands","3","v18149","5.6","","x","","","1"
"2018-03","British Columbia","2016A000259","Sulphur","Tonnes","288","units","0","v18154","5.7","","x","","","0"
"2018-04","Canada","2016A000011124","Propane","Cubic metres","72","thousands","3","v18135","1.4","1202.8","","","","1"
"2018-04","Canada","2016A000011124","Butane","Cubic metres","72","thousands","3","v18140","1.5","746.5","","","","1"
"2018-04","Canada","2016A000011124","Ethane","Cubic metres","72","thousands","3","v18145","1.6","1125.5","","","","1"
"2018-04","Canada","2016A000011124","Sulphur","Tonnes","288","units","0","v18150","1.7","282237","","","","0"
"2018-04","Nova Scotia","2016A000212","Propane","Cubic metres","72","thousands","3","v783740","6.4","","x","","","1"
"2018-04","Nova Scotia","2016A000212","Butane","Cubic metres","72","thousands","3","v783741","6.5","","x","","","1"
"2018-04","Ontario","2016A000235","Propane","Cubic metres","72","thousands","3","v107638452","7.4","","x","","","1"
"2018-04","Ontario","2016A000235","Butane","Cubic metres","72","thousands","3","v107638453","7.5","","x","","","1"
"2018-04","Saskatchewan","2016A000247","Propane","Cubic metres","72","thousands","3","v18137","3.4","","x","","","1"
"2018-04","Saskatchewan","2016A000247","Butane","Cubic metres","72","thousands","3","v18142","3.5","","x","","","1"
"2018-04","Saskatchewan","2016A000247","Ethane","Cubic metres","72","thousands","3","v18147","3.6","","x","","","1"
"2018-04","Alberta","2016A000248","Propane","Cubic metres","72","thousands","3","v18138","4.4","706.8","","","","1"
"2018-04","Alberta","2016A000248","Butane","Cubic metres","72","thousands","3","v18143","4.5","489.8","","","","1"
"2018-04","Alberta","2016A000248","Ethane","Cubic metres","72","thousands","3","v18148","4.6","1044.3","","","","1"
"2018-04","Alberta","2016A000248","Sulphur","Tonnes","288","units","0","v18153","4.7","","x","","","0"
"2018-04","British Columbia","2016A000259","Propane","Cubic metres","72","thousands","3","v18139","5.4","","x","","","1"
"2018-04","British Columbia","2016A000259","Butane","Cubic metres","72","thousands","3","v18144","5.5","","x","","","1"
"2018-04","British Columbia","2016A000259","Ethane","Cubic metres","72","thousands","3","v18149","5.6","","x","","","1"
"2018-04","British Columbia","2016A000259","Sulphur","Tonnes","288","units","0","v18154","5.7","","x","","","0"
"2018-05","Canada","2016A000011124","Propane","Cubic metres","72","thousands","3","v18135","1.4","1105.2","","","","1"
"2018-05","Canada","2016A000011124","Butane","Cubic metres","72","thousands","3","v18140","1.5","698.8","","","","1"
"2018-05","Canada","2016A000011124","Ethane","Cubic metres","72","thousands","3","v18145","1.6","1023.0","","","","1"
"2018-05","Canada","2016A000011124","Sulphur","Tonnes","288","units","0","v18150","1.7","320370","","","","0"
"2018-05","Nova Scotia","2016A000212","Propane","Cubic metres","72","thousands","3","v783740","6.4","","x","","","1"
"2018-05","Nova Scotia","2016A000212","Butane","Cubic metres","72","thousands","3","v783741","6.5","","x","","","1"
"2018-05","Ontario","2016A000235","Propane","Cubic metres","72","thousands","3","v107638452","7.4","","x","","","1"
"2018-05","Ontario","2016A000235","Butane","Cubic metres","72","thousands","3","v107638453","7.5","","x","","","1"
"2018-05","Saskatchewan","2016A000247","Propane","Cubic metres","72","thousands","3","v18137","3.4","","x","","","1"
"2018-05","Saskatchewan","2016A000247","Butane","Cubic metres","72","thousands","3","v18142","3.5","","x","","","1"
"2018-05","Saskatchewan","2016A000247","Ethane","Cubic metres","72","thousands","3","v18147","3.6","","x","","","1"
"2018-05","Alberta","2016A000248","Propane","Cubic metres","72","thousands","3","v18138","4.4","668.1","","","","1"
"2018-05","Alberta","2016A000248","Butane","Cubic metres","72","thousands","3","v18143","4.5","458.8","","","","1"
"2018-05","Alberta","2016A000248","Ethane","Cubic metres","72","thousands","3","v18148","4.6","945.4","","","","1"
"2018-05","Alberta","2016A000248","Sulphur","Tonnes","288","units","0","v18153","4.7","","x","","","0"
"2018-05","British Columbia","2016A000259","Propane","Cubic metres","72","thousands","3","v18139","5.4","","x","","","1"
"2018-05","British Columbia","2016A000259","Butane","Cubic metres","72","thousands","3","v18144","5.5","","x","","","1"
"2018-05","British Columbia","2016A000259","Ethane","Cubic metres","72","thousands","3","v18149","5.6","","x","","","1"
"2018-05","British Columbia","2016A000259","Sulphur","Tonnes","288","units","0","v18154","5.7","","x","","","0"
"2018-06","Canada","2016A000011124","Propane","Cubic metres","72","thousands","3","v18135","1.4","1161.6","","","","1"
"2018-06","Canada","2016A000011124","Butane","Cubic metres","72","thousands","3","v18140","1.5","703.9","","","","1"
"2018-06","Canada","2016A000011124","Ethane","Cubic metres","72","thousands","3","v18145","1.6","835.5","","","","1"
"2018-06","Canada","2016A000011124","Sulphur","Tonnes","288","units","0","v18150","1.7","325350","","","","0"
"2018-06","Nova Scotia","2016A000212","Propane","Cubic metres","72","thousands","3","v783740","6.4","","x","","","1"
"2018-06","Nova Scotia","2016A000212","Butane","Cubic metres","72","thousands","3","v783741","6.5","","x","","","1"
"2018-06","Ontario","2016A000235","Propane","Cubic metres","72","thousands","3","v107638452","7.4","","x","","","1"
"2018-06","Ontario","2016A000235","Butane","Cubic metres","72","thousands","3","v107638453","7.5","","x","","","1"
"2018-06","Saskatchewan","2016A000247","Propane","Cubic metres","72","thousands","3","v18137","3.4","","x","","","1"
"2018-06","Saskatchewan","2016A000247","Butane","Cubic metres","72","thousands","3","v18142","3.5","","x","","","1"
"2018-06","Saskatchewan","2016A000247","Ethane","Cubic metres","72","thousands","3","v18147","3.6","","x","","","1"
"2018-06","Alberta","2016A000248","Propane","Cubic metres","72","thousands","3","v18138","4.4","715.3","","","","1"
"2018-06","Alberta","2016A000248","Butane","Cubic metres","72","thousands","3","v18143","4.5","460.2","","","","1"
"2018-06","Alberta","2016A000248","Ethane","Cubic metres","72","thousands","3","v18148","4.6","765.2","","","","1"
"2018-06","Alberta","2016A000248","Sulphur","Tonnes","288","units","0","v18153","4.7","","x","","","0"
"2018-06","British Columbia","2016A000259","Propane","Cubic metres","72","thousands","3","v18139","5.4","","x","","","1"
"2018-06","British Columbia","2016A000259","Butane","Cubic metres","72","thousands","3","v18144","5.5","","x","","","1"
"2018-06","British Columbia","2016A000259","Ethane","Cubic metres","72","thousands","3","v18149","5.6","","x","","","1"
"2018-06","British Columbia","2016A000259","Sulphur","Tonnes","288","units","0","v18154","5.7","","x","","","0"
"2018-07","Canada","2016A000011124","Propane","Cubic metres","72","thousands","3","v18135","1.4","1222.1","","","","1"
"2018-07","Canada","2016A000011124","Butane","Cubic metres","72","thousands","3","v18140","1.5","782.8","","","","1"
"2018-07","Canada","2016A000011124","Ethane","Cubic metres","72","thousands","3","v18145","1.6","1155.5","","","","1"
"2018-07","Canada","2016A000011124","Sulphur","Tonnes","288","units","0","v18150","1.7","331287","","","","0"
"2018-07","Nova Scotia","2016A000212","Propane","Cubic metres","72","thousands","3","v783740","6.4","","x","","","1"
"2018-07","Nova Scotia","2016A000212","Butane","Cubic metres","72","thousands","3","v783741","6.5","","x","","","1"
"2018-07","Ontario","2016A000235","Propane","Cubic metres","72","thousands","3","v107638452","7.4","","x","","","1"
"2018-07","Ontario","2016A000235","Butane","Cubic metres","72","thousands","3","v107638453","7.5","","x","","","1"
"2018-07","Saskatchewan","2016A000247","Propane","Cubic metres","72","thousands","3","v18137","3.4","","x","","","1"
"2018-07","Saskatchewan","2016A000247","Butane","Cubic metres","72","thousands","3","v18142","3.5","","x","","","1"
"2018-07","Saskatchewan","2016A000247","Ethane","Cubic metres","72","thousands","3","v18147","3.6","","x","","","1"
"2018-07","Alberta","2016A000248","Propane","Cubic metres","72","thousands","3","v18138","4.4","777.9","","","","1"
"2018-07","Alberta","2016A000248","Butane","Cubic metres","72","thousands","3","v18143","4.5","508.7","","","","1"
"2018-07","Alberta","2016A000248","Ethane","Cubic metres","72","thousands","3","v18148","4.6","1068.1","","","","1"
"2018-07","Alberta","2016A000248","Sulphur","Tonnes","288","units","0","v18153","4.7","","x","","","0"
"2018-07","British Columbia","2016A000259","Propane","Cubic metres","72","thousands","3","v18139","5.4","","x","","","1"
"2018-07","British Columbia","2016A000259","Butane","Cubic metres","72","thousands","3","v18144","5.5","","x","","","1"
"2018-07","British Columbia","2016A000259","Ethane","Cubic metres","72","thousands","3","v18149","5.6","","x","","","1"
"2018-07","British Columbia","2016A000259","Sulphur","Tonnes","288","units","0","v18154","5.7","","x","","","0"
"2018-08","Canada","2016A000011124","Propane","Cubic metres","72","thousands","3","v18135","1.4","1231.3","","","","1"
"2018-08","Canada","2016A000011124","Butane","Cubic metres","72","thousands","3","v18140","1.5","772.3","","","","1"
"2018-08","Canada","2016A000011124","Ethane","Cubic metres","72","thousands","3","v18145","1.6","1325.7","","","","1"
"2018-08","Canada","2016A000011124","Sulphur","Tonnes","288","units","0","v18150","1.7","374682","","","","0"
"2018-08","Nova Scotia","2016A000212","Propane","Cubic metres","72","thousands","3","v783740","6.4","","x","","","1"
"2018-08","Nova Scotia","2016A000212","Butane","Cubic metres","72","thousands","3","v783741","6.5","","x","","","1"
"2018-08","Ontario","2016A000235","Propane","Cubic metres","72","thousands","3","v107638452","7.4","","x","","","1"
"2018-08","Ontario","2016A000235","Butane","Cubic metres","72","thousands","3","v107638453","7.5","","x","","","1"
"2018-08","Saskatchewan","2016A000247","Propane","Cubic metres","72","thousands","3","v18137","3.4","","x","","","1"
"2018-08","Saskatchewan","2016A000247","Butane","Cubic metres","72","thousands","3","v18142","3.5","","x","","","1"
"2018-08","Saskatchewan","2016A000247","Ethane","Cubic metres","72","thousands","3","v18147","3.6","","x","","","1"
"2018-08","Alberta","2016A000248","Propane","Cubic metres","72","thousands","3","v18138","4.4","812.6","","","","1"
"2018-08","Alberta","2016A000248","Butane","Cubic metres","72","thousands","3","v18143","4.5","517.0","","","","1"
"2018-08","Alberta","2016A000248","Ethane","Cubic metres","72","thousands","3","v18148","4.6","1242.1","","","","1"
"2018-08","Alberta","2016A000248","Sulphur","Tonnes","288","units","0","v18153","4.7","","x","","","0"
"2018-08","British Columbia","2016A000259","Propane","Cubic metres","72","thousands","3","v18139","5.4","","x","","","1"
"2018-08","British Columbia","2016A000259","Butane","Cubic metres","72","thousands","3","v18144","5.5","","x","","","1"
"2018-08","British Columbia","2016A000259","Ethane","Cubic metres","72","thousands","3","v18149","5.6","","x","","","1"
"2018-08","British Columbia","2016A000259","Sulphur","Tonnes","288","units","0","v18154","5.7","","x","","","0"
"2018-09","Canada","2016A000011124","Propane","Cubic metres","72","thousands","3","v18135","1.4","1120.5","","","","1"
"2018-09","Canada","2016A000011124","Butane","Cubic metres","72","thousands","3","v18140","1.5","725.0","","","","1"
"2018-09","Canada","2016A000011124","Ethane","Cubic metres","72","thousands","3","v18145","1.6","1203.6","","","","1"
"2018-09","Canada","2016A000011124","Sulphur","Tonnes","288","units","0","v18150","1.7","313461","","","","0"
"2018-09","Nova Scotia","2016A000212","Propane","Cubic metres","72","thousands","3","v783740","6.4","","x","","","1"
"2018-09","Nova Scotia","2016A000212","Butane","Cubic metres","72","thousands","3","v783741","6.5","","x","","","1"
"2018-09","Ontario","2016A000235","Propane","Cubic metres","72","thousands","3","v107638452","7.4","","x","","","1"
"2018-09","Ontario","2016A000235","Butane","Cubic metres","72","thousands","3","v107638453","7.5","","x","","","1"
"2018-09","Saskatchewan","2016A000247","Propane","Cubic metres","72","thousands","3","v18137","3.4","","x","","","1"
"2018-09","Saskatchewan","2016A000247","Butane","Cubic metres","72","thousands","3","v18142","3.5","","x","","","1"
"2018-09","Saskatchewan","2016A000247","Ethane","Cubic metres","72","thousands","3","v18147","3.6","","x","","","1"
"2018-09","Alberta","2016A000248","Propane","Cubic metres","72","thousands","3","v18138","4.4","636.4","","","","1"
"2018-09","Alberta","2016A000248","Butane","Cubic metres","72","thousands","3","v18143","4.5","414.7","","","","1"
"2018-09","Alberta","2016A000248","Ethane","Cubic metres","72","thousands","3","v18148","4.6","1121.7","","","","1"
"2018-09","Alberta","2016A000248","Sulphur","Tonnes","288","units","0","v18153","4.7","","x","","","0"
"2018-09","British Columbia","2016A000259","Propane","Cubic metres","72","thousands","3","v18139","5.4","","x","","","1"
"2018-09","British Columbia","2016A000259","Butane","Cubic metres","72","thousands","3","v18144","5.5","","x","","","1"
"2018-09","British Columbia","2016A000259","Ethane","Cubic metres","72","thousands","3","v18149","5.6","","x","","","1"
"2018-09","British Columbia","2016A000259","Sulphur","Tonnes","288","units","0","v18154","5.7","","x","","","0"
"2018-10","Canada","2016A000011124","Propane","Cubic metres","72","thousands","3","v18135","1.4","1264.8","","","","1"
"2018-10","Canada","2016A000011124","Butane","Cubic metres","72","thousands","3","v18140","1.5","825.5","","","","1"
"2018-10","Canada","2016A000011124","Ethane","Cubic metres","72","thousands","3","v18145","1.6","1151.3","","","","1"
"2018-10","Canada","2016A000011124","Sulphur","Tonnes","288","units","0","v18150","1.7","367619","","","","0"
"2018-10","Nova Scotia","2016A000212","Propane","Cubic metres","72","thousands","3","v783740","6.4","","x","","","1"
"2018-10","Nova Scotia","2016A000212","Butane","Cubic metres","72","thousands","3","v783741","6.5","","x","","","1"
"2018-10","Ontario","2016A000235","Propane","Cubic metres","72","thousands","3","v107638452","7.4","","x","","","1"
"2018-10","Ontario","2016A000235","Butane","Cubic metres","72","thousands","3","v107638453","7.5","","x","","","1"
"2018-10","Saskatchewan","2016A000247","Propane","Cubic metres","72","thousands","3","v18137","3.4","","x","","","1"
"2018-10","Saskatchewan","2016A000247","Butane","Cubic metres","72","thousands","3","v18142","3.5","","x","","","1"
"2018-10","Saskatchewan","2016A000247","Ethane","Cubic metres","72","thousands","3","v18147","3.6","","x","","","1"
"2018-10","Alberta","2016A000248","Propane","Cubic metres","72","thousands","3","v18138","4.4","765.9","","","","1"
"2018-10","Alberta","2016A000248","Butane","Cubic metres","72","thousands","3","v18143","4.5","510.7","","","","1"
"2018-10","Alberta","2016A000248","Ethane","Cubic metres","72","thousands","3","v18148","4.6","1114.7","","","","1"
"2018-10","Alberta","2016A000248","Sulphur","Tonnes","288","units","0","v18153","4.7","","x","","","0"
"2018-10","British Columbia","2016A000259","Propane","Cubic metres","72","thousands","3","v18139","5.4","","x","","","1"
"2018-10","British Columbia","2016A000259","Butane","Cubic metres","72","thousands","3","v18144","5.5","","x","","","1"
"2018-10","British Columbia","2016A000259","Ethane","Cubic metres","72","thousands","3","v18149","5.6","","x","","","1"
"2018-10","British Columbia","2016A000259","Sulphur","Tonnes","288","units","0","v18154","5.7","","x","","","0"
"2018-11","Canada","2016A000011124","Propane","Cubic metres","72","thousands","3","v18135","1.4","1252.9","","","","1"
"2018-11","Canada","2016A000011124","Butane","Cubic metres","72","thousands","3","v18140","1.5","771.5","","","","1"
"2018-11","Canada","2016A000011124","Ethane","Cubic metres","72","thousands","3","v18145","1.6","1252.4","","","","1"
"2018-11","Canada","2016A000011124","Sulphur","Tonnes","288","units","0","v18150","1.7","383960","","","","0"
"2018-11","Nova Scotia","2016A000212","Propane","Cubic metres","72","thousands","3","v783740","6.4","","x","","","1"
"2018-11","Nova Scotia","2016A000212","Butane","Cubic metres","72","thousands","3","v783741","6.5","","x","","","1"
"2018-11","Ontario","2016A000235","Propane","Cubic metres","72","thousands","3","v107638452","7.4","","x","","","1"
"2018-11","Ontario","2016A000235","Butane","Cubic metres","72","thousands","3","v107638453","7.5","","x","","","1"
"2018-11","Saskatchewan","2016A000247","Propane","Cubic metres","72","thousands","3","v18137","3.4","","x","","","1"
"2018-11","Saskatchewan","2016A000247","Butane","Cubic metres","72","thousands","3","v18142","3.5","","x","","","1"
"2018-11","Saskatchewan","2016A000247","Ethane","Cubic metres","72","thousands","3","v18147","3.6","","x","","","1"
"2018-11","Alberta","2016A000248","Propane","Cubic metres","72","thousands","3","v18138","4.4","788.0","","","","1"
"2018-11","Alberta","2016A000248","Butane","Cubic metres","72","thousands","3","v18143","4.5","484.5","","","","1"
"2018-11","Alberta","2016A000248","Ethane","Cubic metres","72","thousands","3","v18148","4.6","1214.1","","","","1"
"2018-11","Alberta","2016A000248","Sulphur","Tonnes","288","units","0","v18153","4.7","","x","","","0"
"2018-11","British Columbia","2016A000259","Propane","Cubic metres","72","thousands","3","v18139","5.4","","x","","","1"
"2018-11","British Columbia","2016A000259","Butane","Cubic metres","72","thousands","3","v18144","5.5","","x","","","1"
"2018-11","British Columbia","2016A000259","Ethane","Cubic metres","72","thousands","3","v18149","5.6","","x","","","1"
"2018-11","British Columbia","2016A000259","Sulphur","Tonnes","288","units","0","v18154","5.7","","x","","","0"
"2018-12","Canada","2016A000011124","Propane","Cubic metres","72","thousands","3","v18135","1.4","1340.7","","","","1"
"2018-12","Canada","2016A000011124","Butane","Cubic metres","72","thousands","3","v18140","1.5","860.0","","","","1"
"2018-12","Canada","2016A000011124","Ethane","Cubic metres","72","thousands","3","v18145","1.6","1304.7","","","","1"
"2018-12","Canada","2016A000011124","Sulphur","Tonnes","288","units","0","v18150","1.7","389401","","","","0"
"2018-12","Nova Scotia","2016A000212","Propane","Cubic metres","72","thousands","3","v783740","6.4","","x","","","1"
"2018-12","Nova Scotia","2016A000212","Butane","Cubic metres","72","thousands","3","v783741","6.5","","x","","","1"
"2018-12","Ontario","2016A000235","Propane","Cubic metres","72","thousands","3","v107638452","7.4","","x","","","1"
"2018-12","Ontario","2016A000235","Butane","Cubic metres","72","thousands","3","v107638453","7.5","","x","","","1"
"2018-12","Saskatchewan","2016A000247","Propane","Cubic metres","72","thousands","3","v18137","3.4","","x","","","1"
"2018-12","Saskatchewan","2016A000247","Butane","Cubic metres","72","thousands","3","v18142","3.5","","x","","","1"
"2018-12","Saskatchewan","2016A000247","Ethane","Cubic metres","72","thousands","3","v18147","3.6","","x","","","1"
"2018-12","Alberta","2016A000248","Propane","Cubic metres","72","thousands","3","v18138","4.4","843.4","","","","1"
"2018-12","Alberta","2016A000248","Butane","Cubic metres","72","thousands","3","v18143","4.5","536.7","","","","1"
"2018-12","Alberta","2016A000248","Ethane","Cubic metres","72","thousands","3","v18148","4.6","1280.8","","","","1"
"2018-12","Alberta","2016A000248","Sulphur","Tonnes","288","units","0","v18153","4.7","","x","","","0"
"2018-12","British Columbia","2016A000259","Propane","Cubic metres","72","thousands","3","v18139","5.4","","x","","","1"
"2018-12","British Columbia","2016A000259","Butane","Cubic metres","72","thousands","3","v18144","5.5","","x","","","1"
"2018-12","British Columbia","2016A000259","Ethane","Cubic metres","72","thousands","3","v18149","5.6","","x","","","1"
"2018-12","British Columbia","2016A000259","Sulphur","Tonnes","288","units","0","v18154","5.7","","x","","","0"
"2019-01","Canada","2016A000011124","Propane","Cubic metres","72","thousands","3","v18135","1.4","1488.5","","","","1"
"2019-01","Canada","2016A000011124","Butane","Cubic metres","72","thousands","3","v18140","1.5","896.6","","","","1"
"2019-01","Canada","2016A000011124","Ethane","Cubic metres","72","thousands","3","v18145","1.6","1299.5","","","","1"
"2019-01","Canada","2016A000011124","Sulphur","Tonnes","288","units","0","v18150","1.7","392932","","","","0"
"2019-01","Nova Scotia","2016A000212","Propane","Cubic metres","72","thousands","3","v783740","6.4","","x","","","1"
"2019-01","Nova Scotia","2016A000212","Butane","Cubic metres","72","thousands","3","v783741","6.5","","x","","","1"
"2019-01","Ontario","2016A000235","Propane","Cubic metres","72","thousands","3","v107638452","7.4","","x","","","1"
"2019-01","Ontario","2016A000235","Butane","Cubic metres","72","thousands","3","v107638453","7.5","","x","","","1"
"2019-01","Saskatchewan","2016A000247","Propane","Cubic metres","72","thousands","3","v18137","3.4","45.3","","","","1"
"2019-01","Saskatchewan","2016A000247","Butane","Cubic metres","72","thousands","3","v18142","3.5","21.6","","","","1"
"2019-01","Saskatchewan","2016A000247","Ethane","Cubic metres","72","thousands","3","v18147","3.6","","x","","","1"
"2019-01","Alberta","2016A000248","Propane","Cubic metres","72","thousands","3","v18138","4.4","902.2","","","","1"
"2019-01","Alberta","2016A000248","Butane","Cubic metres","72","thousands","3","v18143","4.5","561.8","","","","1"
"2019-01","Alberta","2016A000248","Ethane","Cubic metres","72","thousands","3","v18148","4.6","1223.7","","","","1"
"2019-01","Alberta","2016A000248","Sulphur","Tonnes","288","units","0","v18153","4.7","","x","","","0"
"2019-01","British Columbia","2016A000259","Propane","Cubic metres","72","thousands","3","v18139","5.4","","x","","","1"
"2019-01","British Columbia","2016A000259","Butane","Cubic metres","72","thousands","3","v18144","5.5","","x","","","1"
"2019-01","British Columbia","2016A000259","Ethane","Cubic metres","72","thousands","3","v18149","5.6","","x","","","1"
"2019-01","British Columbia","2016A000259","Sulphur","Tonnes","288","units","0","v18154","5.7","","x","","","0"
"2019-02","Canada","2016A000011124","Propane","Cubic metres","72","thousands","3","v18135","1.4","1243.2","","","","1"
"2019-02","Canada","2016A000011124","Butane","Cubic metres","72","thousands","3","v18140","1.5","759.6","","","","1"
"2019-02","Canada","2016A000011124","Ethane","Cubic metres","72","thousands","3","v18145","1.6","1123.6","","","","1"
"2019-02","Canada","2016A000011124","Sulphur","Tonnes","288","units","0","v18150","1.7","340988","","","","0"
"2019-02","Nova Scotia","2016A000212","Propane","Cubic metres","72","thousands","3","v783740","6.4","","x","","","1"
"2019-02","Nova Scotia","2016A000212","Butane","Cubic metres","72","thousands","3","v783741","6.5","","x","","","1"
"2019-02","Ontario","2016A000235","Propane","Cubic metres","72","thousands","3","v107638452","7.4","","x","","","1"
"2019-02","Ontario","2016A000235","Butane","Cubic metres","72","thousands","3","v107638453","7.5","","x","","","1"
"2019-02","Saskatchewan","2016A000247","Propane","Cubic metres","72","thousands","3","v18137","3.4","40.1","","","","1"
"2019-02","Saskatchewan","2016A000247","Butane","Cubic metres","72","thousands","3","v18142","3.5","18.7","","","","1"
"2019-02","Saskatchewan","2016A000247","Ethane","Cubic metres","72","thousands","3","v18147","3.6","","x","","","1"
"2019-02","Alberta","2016A000248","Propane","Cubic metres","72","thousands","3","v18138","4.4","767.5","","","","1"
"2019-02","Alberta","2016A000248","Butane","Cubic metres","72","thousands","3","v18143","4.5","492.9","","","","1"
"2019-02","Alberta","2016A000248","Ethane","Cubic metres","72","thousands","3","v18148","4.6","1055.5","","","","1"
"2019-02","Alberta","2016A000248","Sulphur","Tonnes","288","units","0","v18153","4.7","","x","","","0"
"2019-02","British Columbia","2016A000259","Propane","Cubic metres","72","thousands","3","v18139","5.4","","x","","","1"
"2019-02","British Columbia","2016A000259","Butane","Cubic metres","72","thousands","3","v18144","5.5","","x","","","1"
"2019-02","British Columbia","2016A000259","Ethane","Cubic metres","72","thousands","3","v18149","5.6","","x","","","1"
"2019-02","British Columbia","2016A000259","Sulphur","Tonnes","288","units","0","v18154","5.7","","x","","","0"
"2019-03","Canada","2016A000011124","Propane","Cubic metres","72","thousands","3","v18135","1.4","1405.8","","","","1"
"2019-03","Canada","2016A000011124","Butane","Cubic metres","72","thousands","3","v18140","1.5","829.9","","","","1"
"2019-03","Canada","2016A000011124","Ethane","Cubic metres","72","thousands","3","v18145","1.6","1323.2","","","","1"
"2019-03","Canada","2016A000011124","Sulphur","Tonnes","288","units","0","v18150","1.7","379190","","","","0"
"2019-03","Nova Scotia","2016A000212","Propane","Cubic metres","72","thousands","3","v783740","6.4","","x","","","1"
"2019-03","Nova Scotia","2016A000212","Butane","Cubic metres","72","thousands","3","v783741","6.5","","x","","","1"
"2019-03","Ontario","2016A000235","Propane","Cubic metres","72","thousands","3","v107638452","7.4","","x","","","1"
"2019-03","Ontario","2016A000235","Butane","Cubic metres","72","thousands","3","v107638453","7.5","","x","","","1"
"2019-03","Saskatchewan","2016A000247","Propane","Cubic metres","72","thousands","3","v18137","3.4","47.9","","","","1"
"2019-03","Saskatchewan","2016A000247","Butane","Cubic metres","72","thousands","3","v18142","3.5","22.3","","","","1"
"2019-03","Saskatchewan","2016A000247","Ethane","Cubic metres","72","thousands","3","v18147","3.6","","x","","","1"
"2019-03","Alberta","2016A000248","Propane","Cubic metres","72","thousands","3","v18138","4.4","861.5","","","","1"
"2019-03","Alberta","2016A000248","Butane","Cubic metres","72","thousands","3","v18143","4.5","526.4","","","","1"
"2019-03","Alberta","2016A000248","Ethane","Cubic metres","72","thousands","3","v18148","4.6","1249.3","","","","1"
"2019-03","Alberta","2016A000248","Sulphur","Tonnes","288","units","0","v18153","4.7","","x","","","0"
"2019-03","British Columbia","2016A000259","Propane","Cubic metres","72","thousands","3","v18139","5.4","","x","","","1"
"2019-03","British Columbia","2016A000259","Butane","Cubic metres","72","thousands","3","v18144","5.5","","x","","","1"
"2019-03","British Columbia","2016A000259","Ethane","Cubic metres","72","thousands","3","v18149","5.6","","x","","","1"
"2019-03","British Columbia","2016A000259","Sulphur","Tonnes","288","units","0","v18154","5.7","","x","","","0"
"2019-04","Canada","2016A000011124","Propane","Cubic metres","72","thousands","3","v18135","1.4","1315.6","","","","1"
"2019-04","Canada","2016A000011124","Butane","Cubic metres","72","thousands","3","v18140","1.5","807.7","","","","1"
"2019-04","Canada","2016A000011124","Ethane","Cubic metres","72","thousands","3","v18145","1.6","1194.6","","","","1"
"2019-04","Canada","2016A000011124","Sulphur","Tonnes","288","units","0","v18150","1.7","356096","","","","0"
"2019-04","Nova Scotia","2016A000212","Propane","Cubic metres","72","thousands","3","v783740","6.4","","x","","","1"
"2019-04","Nova Scotia","2016A000212","Butane","Cubic metres","72","thousands","3","v783741","6.5","","x","","","1"
"2019-04","Ontario","2016A000235","Propane","Cubic metres","72","thousands","3","v107638452","7.4","","x","","","1"
"2019-04","Ontario","2016A000235","Butane","Cubic metres","72","thousands","3","v107638453","7.5","","x","","","1"
"2019-04","Saskatchewan","2016A000247","Propane","Cubic metres","72","thousands","3","v18137","3.4","48.2","","","","1"
"2019-04","Saskatchewan","2016A000247","Butane","Cubic metres","72","thousands","3","v18142","3.5","23.0","","","","1"
"2019-04","Saskatchewan","2016A000247","Ethane","Cubic metres","72","thousands","3","v18147","3.6","","x","","","1"
"2019-04","Alberta","2016A000248","Propane","Cubic metres","72","thousands","3","v18138","4.4","810.6","","","","1"
"2019-04","Alberta","2016A000248","Butane","Cubic metres","72","thousands","3","v18143","4.5","525.1","","","","1"
"2019-04","Alberta","2016A000248","Ethane","Cubic metres","72","thousands","3","v18148","4.6","1116.4","","","","1"
"2019-04","Alberta","2016A000248","Sulphur","Tonnes","288","units","0","v18153","4.7","","x","","","0"
"2019-04","British Columbia","2016A000259","Propane","Cubic metres","72","thousands","3","v18139","5.4","","x","","","1"
"2019-04","British Columbia","2016A000259","Butane","Cubic metres","72","thousands","3","v18144","5.5","","x","","","1"
"2019-04","British Columbia","2016A000259","Ethane","Cubic metres","72","thousands","3","v18149","5.6","","x","","","1"
"2019-04","British Columbia","2016A000259","Sulphur","Tonnes","288","units","0","v18154","5.7","","x","","","0"
"2019-05","Canada","2016A000011124","Propane","Cubic metres","72","thousands","3","v18135","1.4","1304.9","","","","1"
"2019-05","Canada","2016A000011124","Butane","Cubic metres","72","thousands","3","v18140","1.5","786.1","","","","1"
"2019-05","Canada","2016A000011124","Ethane","Cubic metres","72","thousands","3","v18145","1.6","1159.3","","","","1"
"2019-05","Canada","2016A000011124","Sulphur","Tonnes","288","units","0","v18150","1.7","347873","","","","0"
"2019-05","Nova Scotia","2016A000212","Propane","Cubic metres","72","thousands","3","v783740","6.4","","x","","","1"
"2019-05","Nova Scotia","2016A000212","Butane","Cubic metres","72","thousands","3","v783741","6.5","","x","","","1"
"2019-05","Ontario","2016A000235","Propane","Cubic metres","72","thousands","3","v107638452","7.4","","x","","","1"
"2019-05","Ontario","2016A000235","Butane","Cubic metres","72","thousands","3","v107638453","7.5","","x","","","1"
"2019-05","Saskatchewan","2016A000247","Propane","Cubic metres","72","thousands","3","v18137","3.4","47.8","","","","1"
"2019-05","Saskatchewan","2016A000247","Butane","Cubic metres","72","thousands","3","v18142","3.5","23.3","","","","1"
"2019-05","Saskatchewan","2016A000247","Ethane","Cubic metres","72","thousands","3","v18147","3.6","","x","","","1"
"2019-05","Alberta","2016A000248","Propane","Cubic metres","72","thousands","3","v18138","4.4","820.6","","","","1"
"2019-05","Alberta","2016A000248","Butane","Cubic metres","72","thousands","3","v18143","4.5","517.9","","","","1"
"2019-05","Alberta","2016A000248","Ethane","Cubic metres","72","thousands","3","v18148","4.6","1090.9","","","","1"
"2019-05","Alberta","2016A000248","Sulphur","Tonnes","288","units","0","v18153","4.7","","x","","","0"
"2019-05","British Columbia","2016A000259","Propane","Cubic metres","72","thousands","3","v18139","5.4","","x","","","1"
"2019-05","British Columbia","2016A000259","Butane","Cubic metres","72","thousands","3","v18144","5.5","","x","","","1"
"2019-05","British Columbia","2016A000259","Ethane","Cubic metres","72","thousands","3","v18149","5.6","","x","","","1"
"2019-05","British Columbia","2016A000259","Sulphur","Tonnes","288","units","0","v18154","5.7","","x","","","0"
"2019-06","Canada","2016A000011124","Propane","Cubic metres","72","thousands","3","v18135","1.4","1284.4","","","","1"
"2019-06","Canada","2016A000011124","Butane","Cubic metres","72","thousands","3","v18140","1.5","736.0","","","","1"
"2019-06","Canada","2016A000011124","Ethane","Cubic metres","72","thousands","3","v18145","1.6","1086.6","","","","1"
"2019-06","Canada","2016A000011124","Sulphur","Tonnes","288","units","0","v18150","1.7","355033","","","","0"
"2019-06","Nova Scotia","2016A000212","Propane","Cubic metres","72","thousands","3","v783740","6.4","","x","","","1"
"2019-06","Nova Scotia","2016A000212","Butane","Cubic metres","72","thousands","3","v783741","6.5","","x","","","1"
"2019-06","Ontario","2016A000235","Propane","Cubic metres","72","thousands","3","v107638452","7.4","","x","","","1"
"2019-06","Ontario","2016A000235","Butane","Cubic metres","72","thousands","3","v107638453","7.5","","x","","","1"
"2019-06","Saskatchewan","2016A000247","Propane","Cubic metres","72","thousands","3","v18137","3.4","48.5","","","","1"
"2019-06","Saskatchewan","2016A000247","Butane","Cubic metres","72","thousands","3","v18142","3.5","23.9","","","","1"
"2019-06","Saskatchewan","2016A000247","Ethane","Cubic metres","72","thousands","3","v18147","3.6","","x","","","1"
"2019-06","Alberta","2016A000248","Propane","Cubic metres","72","thousands","3","v18138","4.4","793.5","","","","1"
"2019-06","Alberta","2016A000248","Butane","Cubic metres","72","thousands","3","v18143","4.5","467.6","","","","1"
"2019-06","Alberta","2016A000248","Ethane","Cubic metres","72","thousands","3","v18148","4.6","1003.8","","","","1"
"2019-06","Alberta","2016A000248","Sulphur","Tonnes","288","units","0","v18153","4.7","","x","","","0"
"2019-06","British Columbia","2016A000259","Propane","Cubic metres","72","thousands","3","v18139","5.4","","x","","","1"
"2019-06","British Columbia","2016A000259","Butane","Cubic metres","72","thousands","3","v18144","5.5","","x","","","1"
"2019-06","British Columbia","2016A000259","Ethane","Cubic metres","72","thousands","3","v18149","5.6","","x","","","1"
"2019-06","British Columbia","2016A000259","Sulphur","Tonnes","288","units","0","v18154","5.7","","x","","","0"
"2019-07","Canada","2016A000011124","Propane","Cubic metres","72","thousands","3","v18135","1.4","1336.5","","","","1"
"2019-07","Canada","2016A000011124","Butane","Cubic metres","72","thousands","3","v18140","1.5","828.5","","","","1"
"2019-07","Canada","2016A000011124","Ethane","Cubic metres","72","thousands","3","v18145","1.6","1151.0","","","","1"
"2019-07","Canada","2016A000011124","Sulphur","Tonnes","288","units","0","v18150","1.7","373813","","","","0"
"2019-07","Nova Scotia","2016A000212","Propane","Cubic metres","72","thousands","3","v783740","6.4","","x","","","1"
"2019-07","Nova Scotia","2016A000212","Butane","Cubic metres","72","thousands","3","v783741","6.5","","x","","","1"
"2019-07","Ontario","2016A000235","Propane","Cubic metres","72","thousands","3","v107638452","7.4","","x","","","1"
"2019-07","Ontario","2016A000235","Butane","Cubic metres","72","thousands","3","v107638453","7.5","","x","","","1"
"2019-07","Saskatchewan","2016A000247","Propane","Cubic metres","72","thousands","3","v18137","3.4","49.1","","","","1"
"2019-07","Saskatchewan","2016A000247","Butane","Cubic metres","72","thousands","3","v18142","3.5","24.5","","","","1"
"2019-07","Saskatchewan","2016A000247","Ethane","Cubic metres","72","thousands","3","v18147","3.6","","x","","","1"
"2019-07","Alberta","2016A000248","Propane","Cubic metres","72","thousands","3","v18138","4.4","798.3","","","","1"
"2019-07","Alberta","2016A000248","Butane","Cubic metres","72","thousands","3","v18143","4.5","518.1","","","","1"
"2019-07","Alberta","2016A000248","Ethane","Cubic metres","72","thousands","3","v18148","4.6","1078.2","","","","1"
"2019-07","Alberta","2016A000248","Sulphur","Tonnes","288","units","0","v18153","4.7","","x","","","0"
"2019-07","British Columbia","2016A000259","Propane","Cubic metres","72","thousands","3","v18139","5.4","","x","","","1"
"2019-07","British Columbia","2016A000259","Butane","Cubic metres","72","thousands","3","v18144","5.5","","x","","","1"
"2019-07","British Columbia","2016A000259","Ethane","Cubic metres","72","thousands","3","v18149","5.6","","x","","","1"
"2019-07","British Columbia","2016A000259","Sulphur","Tonnes","288","units","0","v18154","5.7","","x","","","0"
"2019-08","Canada","2016A000011124","Propane","Cubic metres","72","thousands","3","v18135","1.4","1350.0","","","","1"
"2019-08","Canada","2016A000011124","Butane","Cubic metres","72","thousands","3","v18140","1.5","843.9","","","","1"
"2019-08","Canada","2016A000011124","Ethane","Cubic metres","72","thousands","3","v18145","1.6","1250.6","","","","1"
"2019-08","Canada","2016A000011124","Sulphur","Tonnes","288","units","0","v18150","1.7","375812","","","","0"
"2019-08","Nova Scotia","2016A000212","Propane","Cubic metres","72","thousands","3","v783740","6.4","","x","","","1"
"2019-08","Nova Scotia","2016A000212","Butane","Cubic metres","72","thousands","3","v783741","6.5","","x","","","1"
"2019-08","Ontario","2016A000235","Propane","Cubic metres","72","thousands","3","v107638452","7.4","","x","","","1"
"2019-08","Ontario","2016A000235","Butane","Cubic metres","72","thousands","3","v107638453","7.5","","x","","","1"
"2019-08","Saskatchewan","2016A000247","Propane","Cubic metres","72","thousands","3","v18137","3.4","46.0","","","","1"
"2019-08","Saskatchewan","2016A000247","Butane","Cubic metres","72","thousands","3","v18142","3.5","25.3","","","","1"
"2019-08","Saskatchewan","2016A000247","Ethane","Cubic metres","72","thousands","3","v18147","3.6","","x","","","1"
"2019-08","Alberta","2016A000248","Propane","Cubic metres","72","thousands","3","v18138","4.4","825.8","","","","1"
"2019-08","Alberta","2016A000248","Butane","Cubic metres","72","thousands","3","v18143","4.5","549.6","","","","1"
"2019-08","Alberta","2016A000248","Ethane","Cubic metres","72","thousands","3","v18148","4.6","1179.3","","","","1"
"2019-08","Alberta","2016A000248","Sulphur","Tonnes","288","units","0","v18153","4.7","","x","","","0"
"2019-08","British Columbia","2016A000259","Propane","Cubic metres","72","thousands","3","v18139","5.4","","x","","","1"
"2019-08","British Columbia","2016A000259","Butane","Cubic metres","72","thousands","3","v18144","5.5","","x","","","1"
"2019-08","British Columbia","2016A000259","Ethane","Cubic metres","72","thousands","3","v18149","5.6","","x","","","1"
"2019-08","British Columbia","2016A000259","Sulphur","Tonnes","288","units","0","v18154","5.7","","x","","","0"
"2019-09","Canada","2016A000011124","Propane","Cubic metres","72","thousands","3","v18135","1.4","1230.5","","","","1"
"2019-09","Canada","2016A000011124","Butane","Cubic metres","72","thousands","3","v18140","1.5","721.2","","","","1"
"2019-09","Canada","2016A000011124","Ethane","Cubic metres","72","thousands","3","v18145","1.6","984.0","","","","1"
"2019-09","Canada","2016A000011124","Sulphur","Tonnes","288","units","0","v18150","1.7","308156","","","","0"
"2019-09","Nova Scotia","2016A000212","Propane","Cubic metres","72","thousands","3","v783740","6.4","","x","","","1"
"2019-09","Nova Scotia","2016A000212","Butane","Cubic metres","72","thousands","3","v783741","6.5","","x","","","1"
"2019-09","Ontario","2016A000235","Propane","Cubic metres","72","thousands","3","v107638452","7.4","","x","","","1"
"2019-09","Ontario","2016A000235","Butane","Cubic metres","72","thousands","3","v107638453","7.5","","x","","","1"
"2019-09","Saskatchewan","2016A000247","Propane","Cubic metres","72","thousands","3","v18137","3.4","42.9","","","","1"
"2019-09","Saskatchewan","2016A000247","Butane","Cubic metres","72","thousands","3","v18142","3.5","24.3","","","","1"
"2019-09","Saskatchewan","2016A000247","Ethane","Cubic metres","72","thousands","3","v18147","3.6","","x","","","1"
"2019-09","Alberta","2016A000248","Propane","Cubic metres","72","thousands","3","v18138","4.4","808.4","","","","1"
"2019-09","Alberta","2016A000248","Butane","Cubic metres","72","thousands","3","v18143","4.5","461.2","","","","1"
"2019-09","Alberta","2016A000248","Ethane","Cubic metres","72","thousands","3","v18148","4.6","952.2","","","","1"
"2019-09","Alberta","2016A000248","Sulphur","Tonnes","288","units","0","v18153","4.7","","x","","","0"
"2019-09","British Columbia","2016A000259","Propane","Cubic metres","72","thousands","3","v18139","5.4","","x","","","1"
"2019-09","British Columbia","2016A000259","Butane","Cubic metres","72","thousands","3","v18144","5.5","","x","","","1"
"2019-09","British Columbia","2016A000259","Ethane","Cubic metres","72","thousands","3","v18149","5.6","","x","","","1"
"2019-09","British Columbia","2016A000259","Sulphur","Tonnes","288","units","0","v18154","5.7","","x","","","0"
"2019-10","Canada","2016A000011124","Propane","Cubic metres","72","thousands","3","v18135","1.4","1259.3","","","","1"
"2019-10","Canada","2016A000011124","Butane","Cubic metres","72","thousands","3","v18140","1.5","781.5","","","","1"
"2019-10","Canada","2016A000011124","Ethane","Cubic metres","72","thousands","3","v18145","1.6","1063.8","","","","1"
"2019-10","Canada","2016A000011124","Sulphur","Tonnes","288","units","0","v18150","1.7","305335","","","","0"
"2019-10","Nova Scotia","2016A000212","Propane","Cubic metres","72","thousands","3","v783740","6.4","","x","","","1"
"2019-10","Nova Scotia","2016A000212","Butane","Cubic metres","72","thousands","3","v783741","6.5","","x","","","1"
"2019-10","Ontario","2016A000235","Propane","Cubic metres","72","thousands","3","v107638452","7.4","","x","","","1"
"2019-10","Ontario","2016A000235","Butane","Cubic metres","72","thousands","3","v107638453","7.5","","x","","","1"
"2019-10","Saskatchewan","2016A000247","Propane","Cubic metres","72","thousands","3","v18137","3.4","46.7","","","","1"
"2019-10","Saskatchewan","2016A000247","Butane","Cubic metres","72","thousands","3","v18142","3.5","26.2","","","","1"
"2019-10","Saskatchewan","2016A000247","Ethane","Cubic metres","72","thousands","3","v18147","3.6","","x","","","1"
"2019-10","Alberta","2016A000248","Propane","Cubic metres","72","thousands","3","v18138","4.4","813.4","","","","1"
"2019-10","Alberta","2016A000248","Butane","Cubic metres","72","thousands","3","v18143","4.5","507.2","","","","1"
"2019-10","Alberta","2016A000248","Ethane","Cubic metres","72","thousands","3","v18148","4.6","1023.4","","","","1"
"2019-10","Alberta","2016A000248","Sulphur","Tonnes","288","units","0","v18153","4.7","","x","","","0"
"2019-10","British Columbia","2016A000259","Propane","Cubic metres","72","thousands","3","v18139","5.4","","x","","","1"
"2019-10","British Columbia","2016A000259","Butane","Cubic metres","72","thousands","3","v18144","5.5","","x","","","1"
"2019-10","British Columbia","2016A000259","Ethane","Cubic metres","72","thousands","3","v18149","5.6","","x","","","1"
"2019-10","British Columbia","2016A000259","Sulphur","Tonnes","288","units","0","v18154","5.7","","x","","","0"
"2019-11","Canada","2016A000011124","Propane","Cubic metres","72","thousands","3","v18135","1.4","1266.4","","","","1"
"2019-11","Canada","2016A000011124","Butane","Cubic metres","72","thousands","3","v18140","1.5","836.3","","","","1"
"2019-11","Canada","2016A000011124","Ethane","Cubic metres","72","thousands","3","v18145","1.6","1134.5","","","","1"
"2019-11","Canada","2016A000011124","Sulphur","Tonnes","288","units","0","v18150","1.7","326757","","","","0"
"2019-11","Nova Scotia","2016A000212","Propane","Cubic metres","72","thousands","3","v783740","6.4","","x","","","1"
"2019-11","Nova Scotia","2016A000212","Butane","Cubic metres","72","thousands","3","v783741","6.5","","x","","","1"
"2019-11","Ontario","2016A000235","Propane","Cubic metres","72","thousands","3","v107638452","7.4","","x","","","1"
"2019-11","Ontario","2016A000235","Butane","Cubic metres","72","thousands","3","v107638453","7.5","","x","","","1"
"2019-11","Saskatchewan","2016A000247","Propane","Cubic metres","72","thousands","3","v18137","3.4","43.9","","","","1"
"2019-11","Saskatchewan","2016A000247","Butane","Cubic metres","72","thousands","3","v18142","3.5","24.3","","","","1"
"2019-11","Saskatchewan","2016A000247","Ethane","Cubic metres","72","thousands","3","v18147","3.6","","x","","","1"
"2019-11","Alberta","2016A000248","Propane","Cubic metres","72","thousands","3","v18138","4.4","810.7","","","","1"
"2019-11","Alberta","2016A000248","Butane","Cubic metres","72","thousands","3","v18143","4.5","527.5","","","","1"
"2019-11","Alberta","2016A000248","Ethane","Cubic metres","72","thousands","3","v18148","4.6","1099.4","","","","1"
"2019-11","Alberta","2016A000248","Sulphur","Tonnes","288","units","0","v18153","4.7","","x","","","0"
"2019-11","British Columbia","2016A000259","Propane","Cubic metres","72","thousands","3","v18139","5.4","","x","","","1"
"2019-11","British Columbia","2016A000259","Butane","Cubic metres","72","thousands","3","v18144","5.5","","x","","","1"
"2019-11","British Columbia","2016A000259","Ethane","Cubic metres","72","thousands","3","v18149","5.6","","x","","","1"
"2019-11","British Columbia","2016A000259","Sulphur","Tonnes","288","units","0","v18154","5.7","","x","","","0"
"2019-12","Canada","2016A000011124","Propane","Cubic metres","72","thousands","3","v18135","1.4","1347.1","","","","1"
"2019-12","Canada","2016A000011124","Butane","Cubic metres","72","thousands","3","v18140","1.5","884.2","","","","1"
"2019-12","Canada","2016A000011124","Ethane","Cubic metres","72","thousands","3","v18145","1.6","1168.8","","","","1"
"2019-12","Canada","2016A000011124","Sulphur","Tonnes","288","units","0","v18150","1.7","392140","","","","0"
"2019-12","Nova Scotia","2016A000212","Propane","Cubic metres","72","thousands","3","v783740","6.4","","x","","","1"
"2019-12","Nova Scotia","2016A000212","Butane","Cubic metres","72","thousands","3","v783741","6.5","","x","","","1"
"2019-12","Ontario","2016A000235","Propane","Cubic metres","72","thousands","3","v107638452","7.4","","x","","","1"
"2019-12","Ontario","2016A000235","Butane","Cubic metres","72","thousands","3","v107638453","7.5","","x","","","1"
"2019-12","Saskatchewan","2016A000247","Propane","Cubic metres","72","thousands","3","v18137","3.4","46.3","","","","1"
"2019-12","Saskatchewan","2016A000247","Butane","Cubic metres","72","thousands","3","v18142","3.5","25.6","","","","1"
"2019-12","Saskatchewan","2016A000247","Ethane","Cubic metres","72","thousands","3","v18147","3.6","","x","","","1"
"2019-12","Alberta","2016A000248","Propane","Cubic metres","72","thousands","3","v18138","4.4","847.1","","","","1"
"2019-12","Alberta","2016A000248","Butane","Cubic metres","72","thousands","3","v18143","4.5","571.7","","","","1"
"2019-12","Alberta","2016A000248","Ethane","Cubic metres","72","thousands","3","v18148","4.6","1134.7","","","","1"
"2019-12","Alberta","2016A000248","Sulphur","Tonnes","288","units","0","v18153","4.7","","x","","","0"
"2019-12","British Columbia","2016A000259","Propane","Cubic metres","72","thousands","3","v18139","5.4","","x","","","1"
"2019-12","British Columbia","2016A000259","Butane","Cubic metres","72","thousands","3","v18144","5.5","","x","","","1"
"2019-12","British Columbia","2016A000259","Ethane","Cubic metres","72","thousands","3","v18149","5.6","","x","","","1"
"2019-12","British Columbia","2016A000259","Sulphur","Tonnes","288","units","0","v18154","5.7","","x","","","0"
"2020-01","Canada","2016A000011124","Propane","Cubic metres","72","thousands","3","v18135","1.4","1292.2","","","","1"
"2020-01","Canada","2016A000011124","Butane","Cubic metres","72","thousands","3","v18140","1.5","812.4","","","","1"
"2020-01","Canada","2016A000011124","Ethane","Cubic metres","72","thousands","3","v18145","1.6","1161.4","","","","1"
"2020-01","Canada","2016A000011124","Sulphur","Tonnes","288","units","0","v18150","1.7","370759","","","","0"
"2020-01","Nova Scotia","2016A000212","Propane","Cubic metres","72","thousands","3","v783740","6.4","","x","","","1"
"2020-01","Nova Scotia","2016A000212","Butane","Cubic metres","72","thousands","3","v783741","6.5","","x","","","1"
"2020-01","Ontario","2016A000235","Propane","Cubic metres","72","thousands","3","v107638452","7.4","","x","","","1"
"2020-01","Ontario","2016A000235","Butane","Cubic metres","72","thousands","3","v107638453","7.5","","x","","","1"
"2020-01","Saskatchewan","2016A000247","Propane","Cubic metres","72","thousands","3","v18137","3.4","44.4","","","","1"
"2020-01","Saskatchewan","2016A000247","Butane","Cubic metres","72","thousands","3","v18142","3.5","23.9","","","","1"
"2020-01","Saskatchewan","2016A000247","Ethane","Cubic metres","72","thousands","3","v18147","3.6","","x","","","1"
"2020-01","Alberta","2016A000248","Propane","Cubic metres","72","thousands","3","v18138","4.4","774.8","","","","1"
"2020-01","Alberta","2016A000248","Butane","Cubic metres","72","thousands","3","v18143","4.5","522.9","","","","1"
"2020-01","Alberta","2016A000248","Ethane","Cubic metres","72","thousands","3","v18148","4.6","1130.0","","","","1"
"2020-01","Alberta","2016A000248","Sulphur","Tonnes","288","units","0","v18153","4.7","","x","","","0"
"2020-01","British Columbia","2016A000259","Propane","Cubic metres","72","thousands","3","v18139","5.4","","x","","","1"
"2020-01","British Columbia","2016A000259","Butane","Cubic metres","72","thousands","3","v18144","5.5","","x","","","1"
"2020-01","British Columbia","2016A000259","Ethane","Cubic metres","72","thousands","3","v18149","5.6","","x","","","1"
"2020-01","British Columbia","2016A000259","Sulphur","Tonnes","288","units","0","v18154","5.7","","x","","","0"
"2020-02","Canada","2016A000011124","Propane","Cubic metres","72","thousands","3","v18135","1.4","1294.6","","","","1"
"2020-02","Canada","2016A000011124","Butane","Cubic metres","72","thousands","3","v18140","1.5","811.2","","","","1"
"2020-02","Canada","2016A000011124","Ethane","Cubic metres","72","thousands","3","v18145","1.6","1075.8","","","","1"
"2020-02","Canada","2016A000011124","Sulphur","Tonnes","288","units","0","v18150","1.7","362203","","","","0"
"2020-02","Nova Scotia","2016A000212","Propane","Cubic metres","72","thousands","3","v783740","6.4","","x","","","1"
"2020-02","Nova Scotia","2016A000212","Butane","Cubic metres","72","thousands","3","v783741","6.5","","x","","","1"
"2020-02","Ontario","2016A000235","Propane","Cubic metres","72","thousands","3","v107638452","7.4","","x","","","1"
"2020-02","Ontario","2016A000235","Butane","Cubic metres","72","thousands","3","v107638453","7.5","","x","","","1"
"2020-02","Saskatchewan","2016A000247","Propane","Cubic metres","72","thousands","3","v18137","3.4","42.3","","","","1"
"2020-02","Saskatchewan","2016A000247","Butane","Cubic metres","72","thousands","3","v18142","3.5","23.6","","","","1"
"2020-02","Saskatchewan","2016A000247","Ethane","Cubic metres","72","thousands","3","v18147","3.6","","x","","","1"
"2020-02","Alberta","2016A000248","Propane","Cubic metres","72","thousands","3","v18138","4.4","834.8","","","","1"
"2020-02","Alberta","2016A000248","Butane","Cubic metres","72","thousands","3","v18143","4.5","531.8","","","","1"
"2020-02","Alberta","2016A000248","Ethane","Cubic metres","72","thousands","3","v18148","4.6","1044.7","","","","1"
"2020-02","Alberta","2016A000248","Sulphur","Tonnes","288","units","0","v18153","4.7","","x","","","0"
"2020-02","British Columbia","2016A000259","Propane","Cubic metres","72","thousands","3","v18139","5.4","","x","","","1"
"2020-02","British Columbia","2016A000259","Butane","Cubic metres","72","thousands","3","v18144","5.5","","x","","","1"
"2020-02","British Columbia","2016A000259","Ethane","Cubic metres","72","thousands","3","v18149","5.6","","x","","","1"
"2020-02","British Columbia","2016A000259","Sulphur","Tonnes","288","units","0","v18154","5.7","","x","","","0"
"2020-03","Canada","2016A000011124","Propane","Cubic metres","72","thousands","3","v18135","1.4","1305.7","","","","1"
"2020-03","Canada","2016A000011124","Butane","Cubic metres","72","thousands","3","v18140","1.5","837.6","","","","1"
"2020-03","Canada","2016A000011124","Ethane","Cubic metres","72","thousands","3","v18145","1.6","1210.3","","","","1"
"2020-03","Canada","2016A000011124","Sulphur","Tonnes","288","units","0","v18150","1.7","387770","","","","0"
"2020-03","Nova Scotia","2016A000212","Propane","Cubic metres","72","thousands","3","v783740","6.4","","x","","","1"
"2020-03","Nova Scotia","2016A000212","Butane","Cubic metres","72","thousands","3","v783741","6.5","","x","","","1"
"2020-03","Ontario","2016A000235","Propane","Cubic metres","72","thousands","3","v107638452","7.4","","x","","","1"
"2020-03","Ontario","2016A000235","Butane","Cubic metres","72","thousands","3","v107638453","7.5","","x","","","1"
"2020-03","Saskatchewan","2016A000247","Propane","Cubic metres","72","thousands","3","v18137","3.4","47.4","","","","1"
"2020-03","Saskatchewan","2016A000247","Butane","Cubic metres","72","thousands","3","v18142","3.5","24.2","","","","1"
"2020-03","Saskatchewan","2016A000247","Ethane","Cubic metres","72","thousands","3","v18147","3.6","","x","","","1"
"2020-03","Alberta","2016A000248","Propane","Cubic metres","72","thousands","3","v18138","4.4","844.1","","","","1"
"2020-03","Alberta","2016A000248","Butane","Cubic metres","72","thousands","3","v18143","4.5","546.0","","","","1"
"2020-03","Alberta","2016A000248","Ethane","Cubic metres","72","thousands","3","v18148","4.6","1173.3","","","","1"
"2020-03","Alberta","2016A000248","Sulphur","Tonnes","288","units","0","v18153","4.7","","x","","","0"
"2020-03","British Columbia","2016A000259","Propane","Cubic metres","72","thousands","3","v18139","5.4","","x","","","1"
"2020-03","British Columbia","2016A000259","Butane","Cubic metres","72","thousands","3","v18144","5.5","","x","","","1"
"2020-03","British Columbia","2016A000259","Ethane","Cubic metres","72","thousands","3","v18149","5.6","","x","","","1"
"2020-03","British Columbia","2016A000259","Sulphur","Tonnes","288","units","0","v18154","5.7","","x","","","0"
"2020-04","Canada","2016A000011124","Propane","Cubic metres","72","thousands","3","v18135","1.4","1153.5","","","","1"
"2020-04","Canada","2016A000011124","Butane","Cubic metres","72","thousands","3","v18140","1.5","773.7","","","","1"
"2020-04","Canada","2016A000011124","Ethane","Cubic metres","72","thousands","3","v18145","1.6","1100.0","","","","1"
"2020-04","Canada","2016A000011124","Sulphur","Tonnes","288","units","0","v18150","1.7","369480","","","","0"
"2020-04","Nova Scotia","2016A000212","Propane","Cubic metres","72","thousands","3","v783740","6.4","","x","","","1"
"2020-04","Nova Scotia","2016A000212","Butane","Cubic metres","72","thousands","3","v783741","6.5","","x","","","1"
"2020-04","Ontario","2016A000235","Propane","Cubic metres","72","thousands","3","v107638452","7.4","","x","","","1"
"2020-04","Ontario","2016A000235","Butane","Cubic metres","72","thousands","3","v107638453","7.5","","x","","","1"
"2020-04","Saskatchewan","2016A000247","Propane","Cubic metres","72","thousands","3","v18137","3.4","40.9","","","","1"
"2020-04","Saskatchewan","2016A000247","Butane","Cubic metres","72","thousands","3","v18142","3.5","22.8","","","","1"
"2020-04","Saskatchewan","2016A000247","Ethane","Cubic metres","72","thousands","3","v18147","3.6","","x","","","1"
"2020-04","Alberta","2016A000248","Propane","Cubic metres","72","thousands","3","v18138","4.4","737.9","","","","1"
"2020-04","Alberta","2016A000248","Butane","Cubic metres","72","thousands","3","v18143","4.5","517.1","","","","1"
"2020-04","Alberta","2016A000248","Ethane","Cubic metres","72","thousands","3","v18148","4.6","1067.2","","","","1"
"2020-04","Alberta","2016A000248","Sulphur","Tonnes","288","units","0","v18153","4.7","","x","","","0"
"2020-04","British Columbia","2016A000259","Propane","Cubic metres","72","thousands","3","v18139","5.4","","x","","","1"
"2020-04","British Columbia","2016A000259","Butane","Cubic metres","72","thousands","3","v18144","5.5","","x","","","1"
"2020-04","British Columbia","2016A000259","Ethane","Cubic metres","72","thousands","3","v18149","5.6","","x","","","1"
"2020-04","British Columbia","2016A000259","Sulphur","Tonnes","288","units","0","v18154","5.7","","x","","","0"
"2020-05","Canada","2016A000011124","Propane","Cubic metres","72","thousands","3","v18135","1.4","1223.4","","","","1"
"2020-05","Canada","2016A000011124","Butane","Cubic metres","72","thousands","3","v18140","1.5","761.3","","","","1"
"2020-05","Canada","2016A000011124","Ethane","Cubic metres","72","thousands","3","v18145","1.6","1156.4","","","","1"
"2020-05","Canada","2016A000011124","Sulphur","Tonnes","288","units","0","v18150","1.7","370096","","","","0"
"2020-05","Nova Scotia","2016A000212","Propane","Cubic metres","72","thousands","3","v783740","6.4","","x","","","1"
"2020-05","Nova Scotia","2016A000212","Butane","Cubic metres","72","thousands","3","v783741","6.5","","x","","","1"
"2020-05","Ontario","2016A000235","Propane","Cubic metres","72","thousands","3","v107638452","7.4","","x","","","1"
"2020-05","Ontario","2016A000235","Butane","Cubic metres","72","thousands","3","v107638453","7.5","","x","","","1"
"2020-05","Saskatchewan","2016A000247","Propane","Cubic metres","72","thousands","3","v18137","3.4","39.2","","","","1"
"2020-05","Saskatchewan","2016A000247","Butane","Cubic metres","72","thousands","3","v18142","3.5","22.3","","","","1"
"2020-05","Saskatchewan","2016A000247","Ethane","Cubic metres","72","thousands","3","v18147","3.6","","x","","","1"
"2020-05","Alberta","2016A000248","Propane","Cubic metres","72","thousands","3","v18138","4.4","700.7","","","","1"
"2020-05","Alberta","2016A000248","Butane","Cubic metres","72","thousands","3","v18143","4.5","480.1","","","","1"
"2020-05","Alberta","2016A000248","Ethane","Cubic metres","72","thousands","3","v18148","4.6","1123.2","","","","1"
"2020-05","Alberta","2016A000248","Sulphur","Tonnes","288","units","0","v18153","4.7","","x","","","0"
"2020-05","British Columbia","2016A000259","Propane","Cubic metres","72","thousands","3","v18139","5.4","","x","","","1"
"2020-05","British Columbia","2016A000259","Butane","Cubic metres","72","thousands","3","v18144","5.5","","x","","","1"
"2020-05","British Columbia","2016A000259","Ethane","Cubic metres","72","thousands","3","v18149","5.6","","x","","","1"
"2020-05","British Columbia","2016A000259","Sulphur","Tonnes","288","units","0","v18154","5.7","","x","","","0"
"2020-06","Canada","2016A000011124","Propane","Cubic metres","72","thousands","3","v18135","1.4","1211.0","","","","1"
"2020-06","Canada","2016A000011124","Butane","Cubic metres","72","thousands","3","v18140","1.5","767.9","","","","1"
"2020-06","Canada","2016A000011124","Ethane","Cubic metres","72","thousands","3","v18145","1.6","1274.3","","","","1"
"2020-06","Canada","2016A000011124","Sulphur","Tonnes","288","units","0","v18150","1.7","360564","","","","0"
"2020-06","Nova Scotia","2016A000212","Propane","Cubic metres","72","thousands","3","v783740","6.4","","x","","","1"
"2020-06","Nova Scotia","2016A000212","Butane","Cubic metres","72","thousands","3","v783741","6.5","","x","","","1"
"2020-06","Ontario","2016A000235","Propane","Cubic metres","72","thousands","3","v107638452","7.4","","x","","","1"
"2020-06","Ontario","2016A000235","Butane","Cubic metres","72","thousands","3","v107638453","7.5","","x","","","1"
"2020-06","Saskatchewan","2016A000247","Propane","Cubic metres","72","thousands","3","v18137","3.4","38.0","","","","1"
"2020-06","Saskatchewan","2016A000247","Butane","Cubic metres","72","thousands","3","v18142","3.5","21.7","","","","1"
"2020-06","Saskatchewan","2016A000247","Ethane","Cubic metres","72","thousands","3","v18147","3.6","","x","","","1"
"2020-06","Alberta","2016A000248","Propane","Cubic metres","72","thousands","3","v18138","4.4","772.7","","","","1"
"2020-06","Alberta","2016A000248","Butane","Cubic metres","72","thousands","3","v18143","4.5","509.8","","","","1"
"2020-06","Alberta","2016A000248","Ethane","Cubic metres","72","thousands","3","v18148","4.6","1240.8","","","","1"
"2020-06","Alberta","2016A000248","Sulphur","Tonnes","288","units","0","v18153","4.7","","x","","","0"
"2020-06","British Columbia","2016A000259","Propane","Cubic metres","72","thousands","3","v18139","5.4","","x","","","1"
"2020-06","British Columbia","2016A000259","Butane","Cubic metres","72","thousands","3","v18144","5.5","","x","","","1"
"2020-06","British Columbia","2016A000259","Ethane","Cubic metres","72","thousands","3","v18149","5.6","","x","","","1"
"2020-06","British Columbia","2016A000259","Sulphur","Tonnes","288","units","0","v18154","5.7","","x","","","0"
"2020-07","Canada","2016A000011124","Propane","Cubic metres","72","thousands","3","v18135","1.4","1263.1","","","","1"
"2020-07","Canada","2016A000011124","Butane","Cubic metres","72","thousands","3","v18140","1.5","782.2","","","","1"
"2020-07","Canada","2016A000011124","Ethane","Cubic metres","72","thousands","3","v18145","1.6","1202.4","","","","1"
"2020-07","Canada","2016A000011124","Sulphur","Tonnes","288","units","0","v18150","1.7","338364","","","","0"
"2020-07","Nova Scotia","2016A000212","Propane","Cubic metres","72","thousands","3","v783740","6.4","","x","","","1"
"2020-07","Nova Scotia","2016A000212","Butane","Cubic metres","72","thousands","3","v783741","6.5","","x","","","1"
"2020-07","Ontario","2016A000235","Propane","Cubic metres","72","thousands","3","v107638452","7.4","","x","","","1"
"2020-07","Ontario","2016A000235","Butane","Cubic metres","72","thousands","3","v107638453","7.5","","x","","","1"
"2020-07","Saskatchewan","2016A000247","Propane","Cubic metres","72","thousands","3","v18137","3.4","38.7","","","","1"
"2020-07","Saskatchewan","2016A000247","Butane","Cubic metres","72","thousands","3","v18142","3.5","19.9","","","","1"
"2020-07","Saskatchewan","2016A000247","Ethane","Cubic metres","72","thousands","3","v18147","3.6","","x","","","1"
"2020-07","Alberta","2016A000248","Propane","Cubic metres","72","thousands","3","v18138","4.4","817.4","","","","1"
"2020-07","Alberta","2016A000248","Butane","Cubic metres","72","thousands","3","v18143","4.5","541.8","","","","1"
"2020-07","Alberta","2016A000248","Ethane","Cubic metres","72","thousands","3","v18148","4.6","1168.7","","","","1"
"2020-07","Alberta","2016A000248","Sulphur","Tonnes","288","units","0","v18153","4.7","","x","","","0"
"2020-07","British Columbia","2016A000259","Propane","Cubic metres","72","thousands","3","v18139","5.4","","x","","","1"
"2020-07","British Columbia","2016A000259","Butane","Cubic metres","72","thousands","3","v18144","5.5","","x","","","1"
"2020-07","British Columbia","2016A000259","Ethane","Cubic metres","72","thousands","3","v18149","5.6","","x","","","1"
"2020-07","British Columbia","2016A000259","Sulphur","Tonnes","288","units","0","v18154","5.7","","x","","","0"
"2020-08","Canada","2016A000011124","Propane","Cubic metres","72","thousands","3","v18135","1.4","1151.4","","","","1"
"2020-08","Canada","2016A000011124","Butane","Cubic metres","72","thousands","3","v18140","1.5","799.1","","","","1"
"2020-08","Canada","2016A000011124","Ethane","Cubic metres","72","thousands","3","v18145","1.6","955.1","","","","1"
"2020-08","Canada","2016A000011124","Sulphur","Tonnes","288","units","0","v18150","1.7","321934","","","","0"
"2020-08","Nova Scotia","2016A000212","Propane","Cubic metres","72","thousands","3","v783740","6.4","","x","","","1"
"2020-08","Nova Scotia","2016A000212","Butane","Cubic metres","72","thousands","3","v783741","6.5","","x","","","1"
"2020-08","Ontario","2016A000235","Propane","Cubic metres","72","thousands","3","v107638452","7.4","","x","","","1"
"2020-08","Ontario","2016A000235","Butane","Cubic metres","72","thousands","3","v107638453","7.5","","x","","","1"
"2020-08","Saskatchewan","2016A000247","Propane","Cubic metres","72","thousands","3","v18137","3.4","37.9","","","","1"
"2020-08","Saskatchewan","2016A000247","Butane","Cubic metres","72","thousands","3","v18142","3.5","21.9","","","","1"
"2020-08","Saskatchewan","2016A000247","Ethane","Cubic metres","72","thousands","3","v18147","3.6","","x","","","1"
"2020-08","Alberta","2016A000248","Propane","Cubic metres","72","thousands","3","v18138","4.4","714.7","","","","1"
"2020-08","Alberta","2016A000248","Butane","Cubic metres","72","thousands","3","v18143","4.5","531.2","","","","1"
"2020-08","Alberta","2016A000248","Ethane","Cubic metres","72","thousands","3","v18148","4.6","920.8","","","","1"
"2020-08","Alberta","2016A000248","Sulphur","Tonnes","288","units","0","v18153","4.7","","x","","","0"
"2020-08","British Columbia","2016A000259","Propane","Cubic metres","72","thousands","3","v18139","5.4","","x","","","1"
"2020-08","British Columbia","2016A000259","Butane","Cubic metres","72","thousands","3","v18144","5.5","","x","","","1"
"2020-08","British Columbia","2016A000259","Ethane","Cubic metres","72","thousands","3","v18149","5.6","","x","","","1"
"2020-08","British Columbia","2016A000259","Sulphur","Tonnes","288","units","0","v18154","5.7","","x","","","0"
"2020-09","Canada","2016A000011124","Propane","Cubic metres","72","thousands","3","v18135","1.4","1162.1","","","","1"
"2020-09","Canada","2016A000011124","Butane","Cubic metres","72","thousands","3","v18140","1.5","826.2","","","","1"
"2020-09","Canada","2016A000011124","Ethane","Cubic metres","72","thousands","3","v18145","1.6","970.6","","","","1"
"2020-09","Canada","2016A000011124","Sulphur","Tonnes","288","units","0","v18150","1.7","312768","","","","0"
"2020-09","Nova Scotia","2016A000212","Propane","Cubic metres","72","thousands","3","v783740","6.4","","x","","","1"
"2020-09","Nova Scotia","2016A000212","Butane","Cubic metres","72","thousands","3","v783741","6.5","","x","","","1"
"2020-09","Ontario","2016A000235","Propane","Cubic metres","72","thousands","3","v107638452","7.4","","x","","","1"
"2020-09","Ontario","2016A000235","Butane","Cubic metres","72","thousands","3","v107638453","7.5","","x","","","1"
"2020-09","Saskatchewan","2016A000247","Propane","Cubic metres","72","thousands","3","v18137","3.4","37.5","","","","1"
"2020-09","Saskatchewan","2016A000247","Butane","Cubic metres","72","thousands","3","v18142","3.5","19.2","","","","1"
"2020-09","Saskatchewan","2016A000247","Ethane","Cubic metres","72","thousands","3","v18147","3.6","","x","","","1"
"2020-09","Alberta","2016A000248","Propane","Cubic metres","72","thousands","3","v18138","4.4","696.8","","","","1"
"2020-09","Alberta","2016A000248","Butane","Cubic metres","72","thousands","3","v18143","4.5","547.3","","","","1"
"2020-09","Alberta","2016A000248","Ethane","Cubic metres","72","thousands","3","v18148","4.6","955.3","","","","1"
"2020-09","Alberta","2016A000248","Sulphur","Tonnes","288","units","0","v18153","4.7","","x","","","0"
"2020-09","British Columbia","2016A000259","Propane","Cubic metres","72","thousands","3","v18139","5.4","","x","","","1"
"2020-09","British Columbia","2016A000259","Butane","Cubic metres","72","thousands","3","v18144","5.5","","x","","","1"
"2020-09","British Columbia","2016A000259","Ethane","Cubic metres","72","thousands","3","v18149","5.6","","x","","","1"
"2020-09","British Columbia","2016A000259","Sulphur","Tonnes","288","units","0","v18154","5.7","","x","","","0"
"2020-10","Canada","2016A000011124","Propane","Cubic metres","72","thousands","3","v18135","1.4","1322.8","","","","1"
"2020-10","Canada","2016A000011124","Butane","Cubic metres","72","thousands","3","v18140","1.5","875.9","","","","1"
"2020-10","Canada","2016A000011124","Ethane","Cubic metres","72","thousands","3","v18145","1.6","1180.5","","","","1"
"2020-10","Canada","2016A000011124","Sulphur","Tonnes","288","units","0","v18150","1.7","353549","","","","0"
"2020-10","Nova Scotia","2016A000212","Propane","Cubic metres","72","thousands","3","v783740","6.4","","x","","","1"
"2020-10","Nova Scotia","2016A000212","Butane","Cubic metres","72","thousands","3","v783741","6.5","","x","","","1"
"2020-10","Ontario","2016A000235","Propane","Cubic metres","72","thousands","3","v107638452","7.4","","x","","","1"
"2020-10","Ontario","2016A000235","Butane","Cubic metres","72","thousands","3","v107638453","7.5","","x","","","1"
"2020-10","Saskatchewan","2016A000247","Propane","Cubic metres","72","thousands","3","v18137","3.4","36.6","","","","1"
"2020-10","Saskatchewan","2016A000247","Butane","Cubic metres","72","thousands","3","v18142","3.5","19.9","","","","1"
"2020-10","Saskatchewan","2016A000247","Ethane","Cubic metres","72","thousands","3","v18147","3.6","","x","","","1"
"2020-10","Alberta","2016A000248","Propane","Cubic metres","72","thousands","3","v18138","4.4","806.1","","","","1"
"2020-10","Alberta","2016A000248","Butane","Cubic metres","72","thousands","3","v18143","4.5","611.9","","","","1"
"2020-10","Alberta","2016A000248","Ethane","Cubic metres","72","thousands","3","v18148","4.6","1166.1","","","","1"
"2020-10","Alberta","2016A000248","Sulphur","Tonnes","288","units","0","v18153","4.7","","x","","","0"
"2020-10","British Columbia","2016A000259","Propane","Cubic metres","72","thousands","3","v18139","5.4","","x","","","1"
"2020-10","British Columbia","2016A000259","Butane","Cubic metres","72","thousands","3","v18144","5.5","","x","","","1"
"2020-10","British Columbia","2016A000259","Ethane","Cubic metres","72","thousands","3","v18149","5.6","","x","","","1"
"2020-10","British Columbia","2016A000259","Sulphur","Tonnes","288","units","0","v18154","5.7","","x","","","0"
"2020-11","Canada","2016A000011124","Propane","Cubic metres","72","thousands","3","v18135","1.4","1307.5","","","","1"
"2020-11","Canada","2016A000011124","Butane","Cubic metres","72","thousands","3","v18140","1.5","809.5","","","","1"
"2020-11","Canada","2016A000011124","Ethane","Cubic metres","72","thousands","3","v18145","1.6","1157.8","","","","1"
"2020-11","Canada","2016A000011124","Sulphur","Tonnes","288","units","0","v18150","1.7","390402","","","","0"
"2020-11","Nova Scotia","2016A000212","Propane","Cubic metres","72","thousands","3","v783740","6.4","","x","","","1"
"2020-11","Nova Scotia","2016A000212","Butane","Cubic metres","72","thousands","3","v783741","6.5","","x","","","1"
"2020-11","Ontario","2016A000235","Propane","Cubic metres","72","thousands","3","v107638452","7.4","","x","","","1"
"2020-11","Ontario","2016A000235","Butane","Cubic metres","72","thousands","3","v107638453","7.5","","x","","","1"
"2020-11","Saskatchewan","2016A000247","Propane","Cubic metres","72","thousands","3","v18137","3.4","35.6","","","","1"
"2020-11","Saskatchewan","2016A000247","Butane","Cubic metres","72","thousands","3","v18142","3.5","19.5","","","","1"
"2020-11","Saskatchewan","2016A000247","Ethane","Cubic metres","72","thousands","3","v18147","3.6","","x","","","1"
"2020-11","Alberta","2016A000248","Propane","Cubic metres","72","thousands","3","v18138","4.4","772.9","","","","1"
"2020-11","Alberta","2016A000248","Butane","Cubic metres","72","thousands","3","v18143","4.5","532.9","","","","1"
"2020-11","Alberta","2016A000248","Ethane","Cubic metres","72","thousands","3","v18148","4.6","1127.9","","","","1"
"2020-11","Alberta","2016A000248","Sulphur","Tonnes","288","units","0","v18153","4.7","","x","","","0"
"2020-11","British Columbia","2016A000259","Propane","Cubic metres","72","thousands","3","v18139","5.4","","x","","","1"
"2020-11","British Columbia","2016A000259","Butane","Cubic metres","72","thousands","3","v18144","5.5","","x","","","1"
"2020-11","British Columbia","2016A000259","Ethane","Cubic metres","72","thousands","3","v18149","5.6","","x","","","1"
"2020-11","British Columbia","2016A000259","Sulphur","Tonnes","288","units","0","v18154","5.7","","x","","","0"
"2020-12","Canada","2016A000011124","Propane","Cubic metres","72","thousands","3","v18135","1.4","1330.7","","","","1"
"2020-12","Canada","2016A000011124","Butane","Cubic metres","72","thousands","3","v18140","1.5","868.1","","","","1"
"2020-12","Canada","2016A000011124","Ethane","Cubic metres","72","thousands","3","v18145","1.6","1191.6","","","","1"
"2020-12","Canada","2016A000011124","Sulphur","Tonnes","288","units","0","v18150","1.7","411373","","","","0"
"2020-12","Nova Scotia","2016A000212","Propane","Cubic metres","72","thousands","3","v783740","6.4","","x","","","1"
"2020-12","Nova Scotia","2016A000212","Butane","Cubic metres","72","thousands","3","v783741","6.5","","x","","","1"
"2020-12","Ontario","2016A000235","Propane","Cubic metres","72","thousands","3","v107638452","7.4","","x","","","1"
"2020-12","Ontario","2016A000235","Butane","Cubic metres","72","thousands","3","v107638453","7.5","","x","","","1"
"2020-12","Saskatchewan","2016A000247","Propane","Cubic metres","72","thousands","3","v18137","3.4","38.0","","","","1"
"2020-12","Saskatchewan","2016A000247","Butane","Cubic metres","72","thousands","3","v18142","3.5","19.8","","","","1"
"2020-12","Saskatchewan","2016A000247","Ethane","Cubic metres","72","thousands","3","v18147","3.6","","x","","","1"
"2020-12","Alberta","2016A000248","Propane","Cubic metres","72","thousands","3","v18138","4.4","813.3","","","","1"
"2020-12","Alberta","2016A000248","Butane","Cubic metres","72","thousands","3","v18143","4.5","571.0","","","","1"
"2020-12","Alberta","2016A000248","Ethane","Cubic metres","72","thousands","3","v18148","4.6","1151.6","","","","1"
"2020-12","Alberta","2016A000248","Sulphur","Tonnes","288","units","0","v18153","4.7","","x","","","0"
"2020-12","British Columbia","2016A000259","Propane","Cubic metres","72","thousands","3","v18139","5.4","","x","","","1"
"2020-12","British Columbia","2016A000259","Butane","Cubic metres","72","thousands","3","v18144","5.5","","x","","","1"
"2020-12","British Columbia","2016A000259","Ethane","Cubic metres","72","thousands","3","v18149","5.6","","x","","","1"
"2020-12","British Columbia","2016A000259","Sulphur","Tonnes","288","units","0","v18154","5.7","","x","","","0"
"2021-01","Canada","2016A000011124","Propane","Cubic metres","72","thousands","3","v18135","1.4","1426.0","","","","1"
"2021-01","Canada","2016A000011124","Butane","Cubic metres","72","thousands","3","v18140","1.5","905.3","","","","1"
"2021-01","Canada","2016A000011124","Ethane","Cubic metres","72","thousands","3","v18145","1.6","1209.1","","","","1"
"2021-01","Canada","2016A000011124","Sulphur","Tonnes","288","units","0","v18150","1.7","401293","","","","0"
"2021-01","Nova Scotia","2016A000212","Propane","Cubic metres","72","thousands","3","v783740","6.4","","x","","","1"
"2021-01","Nova Scotia","2016A000212","Butane","Cubic metres","72","thousands","3","v783741","6.5","","x","","","1"
"2021-01","Ontario","2016A000235","Propane","Cubic metres","72","thousands","3","v107638452","7.4","","x","","","1"
"2021-01","Ontario","2016A000235","Butane","Cubic metres","72","thousands","3","v107638453","7.5","","x","","","1"
"2021-01","Saskatchewan","2016A000247","Propane","Cubic metres","72","thousands","3","v18137","3.4","36.0","","","","1"
"2021-01","Saskatchewan","2016A000247","Butane","Cubic metres","72","thousands","3","v18142","3.5","18.8","","","","1"
"2021-01","Saskatchewan","2016A000247","Ethane","Cubic metres","72","thousands","3","v18147","3.6","","x","","","1"
"2021-01","Alberta","2016A000248","Propane","Cubic metres","72","thousands","3","v18138","4.4","877.3","","","","1"
"2021-01","Alberta","2016A000248","Butane","Cubic metres","72","thousands","3","v18143","4.5","589.3","","","","1"
"2021-01","Alberta","2016A000248","Ethane","Cubic metres","72","thousands","3","v18148","4.6","1167.6","","","","1"
"2021-01","Alberta","2016A000248","Sulphur","Tonnes","288","units","0","v18153","4.7","","x","","","0"
"2021-01","British Columbia","2016A000259","Propane","Cubic metres","72","thousands","3","v18139","5.4","","x","","","1"
"2021-01","British Columbia","2016A000259","Butane","Cubic metres","72","thousands","3","v18144","5.5","","x","","","1"
"2021-01","British Columbia","2016A000259","Ethane","Cubic metres","72","thousands","3","v18149","5.6","","x","","","1"
"2021-01","British Columbia","2016A000259","Sulphur","Tonnes","288","units","0","v18154","5.7","","x","","","0"
"2021-02","Canada","2016A000011124","Propane","Cubic metres","72","thousands","3","v18135","1.4","1234.9","","","","1"
"2021-02","Canada","2016A000011124","Butane","Cubic metres","72","thousands","3","v18140","1.5","788.5","","","","1"
"2021-02","Canada","2016A000011124","Ethane","Cubic metres","72","thousands","3","v18145","1.6","1060.3","","","","1"
"2021-02","Canada","2016A000011124","Sulphur","Tonnes","288","units","0","v18150","1.7","361134","","","","0"
"2021-02","Nova Scotia","2016A000212","Propane","Cubic metres","72","thousands","3","v783740","6.4","","x","","","1"
"2021-02","Nova Scotia","2016A000212","Butane","Cubic metres","72","thousands","3","v783741","6.5","","x","","","1"
"2021-02","Ontario","2016A000235","Propane","Cubic metres","72","thousands","3","v107638452","7.4","","x","","","1"
"2021-02","Ontario","2016A000235","Butane","Cubic metres","72","thousands","3","v107638453","7.5","","x","","","1"
"2021-02","Saskatchewan","2016A000247","Propane","Cubic metres","72","thousands","3","v18137","3.4","31.1","","","","1"
"2021-02","Saskatchewan","2016A000247","Butane","Cubic metres","72","thousands","3","v18142","3.5","15.9","","","","1"
"2021-02","Saskatchewan","2016A000247","Ethane","Cubic metres","72","thousands","3","v18147","3.6","","x","","","1"
"2021-02","Alberta","2016A000248","Propane","Cubic metres","72","thousands","3","v18138","4.4","774.9","","","","1"
"2021-02","Alberta","2016A000248","Butane","Cubic metres","72","thousands","3","v18143","4.5","510.4","","","","1"
"2021-02","Alberta","2016A000248","Ethane","Cubic metres","72","thousands","3","v18148","4.6","1022.6","","","","1"
"2021-02","Alberta","2016A000248","Sulphur","Tonnes","288","units","0","v18153","4.7","","x","","","0"
"2021-02","British Columbia","2016A000259","Propane","Cubic metres","72","thousands","3","v18139","5.4","","x","","","1"
"2021-02","British Columbia","2016A000259","Butane","Cubic metres","72","thousands","3","v18144","5.5","","x","","","1"
"2021-02","British Columbia","2016A000259","Ethane","Cubic metres","72","thousands","3","v18149","5.6","","x","","","1"
"2021-02","British Columbia","2016A000259","Sulphur","Tonnes","288","units","0","v18154","5.7","","x","","","0"
"2021-03","Canada","2016A000011124","Propane","Cubic metres","72","thousands","3","v18135","1.4","1342.7","","","","1"
"2021-03","Canada","2016A000011124","Butane","Cubic metres","72","thousands","3","v18140","1.5","888.7","","","","1"
"2021-03","Canada","2016A000011124","Ethane","Cubic metres","72","thousands","3","v18145","1.6","1200.1","","","","1"
"2021-03","Canada","2016A000011124","Sulphur","Tonnes","288","units","0","v18150","1.7","338945","","","","0"
"2021-03","Nova Scotia","2016A000212","Propane","Cubic metres","72","thousands","3","v783740","6.4","","x","","","1"
"2021-03","Nova Scotia","2016A000212","Butane","Cubic metres","72","thousands","3","v783741","6.5","","x","","","1"
"2021-03","Ontario","2016A000235","Propane","Cubic metres","72","thousands","3","v107638452","7.4","","x","","","1"
"2021-03","Ontario","2016A000235","Butane","Cubic metres","72","thousands","3","v107638453","7.5","","x","","","1"
"2021-03","Saskatchewan","2016A000247","Propane","Cubic metres","72","thousands","3","v18137","3.4","34.7","","","","1"
"2021-03","Saskatchewan","2016A000247","Butane","Cubic metres","72","thousands","3","v18142","3.5","19.7","","","","1"
"2021-03","Saskatchewan","2016A000247","Ethane","Cubic metres","72","thousands","3","v18147","3.6","","x","","","1"
"2021-03","Alberta","2016A000248","Propane","Cubic metres","72","thousands","3","v18138","4.4","867.1","","","","1"
"2021-03","Alberta","2016A000248","Butane","Cubic metres","72","thousands","3","v18143","4.5","588.6","","","","1"
"2021-03","Alberta","2016A000248","Ethane","Cubic metres","72","thousands","3","v18148","4.6","1157.5","","","","1"
"2021-03","Alberta","2016A000248","Sulphur","Tonnes","288","units","0","v18153","4.7","","x","","","0"
"2021-03","British Columbia","2016A000259","Propane","Cubic metres","72","thousands","3","v18139","5.4","","x","","","1"
"2021-03","British Columbia","2016A000259","Butane","Cubic metres","72","thousands","3","v18144","5.5","","x","","","1"
"2021-03","British Columbia","2016A000259","Ethane","Cubic metres","72","thousands","3","v18149","5.6","","x","","","1"
"2021-03","British Columbia","2016A000259","Sulphur","Tonnes","288","units","0","v18154","5.7","","x","","","0"
"2021-04","Canada","2016A000011124","Propane","Cubic metres","72","thousands","3","v18135","1.4","1246.0","","","","1"
"2021-04","Canada","2016A000011124","Butane","Cubic metres","72","thousands","3","v18140","1.5","855.0","","","","1"
"2021-04","Canada","2016A000011124","Ethane","Cubic metres","72","thousands","3","v18145","1.6","1138.5","","","","1"
"2021-04","Canada","2016A000011124","Sulphur","Tonnes","288","units","0","v18150","1.7","251960","","","","0"
"2021-04","Nova Scotia","2016A000212","Propane","Cubic metres","72","thousands","3","v783740","6.4","","x","","","1"
"2021-04","Nova Scotia","2016A000212","Butane","Cubic metres","72","thousands","3","v783741","6.5","","x","","","1"
"2021-04","Ontario","2016A000235","Propane","Cubic metres","72","thousands","3","v107638452","7.4","","x","","","1"
"2021-04","Ontario","2016A000235","Butane","Cubic metres","72","thousands","3","v107638453","7.5","","x","","","1"
"2021-04","Saskatchewan","2016A000247","Propane","Cubic metres","72","thousands","3","v18137","3.4","36.1","","","","1"
"2021-04","Saskatchewan","2016A000247","Butane","Cubic metres","72","thousands","3","v18142","3.5","20.8","","","","1"
"2021-04","Saskatchewan","2016A000247","Ethane","Cubic metres","72","thousands","3","v18147","3.6","","x","","","1"
"2021-04","Alberta","2016A000248","Propane","Cubic metres","72","thousands","3","v18138","4.4","769.3","","","","1"
"2021-04","Alberta","2016A000248","Butane","Cubic metres","72","thousands","3","v18143","4.5","555.8","","","","1"
"2021-04","Alberta","2016A000248","Ethane","Cubic metres","72","thousands","3","v18148","4.6","1101.0","","","","1"
"2021-04","Alberta","2016A000248","Sulphur","Tonnes","288","units","0","v18153","4.7","","x","","","0"
"2021-04","British Columbia","2016A000259","Propane","Cubic metres","72","thousands","3","v18139","5.4","","x","","","1"
"2021-04","British Columbia","2016A000259","Butane","Cubic metres","72","thousands","3","v18144","5.5","","x","","","1"
"2021-04","British Columbia","2016A000259","Ethane","Cubic metres","72","thousands","3","v18149","5.6","","x","","","1"
"2021-04","British Columbia","2016A000259","Sulphur","Tonnes","288","units","0","v18154","5.7","","x","","","0"
"2021-05","Canada","2016A000011124","Propane","Cubic metres","72","thousands","3","v18135","1.4","1319.8","","","","1"
"2021-05","Canada","2016A000011124","Butane","Cubic metres","72","thousands","3","v18140","1.5","869.3","","","","1"
"2021-05","Canada","2016A000011124","Ethane","Cubic metres","72","thousands","3","v18145","1.6","1272.5","","","","1"
"2021-05","Canada","2016A000011124","Sulphur","Tonnes","288","units","0","v18150","1.7","305748","","","","0"
"2021-05","Nova Scotia","2016A000212","Propane","Cubic metres","72","thousands","3","v783740","6.4","","x","","","1"
"2021-05","Nova Scotia","2016A000212","Butane","Cubic metres","72","thousands","3","v783741","6.5","","x","","","1"
"2021-05","Ontario","2016A000235","Propane","Cubic metres","72","thousands","3","v107638452","7.4","","x","","","1"
"2021-05","Ontario","2016A000235","Butane","Cubic metres","72","thousands","3","v107638453","7.5","","x","","","1"
"2021-05","Saskatchewan","2016A000247","Propane","Cubic metres","72","thousands","3","v18137","3.4","36.5","","","","1"
"2021-05","Saskatchewan","2016A000247","Butane","Cubic metres","72","thousands","3","v18142","3.5","21.7","","","","1"
"2021-05","Saskatchewan","2016A000247","Ethane","Cubic metres","72","thousands","3","v18147","3.6","","x","","","1"
"2021-05","Alberta","2016A000248","Propane","Cubic metres","72","thousands","3","v18138","4.4","838.8","","","","1"
"2021-05","Alberta","2016A000248","Butane","Cubic metres","72","thousands","3","v18143","4.5","579.7","","","","1"
"2021-05","Alberta","2016A000248","Ethane","Cubic metres","72","thousands","3","v18148","4.6","1233.5","","","","1"
"2021-05","Alberta","2016A000248","Sulphur","Tonnes","288","units","0","v18153","4.7","","x","","","0"
"2021-05","British Columbia","2016A000259","Propane","Cubic metres","72","thousands","3","v18139","5.4","","x","","","1"
"2021-05","British Columbia","2016A000259","Butane","Cubic metres","72","thousands","3","v18144","5.5","","x","","","1"
"2021-05","British Columbia","2016A000259","Ethane","Cubic metres","72","thousands","3","v18149","5.6","","x","","","1"
"2021-05","British Columbia","2016A000259","Sulphur","Tonnes","288","units","0","v18154","5.7","","x","","","0"
"2021-06","Canada","2016A000011124","Propane","Cubic metres","72","thousands","3","v18135","1.4","1321.0","","","","1"
"2021-06","Canada","2016A000011124","Butane","Cubic metres","72","thousands","3","v18140","1.5","786.4","","","","1"
"2021-06","Canada","2016A000011124","Ethane","Cubic metres","72","thousands","3","v18145","1.6","1118.7","","","","1"
"2021-06","Canada","2016A000011124","Sulphur","Tonnes","288","units","0","v18150","1.7","318195","","","","0"
"2021-06","Nova Scotia","2016A000212","Propane","Cubic metres","72","thousands","3","v783740","6.4","","x","","","1"
"2021-06","Nova Scotia","2016A000212","Butane","Cubic metres","72","thousands","3","v783741","6.5","","x","","","1"
"2021-06","Ontario","2016A000235","Propane","Cubic metres","72","thousands","3","v107638452","7.4","","x","","","1"
"2021-06","Ontario","2016A000235","Butane","Cubic metres","72","thousands","3","v107638453","7.5","","x","","","1"
"2021-06","Saskatchewan","2016A000247","Propane","Cubic metres","72","thousands","3","v18137","3.4","34.1","","","","1"
"2021-06","Saskatchewan","2016A000247","Butane","Cubic metres","72","thousands","3","v18142","3.5","19.4","","","","1"
"2021-06","Saskatchewan","2016A000247","Ethane","Cubic metres","72","thousands","3","v18147","3.6","","x","","","1"
"2021-06","Alberta","2016A000248","Propane","Cubic metres","72","thousands","3","v18138","4.4","788.3","","","","1"
"2021-06","Alberta","2016A000248","Butane","Cubic metres","72","thousands","3","v18143","4.5","500.3","","","","1"
"2021-06","Alberta","2016A000248","Ethane","Cubic metres","72","thousands","3","v18148","4.6","1089.0","","","","1"
"2021-06","Alberta","2016A000248","Sulphur","Tonnes","288","units","0","v18153","4.7","","x","","","0"
"2021-06","British Columbia","2016A000259","Propane","Cubic metres","72","thousands","3","v18139","5.4","","x","","","1"
"2021-06","British Columbia","2016A000259","Butane","Cubic metres","72","thousands","3","v18144","5.5","","x","","","1"
"2021-06","British Columbia","2016A000259","Ethane","Cubic metres","72","thousands","3","v18149","5.6","","x","","","1"
"2021-06","British Columbia","2016A000259","Sulphur","Tonnes","288","units","0","v18154","5.7","","x","","","0"
"2021-07","Canada","2016A000011124","Propane","Cubic metres","72","thousands","3","v18135","1.4","1354.0","","","","1"
"2021-07","Canada","2016A000011124","Butane","Cubic metres","72","thousands","3","v18140","1.5","865.2","","","","1"
"2021-07","Canada","2016A000011124","Ethane","Cubic metres","72","thousands","3","v18145","1.6","1286.2","","","","1"
"2021-07","Canada","2016A000011124","Sulphur","Tonnes","288","units","0","v18150","1.7","358822","","","","0"
"2021-07","Nova Scotia","2016A000212","Propane","Cubic metres","72","thousands","3","v783740","6.4","","x","","","1"
"2021-07","Nova Scotia","2016A000212","Butane","Cubic metres","72","thousands","3","v783741","6.5","","x","","","1"
"2021-07","Ontario","2016A000235","Propane","Cubic metres","72","thousands","3","v107638452","7.4","","x","","","1"
"2021-07","Ontario","2016A000235","Butane","Cubic metres","72","thousands","3","v107638453","7.5","","x","","","1"
"2021-07","Saskatchewan","2016A000247","Propane","Cubic metres","72","thousands","3","v18137","3.4","36.8","","","","1"
"2021-07","Saskatchewan","2016A000247","Butane","Cubic metres","72","thousands","3","v18142","3.5","20.3","","","","1"
"2021-07","Saskatchewan","2016A000247","Ethane","Cubic metres","72","thousands","3","v18147","3.6","","x","","","1"
"2021-07","Alberta","2016A000248","Propane","Cubic metres","72","thousands","3","v18138","4.4","918.8","","","","1"
"2021-07","Alberta","2016A000248","Butane","Cubic metres","72","thousands","3","v18143","4.5","590.8","","","","1"
"2021-07","Alberta","2016A000248","Ethane","Cubic metres","72","thousands","3","v18148","4.6","1257.6","","","","1"
"2021-07","Alberta","2016A000248","Sulphur","Tonnes","288","units","0","v18153","4.7","","x","","","0"
"2021-07","British Columbia","2016A000259","Propane","Cubic metres","72","thousands","3","v18139","5.4","","x","","","1"
"2021-07","British Columbia","2016A000259","Butane","Cubic metres","72","thousands","3","v18144","5.5","","x","","","1"
"2021-07","British Columbia","2016A000259","Ethane","Cubic metres","72","thousands","3","v18149","5.6","","x","","","1"
"2021-07","British Columbia","2016A000259","Sulphur","Tonnes","288","units","0","v18154","5.7","","x","","","0"
"2021-08","Canada","2016A000011124","Propane","Cubic metres","72","thousands","3","v18135","1.4","1255.5","","","","1"
"2021-08","Canada","2016A000011124","Butane","Cubic metres","72","thousands","3","v18140","1.5","797.8","","","","1"
"2021-08","Canada","2016A000011124","Ethane","Cubic metres","72","thousands","3","v18145","1.6","845.9","","","","1"
"2021-08","Canada","2016A000011124","Sulphur","Tonnes","288","units","0","v18150","1.7","361115","","","","0"
"2021-08","Nova Scotia","2016A000212","Propane","Cubic metres","72","thousands","3","v783740","6.4","","x","","","1"
"2021-08","Nova Scotia","2016A000212","Butane","Cubic metres","72","thousands","3","v783741","6.5","","x","","","1"
"2021-08","Ontario","2016A000235","Propane","Cubic metres","72","thousands","3","v107638452","7.4","","x","","","1"
"2021-08","Ontario","2016A000235","Butane","Cubic metres","72","thousands","3","v107638453","7.5","","x","","","1"
"2021-08","Saskatchewan","2016A000247","Propane","Cubic metres","72","thousands","3","v18137","3.4","37.6","","","","1"
"2021-08","Saskatchewan","2016A000247","Butane","Cubic metres","72","thousands","3","v18142","3.5","21.5","","","","1"
"2021-08","Saskatchewan","2016A000247","Ethane","Cubic metres","72","thousands","3","v18147","3.6","","x","","","1"
"2021-08","Alberta","2016A000248","Propane","Cubic metres","72","thousands","3","v18138","4.4","850.1","","","","1"
"2021-08","Alberta","2016A000248","Butane","Cubic metres","72","thousands","3","v18143","4.5","549.3","","","","1"
"2021-08","Alberta","2016A000248","Ethane","Cubic metres","72","thousands","3","v18148","4.6","821.0","","","","1"
"2021-08","Alberta","2016A000248","Sulphur","Tonnes","288","units","0","v18153","4.7","","x","","","0"
"2021-08","British Columbia","2016A000259","Propane","Cubic metres","72","thousands","3","v18139","5.4","","x","","","1"
"2021-08","British Columbia","2016A000259","Butane","Cubic metres","72","thousands","3","v18144","5.5","","x","","","1"
"2021-08","British Columbia","2016A000259","Ethane","Cubic metres","72","thousands","3","v18149","5.6","","x","","","1"
"2021-08","British Columbia","2016A000259","Sulphur","Tonnes","288","units","0","v18154","5.7","","x","","","0"
"2021-09","Canada","2016A000011124","Propane","Cubic metres","72","thousands","3","v18135","1.4","1149.0","","","","1"
"2021-09","Canada","2016A000011124","Butane","Cubic metres","72","thousands","3","v18140","1.5","800.5","","","","1"
"2021-09","Canada","2016A000011124","Ethane","Cubic metres","72","thousands","3","v18145","1.6","660.8","","","","1"
"2021-09","Canada","2016A000011124","Sulphur","Tonnes","288","units","0","v18150","1.7","319115","","","","0"
"2021-09","Nova Scotia","2016A000212","Propane","Cubic metres","72","thousands","3","v783740","6.4","","x","","","1"
"2021-09","Nova Scotia","2016A000212","Butane","Cubic metres","72","thousands","3","v783741","6.5","","x","","","1"
"2021-09","Ontario","2016A000235","Propane","Cubic metres","72","thousands","3","v107638452","7.4","","x","","","1"
"2021-09","Ontario","2016A000235","Butane","Cubic metres","72","thousands","3","v107638453","7.5","","x","","","1"
"2021-09","Saskatchewan","2016A000247","Propane","Cubic metres","72","thousands","3","v18137","3.4","35.3","","","","1"
"2021-09","Saskatchewan","2016A000247","Butane","Cubic metres","72","thousands","3","v18142","3.5","20.0","","","","1"
"2021-09","Saskatchewan","2016A000247","Ethane","Cubic metres","72","thousands","3","v18147","3.6","","x","","","1"
"2021-09","Alberta","2016A000248","Propane","Cubic metres","72","thousands","3","v18138","4.4","763.5","","","","1"
"2021-09","Alberta","2016A000248","Butane","Cubic metres","72","thousands","3","v18143","4.5","499.1","","","","1"
"2021-09","Alberta","2016A000248","Ethane","Cubic metres","72","thousands","3","v18148","4.6","646.2","","","","1"
"2021-09","Alberta","2016A000248","Sulphur","Tonnes","288","units","0","v18153","4.7","","x","","","0"
"2021-09","British Columbia","2016A000259","Propane","Cubic metres","72","thousands","3","v18139","5.4","","x","","","1"
"2021-09","British Columbia","2016A000259","Butane","Cubic metres","72","thousands","3","v18144","5.5","","x","","","1"
"2021-09","British Columbia","2016A000259","Ethane","Cubic metres","72","thousands","3","v18149","5.6","","x","","","1"
"2021-09","British Columbia","2016A000259","Sulphur","Tonnes","288","units","0","v18154","5.7","","x","","","0"
"2021-10","Canada","2016A000011124","Propane","Cubic metres","72","thousands","3","v18135","1.4","1320.1","","","","1"
"2021-10","Canada","2016A000011124","Butane","Cubic metres","72","thousands","3","v18140","1.5","847.1","","","","1"
"2021-10","Canada","2016A000011124","Ethane","Cubic metres","72","thousands","3","v18145","1.6","1005.5","","","","1"
"2021-10","Canada","2016A000011124","Sulphur","Tonnes","288","units","0","v18150","1.7","389323","","","","0"
"2021-10","Nova Scotia","2016A000212","Propane","Cubic metres","72","thousands","3","v783740","6.4","","x","","","1"
"2021-10","Nova Scotia","2016A000212","Butane","Cubic metres","72","thousands","3","v783741","6.5","","x","","","1"
"2021-10","Ontario","2016A000235","Propane","Cubic metres","72","thousands","3","v107638452","7.4","","x","","","1"
"2021-10","Ontario","2016A000235","Butane","Cubic metres","72","thousands","3","v107638453","7.5","","x","","","1"
"2021-10","Saskatchewan","2016A000247","Propane","Cubic metres","72","thousands","3","v18137","3.4","37.7","","","","1"
"2021-10","Saskatchewan","2016A000247","Butane","Cubic metres","72","thousands","3","v18142","3.5","21.2","","","","1"
"2021-10","Saskatchewan","2016A000247","Ethane","Cubic metres","72","thousands","3","v18147","3.6","","x","","","1"
"2021-10","Alberta","2016A000248","Propane","Cubic metres","72","thousands","3","v18138","4.4","869.7","","","","1"
"2021-10","Alberta","2016A000248","Butane","Cubic metres","72","thousands","3","v18143","4.5","560.6","","","","1"
"2021-10","Alberta","2016A000248","Ethane","Cubic metres","72","thousands","3","v18148","4.6","985.8","","","","1"
"2021-10","Alberta","2016A000248","Sulphur","Tonnes","288","units","0","v18153","4.7","","x","","","0"
"2021-10","British Columbia","2016A000259","Propane","Cubic metres","72","thousands","3","v18139","5.4","","x","","","1"
"2021-10","British Columbia","2016A000259","Butane","Cubic metres","72","thousands","3","v18144","5.5","","x","","","1"
"2021-10","British Columbia","2016A000259","Ethane","Cubic metres","72","thousands","3","v18149","5.6","","x","","","1"
"2021-10","British Columbia","2016A000259","Sulphur","Tonnes","288","units","0","v18154","5.7","","x","","","0"
"2021-11","Canada","2016A000011124","Propane","Cubic metres","72","thousands","3","v18135","1.4","1367.1","","","","1"
"2021-11","Canada","2016A000011124","Butane","Cubic metres","72","thousands","3","v18140","1.5","935.1","","","","1"
"2021-11","Canada","2016A000011124","Ethane","Cubic metres","72","thousands","3","v18145","1.6","946.7","","","","1"
"2021-11","Canada","2016A000011124","Sulphur","Tonnes","288","units","0","v18150","1.7","384248","","","","0"
"2021-11","Nova Scotia","2016A000212","Propane","Cubic metres","72","thousands","3","v783740","6.4","","x","","","1"
"2021-11","Nova Scotia","2016A000212","Butane","Cubic metres","72","thousands","3","v783741","6.5","","x","","","1"
"2021-11","Ontario","2016A000235","Propane","Cubic metres","72","thousands","3","v107638452","7.4","","x","","","1"
"2021-11","Ontario","2016A000235","Butane","Cubic metres","72","thousands","3","v107638453","7.5","","x","","","1"
"2021-11","Saskatchewan","2016A000247","Propane","Cubic metres","72","thousands","3","v18137","3.4","36.3","","","","1"
"2021-11","Saskatchewan","2016A000247","Butane","Cubic metres","72","thousands","3","v18142","3.5","20.4","","","","1"
"2021-11","Saskatchewan","2016A000247","Ethane","Cubic metres","72","thousands","3","v18147","3.6","","x","","","1"
"2021-11","Alberta","2016A000248","Propane","Cubic metres","72","thousands","3","v18138","4.4","885.9","","","","1"
"2021-11","Alberta","2016A000248","Butane","Cubic metres","72","thousands","3","v18143","4.5","594.4","","","","1"
"2021-11","Alberta","2016A000248","Ethane","Cubic metres","72","thousands","3","v18148","4.6","925.3","","","","1"
"2021-11","Alberta","2016A000248","Sulphur","Tonnes","288","units","0","v18153","4.7","","x","","","0"
"2021-11","British Columbia","2016A000259","Propane","Cubic metres","72","thousands","3","v18139","5.4","","x","","","1"
"2021-11","British Columbia","2016A000259","Butane","Cubic metres","72","thousands","3","v18144","5.5","","x","","","1"
"2021-11","British Columbia","2016A000259","Ethane","Cubic metres","72","thousands","3","v18149","5.6","","x","","","1"
"2021-11","British Columbia","2016A000259","Sulphur","Tonnes","288","units","0","v18154","5.7","","x","","","0"
"2021-12","Canada","2016A000011124","Propane","Cubic metres","72","thousands","3","v18135","1.4","1468.6","","","","1"
"2021-12","Canada","2016A000011124","Butane","Cubic metres","72","thousands","3","v18140","1.5","936.0","","","","1"
"2021-12","Canada","2016A000011124","Ethane","Cubic metres","72","thousands","3","v18145","1.6","972.8","","","","1"
"2021-12","Canada","2016A000011124","Sulphur","Tonnes","288","units","0","v18150","1.7","403105","","","","0"
"2021-12","Nova Scotia","2016A000212","Propane","Cubic metres","72","thousands","3","v783740","6.4","","x","","","1"
"2021-12","Nova Scotia","2016A000212","Butane","Cubic metres","72","thousands","3","v783741","6.5","","x","","","1"
"2021-12","Ontario","2016A000235","Propane","Cubic metres","72","thousands","3","v107638452","7.4","","x","","","1"
"2021-12","Ontario","2016A000235","Butane","Cubic metres","72","thousands","3","v107638453","7.5","","x","","","1"
"2021-12","Saskatchewan","2016A000247","Propane","Cubic metres","72","thousands","3","v18137","3.4","34.4","","","","1"
"2021-12","Saskatchewan","2016A000247","Butane","Cubic metres","72","thousands","3","v18142","3.5","19.9","","","","1"
"2021-12","Saskatchewan","2016A000247","Ethane","Cubic metres","72","thousands","3","v18147","3.6","","x","","","1"
"2021-12","Alberta","2016A000248","Propane","Cubic metres","72","thousands","3","v18138","4.4","947.1","","","","1"
"2021-12","Alberta","2016A000248","Butane","Cubic metres","72","thousands","3","v18143","4.5","614.4","","","","1"
"2021-12","Alberta","2016A000248","Ethane","Cubic metres","72","thousands","3","v18148","4.6","949.3","","","","1"
"2021-12","Alberta","2016A000248","Sulphur","Tonnes","288","units","0","v18153","4.7","","x","","","0"
"2021-12","British Columbia","2016A000259","Propane","Cubic metres","72","thousands","3","v18139","5.4","","x","","","1"
"2021-12","British Columbia","2016A000259","Butane","Cubic metres","72","thousands","3","v18144","5.5","","x","","","1"
"2021-12","British Columbia","2016A000259","Ethane","Cubic metres","72","thousands","3","v18149","5.6","","x","","","1"
"2021-12","British Columbia","2016A000259","Sulphur","Tonnes","288","units","0","v18154","5.7","","x","","","0"
"2022-01","Canada","2016A000011124","Propane","Cubic metres","72","thousands","3","v18135","1.4","1441.3","","","","1"
"2022-01","Canada","2016A000011124","Butane","Cubic metres","72","thousands","3","v18140","1.5","953.2","","","","1"
"2022-01","Canada","2016A000011124","Ethane","Cubic metres","72","thousands","3","v18145","1.6","1083.2","","","","1"
"2022-01","Canada","2016A000011124","Sulphur","Tonnes","288","units","0","v18150","1.7","379969","","","","0"
"2022-01","Nova Scotia","2016A000212","Propane","Cubic metres","72","thousands","3","v783740","6.4","","x","","","1"
"2022-01","Nova Scotia","2016A000212","Butane","Cubic metres","72","thousands","3","v783741","6.5","","x","","","1"
"2022-01","Ontario","2016A000235","Propane","Cubic metres","72","thousands","3","v107638452","7.4","","x","","","1"
"2022-01","Ontario","2016A000235","Butane","Cubic metres","72","thousands","3","v107638453","7.5","","x","","","1"
"2022-01","Saskatchewan","2016A000247","Propane","Cubic metres","72","thousands","3","v18137","3.4","34.0","","","","1"
"2022-01","Saskatchewan","2016A000247","Butane","Cubic metres","72","thousands","3","v18142","3.5","19.5","","","","1"
"2022-01","Saskatchewan","2016A000247","Ethane","Cubic metres","72","thousands","3","v18147","3.6","","x","","","1"
"2022-01","Alberta","2016A000248","Propane","Cubic metres","72","thousands","3","v18138","4.4","999.4","","","","1"
"2022-01","Alberta","2016A000248","Butane","Cubic metres","72","thousands","3","v18143","4.5","649.1","","","","1"
"2022-01","Alberta","2016A000248","Ethane","Cubic metres","72","thousands","3","v18148","4.6","1058.7","","","","1"
"2022-01","Alberta","2016A000248","Sulphur","Tonnes","288","units","0","v18153","4.7","","x","","","0"
"2022-01","British Columbia","2016A000259","Propane","Cubic metres","72","thousands","3","v18139","5.4","","x","","","1"
"2022-01","British Columbia","2016A000259","Butane","Cubic metres","72","thousands","3","v18144","5.5","","x","","","1"
"2022-01","British Columbia","2016A000259","Ethane","Cubic metres","72","thousands","3","v18149","5.6","","x","","","1"
"2022-01","British Columbia","2016A000259","Sulphur","Tonnes","288","units","0","v18154","5.7","","x","","","0"
"2022-02","Canada","2016A000011124","Propane","Cubic metres","72","thousands","3","v18135","1.4","1278.4","","","","1"
"2022-02","Canada","2016A000011124","Butane","Cubic metres","72","thousands","3","v18140","1.5","827.1","","","","1"
"2022-02","Canada","2016A000011124","Ethane","Cubic metres","72","thousands","3","v18145","1.6","1015.1","","","","1"
"2022-02","Canada","2016A000011124","Sulphur","Tonnes","288","units","0","v18150","1.7","362810","","","","0"
"2022-02","Nova Scotia","2016A000212","Propane","Cubic metres","72","thousands","3","v783740","6.4","","x","","","1"
"2022-02","Nova Scotia","2016A000212","Butane","Cubic metres","72","thousands","3","v783741","6.5","","x","","","1"
"2022-02","Ontario","2016A000235","Propane","Cubic metres","72","thousands","3","v107638452","7.4","","x","","","1"
"2022-02","Ontario","2016A000235","Butane","Cubic metres","72","thousands","3","v107638453","7.5","","x","","","1"
"2022-02","Saskatchewan","2016A000247","Propane","Cubic metres","72","thousands","3","v18137","3.4","30.4","","","","1"
"2022-02","Saskatchewan","2016A000247","Butane","Cubic metres","72","thousands","3","v18142","3.5","17.7","","","","1"
"2022-02","Saskatchewan","2016A000247","Ethane","Cubic metres","72","thousands","3","v18147","3.6","","x","","","1"
"2022-02","Alberta","2016A000248","Propane","Cubic metres","72","thousands","3","v18138","4.4","907.0","","","","1"
"2022-02","Alberta","2016A000248","Butane","Cubic metres","72","thousands","3","v18143","4.5","568.6","","","","1"
"2022-02","Alberta","2016A000248","Ethane","Cubic metres","72","thousands","3","v18148","4.6","994.2","","","","1"
"2022-02","Alberta","2016A000248","Sulphur","Tonnes","288","units","0","v18153","4.7","","x","","","0"
"2022-02","British Columbia","2016A000259","Propane","Cubic metres","72","thousands","3","v18139","5.4","","x","","","1"
"2022-02","British Columbia","2016A000259","Butane","Cubic metres","72","thousands","3","v18144","5.5","","x","","","1"
"2022-02","British Columbia","2016A000259","Ethane","Cubic metres","72","thousands","3","v18149","5.6","","x","","","1"
"2022-02","British Columbia","2016A000259","Sulphur","Tonnes","288","units","0","v18154","5.7","","x","","","0"
"2022-03","Canada","2016A000011124","Propane","Cubic metres","72","thousands","3","v18135","1.4","1440.9","","","","1"
"2022-03","Canada","2016A000011124","Butane","Cubic metres","72","thousands","3","v18140","1.5","957.3","","","","1"
"2022-03","Canada","2016A000011124","Ethane","Cubic metres","72","thousands","3","v18145","1.6","1234.0","","","","1"
"2022-03","Canada","2016A000011124","Sulphur","Tonnes","288","units","0","v18150","1.7","391666","","","","0"
"2022-03","Nova Scotia","2016A000212","Propane","Cubic metres","72","thousands","3","v783740","6.4","","x","","","1"
"2022-03","Nova Scotia","2016A000212","Butane","Cubic metres","72","thousands","3","v783741","6.5","","x","","","1"
"2022-03","Ontario","2016A000235","Propane","Cubic metres","72","thousands","3","v107638452","7.4","","x","","","1"
"2022-03","Ontario","2016A000235","Butane","Cubic metres","72","thousands","3","v107638453","7.5","","x","","","1"
"2022-03","Saskatchewan","2016A000247","Propane","Cubic metres","72","thousands","3","v18137","3.4","33.9","","","","1"
"2022-03","Saskatchewan","2016A000247","Butane","Cubic metres","72","thousands","3","v18142","3.5","20.4","","","","1"
"2022-03","Saskatchewan","2016A000247","Ethane","Cubic metres","72","thousands","3","v18147","3.6","","x","","","1"
"2022-03","Alberta","2016A000248","Propane","Cubic metres","72","thousands","3","v18138","4.4","912.2","","","","1"
"2022-03","Alberta","2016A000248","Butane","Cubic metres","72","thousands","3","v18143","4.5","624.9","","","","1"
"2022-03","Alberta","2016A000248","Ethane","Cubic metres","72","thousands","3","v18148","4.6","1209.3","","","","1"
"2022-03","Alberta","2016A000248","Sulphur","Tonnes","288","units","0","v18153","4.7","","x","","","0"
"2022-03","British Columbia","2016A000259","Propane","Cubic metres","72","thousands","3","v18139","5.4","","x","","","1"
"2022-03","British Columbia","2016A000259","Butane","Cubic metres","72","thousands","3","v18144","5.5","","x","","","1"
"2022-03","British Columbia","2016A000259","Ethane","Cubic metres","72","thousands","3","v18149","5.6","","x","","","1"
"2022-03","British Columbia","2016A000259","Sulphur","Tonnes","288","units","0","v18154","5.7","","x","","","0"
"2022-04","Canada","2016A000011124","Propane","Cubic metres","72","thousands","3","v18135","1.4","1362.9","","","","1"
"2022-04","Canada","2016A000011124","Butane","Cubic metres","72","thousands","3","v18140","1.5","899.3","","","","1"
"2022-04","Canada","2016A000011124","Ethane","Cubic metres","72","thousands","3","v18145","1.6","1050.7","","","","1"
"2022-04","Canada","2016A000011124","Sulphur","Tonnes","288","units","0","v18150","1.7","375544","","","","0"
"2022-04","Nova Scotia","2016A000212","Propane","Cubic metres","72","thousands","3","v783740","6.4","","x","","","1"
"2022-04","Nova Scotia","2016A000212","Butane","Cubic metres","72","thousands","3","v783741","6.5","","x","","","1"
"2022-04","Ontario","2016A000235","Propane","Cubic metres","72","thousands","3","v107638452","7.4","","x","","","1"
"2022-04","Ontario","2016A000235","Butane","Cubic metres","72","thousands","3","v107638453","7.5","","x","","","1"
"2022-04","Saskatchewan","2016A000247","Propane","Cubic metres","72","thousands","3","v18137","3.4","30.5","","","","1"
"2022-04","Saskatchewan","2016A000247","Butane","Cubic metres","72","thousands","3","v18142","3.5","18.5","","","","1"
"2022-04","Saskatchewan","2016A000247","Ethane","Cubic metres","72","thousands","3","v18147","3.6","","x","","","1"
"2022-04","Alberta","2016A000248","Propane","Cubic metres","72","thousands","3","v18138","4.4","852.2","","","","1"
"2022-04","Alberta","2016A000248","Butane","Cubic metres","72","thousands","3","v18143","4.5","592.8","","","","1"
"2022-04","Alberta","2016A000248","Ethane","Cubic metres","72","thousands","3","v18148","4.6","1024.8","","","","1"
"2022-04","Alberta","2016A000248","Sulphur","Tonnes","288","units","0","v18153","4.7","","x","","","0"
"2022-04","British Columbia","2016A000259","Propane","Cubic metres","72","thousands","3","v18139","5.4","","x","","","1"
"2022-04","British Columbia","2016A000259","Butane","Cubic metres","72","thousands","3","v18144","5.5","","x","","","1"
"2022-04","British Columbia","2016A000259","Ethane","Cubic metres","72","thousands","3","v18149","5.6","","x","","","1"
"2022-04","British Columbia","2016A000259","Sulphur","Tonnes","288","units","0","v18154","5.7","","x","","","0"
"2022-05","Canada","2016A000011124","Propane","Cubic metres","72","thousands","3","v18135","1.4","1462.5","","","","1"
"2022-05","Canada","2016A000011124","Butane","Cubic metres","72","thousands","3","v18140","1.5","938.4","","","","1"
"2022-05","Canada","2016A000011124","Ethane","Cubic metres","72","thousands","3","v18145","1.6","960.6","","","","1"
"2022-05","Canada","2016A000011124","Sulphur","Tonnes","288","units","0","v18150","1.7","357610","","","","0"
"2022-05","Nova Scotia","2016A000212","Propane","Cubic metres","72","thousands","3","v783740","6.4","","x","","","1"
"2022-05","Nova Scotia","2016A000212","Butane","Cubic metres","72","thousands","3","v783741","6.5","","x","","","1"
"2022-05","Ontario","2016A000235","Propane","Cubic metres","72","thousands","3","v107638452","7.4","","x","","","1"
"2022-05","Ontario","2016A000235","Butane","Cubic metres","72","thousands","3","v107638453","7.5","","x","","","1"
"2022-05","Saskatchewan","2016A000247","Propane","Cubic metres","72","thousands","3","v18137","3.4","32.2","","","","1"
"2022-05","Saskatchewan","2016A000247","Butane","Cubic metres","72","thousands","3","v18142","3.5","20.0","","","","1"
"2022-05","Saskatchewan","2016A000247","Ethane","Cubic metres","72","thousands","3","v18147","3.6","","x","","","1"
"2022-05","Alberta","2016A000248","Propane","Cubic metres","72","thousands","3","v18138","4.4","912.3","","","","1"
"2022-05","Alberta","2016A000248","Butane","Cubic metres","72","thousands","3","v18143","4.5","615.5","","","","1"
"2022-05","Alberta","2016A000248","Ethane","Cubic metres","72","thousands","3","v18148","4.6","932.2","","","","1"
"2022-05","Alberta","2016A000248","Sulphur","Tonnes","288","units","0","v18153","4.7","","x","","","0"
"2022-05","British Columbia","2016A000259","Propane","Cubic metres","72","thousands","3","v18139","5.4","","x","","","1"
"2022-05","British Columbia","2016A000259","Butane","Cubic metres","72","thousands","3","v18144","5.5","","x","","","1"
"2022-05","British Columbia","2016A000259","Ethane","Cubic metres","72","thousands","3","v18149","5.6","","x","","","1"
"2022-05","British Columbia","2016A000259","Sulphur","Tonnes","288","units","0","v18154","5.7","","x","","","0"
"2022-06","Canada","2016A000011124","Propane","Cubic metres","72","thousands","3","v18135","1.4","1408.8","","","","1"
"2022-06","Canada","2016A000011124","Butane","Cubic metres","72","thousands","3","v18140","1.5","888.7","","","","1"
"2022-06","Canada","2016A000011124","Ethane","Cubic metres","72","thousands","3","v18145","1.6","1153.6","","","","1"
"2022-06","Canada","2016A000011124","Sulphur","Tonnes","288","units","0","v18150","1.7","341809","","","","0"
"2022-06","Nova Scotia","2016A000212","Propane","Cubic metres","72","thousands","3","v783740","6.4","","x","","","1"
"2022-06","Nova Scotia","2016A000212","Butane","Cubic metres","72","thousands","3","v783741","6.5","","x","","","1"
"2022-06","Ontario","2016A000235","Propane","Cubic metres","72","thousands","3","v107638452","7.4","","x","","","1"
"2022-06","Ontario","2016A000235","Butane","Cubic metres","72","thousands","3","v107638453","7.5","","x","","","1"
"2022-06","Saskatchewan","2016A000247","Propane","Cubic metres","72","thousands","3","v18137","3.4","30.4","","","","1"
"2022-06","Saskatchewan","2016A000247","Butane","Cubic metres","72","thousands","3","v18142","3.5","18.8","","","","1"
"2022-06","Saskatchewan","2016A000247","Ethane","Cubic metres","72","thousands","3","v18147","3.6","","x","","","1"
"2022-06","Alberta","2016A000248","Propane","Cubic metres","72","thousands","3","v18138","4.4","950.5","","","","1"
"2022-06","Alberta","2016A000248","Butane","Cubic metres","72","thousands","3","v18143","4.5","598.8","","","","1"
"2022-06","Alberta","2016A000248","Ethane","Cubic metres","72","thousands","3","v18148","4.6","1135.4","","","","1"
"2022-06","Alberta","2016A000248","Sulphur","Tonnes","288","units","0","v18153","4.7","","x","","","0"
"2022-06","British Columbia","2016A000259","Propane","Cubic metres","72","thousands","3","v18139","5.4","","x","","","1"
"2022-06","British Columbia","2016A000259","Butane","Cubic metres","72","thousands","3","v18144","5.5","","x","","","1"
"2022-06","British Columbia","2016A000259","Ethane","Cubic metres","72","thousands","3","v18149","5.6","","x","","","1"
"2022-06","British Columbia","2016A000259","Sulphur","Tonnes","288","units","0","v18154","5.7","","x","","","0"
"2022-07","Canada","2016A000011124","Propane","Cubic metres","72","thousands","3","v18135","1.4","1459.9","","","","1"
"2022-07","Canada","2016A000011124","Butane","Cubic metres","72","thousands","3","v18140","1.5","900.8","","","","1"
"2022-07","Canada","2016A000011124","Ethane","Cubic metres","72","thousands","3","v18145","1.6","1186.6","","","","1"
"2022-07","Canada","2016A000011124","Sulphur","Tonnes","288","units","0","v18150","1.7","370244","","","","0"
"2022-07","Nova Scotia","2016A000212","Propane","Cubic metres","72","thousands","3","v783740","6.4","","x","","","1"
"2022-07","Nova Scotia","2016A000212","Butane","Cubic metres","72","thousands","3","v783741","6.5","","x","","","1"
"2022-07","Ontario","2016A000235","Propane","Cubic metres","72","thousands","3","v107638452","7.4","","x","","","1"
"2022-07","Ontario","2016A000235","Butane","Cubic metres","72","thousands","3","v107638453","7.5","","x","","","1"
"2022-07","Saskatchewan","2016A000247","Propane","Cubic metres","72","thousands","3","v18137","3.4","32.7","","","","1"
"2022-07","Saskatchewan","2016A000247","Butane","Cubic metres","72","thousands","3","v18142","3.5","20.4","","","","1"
"2022-07","Saskatchewan","2016A000247","Ethane","Cubic metres","72","thousands","3","v18147","3.6","","x","","","1"
"2022-07","Alberta","2016A000248","Propane","Cubic metres","72","thousands","3","v18138","4.4","982.5","","","","1"
"2022-07","Alberta","2016A000248","Butane","Cubic metres","72","thousands","3","v18143","4.5","592.0","","","","1"
"2022-07","Alberta","2016A000248","Ethane","Cubic metres","72","thousands","3","v18148","4.6","1156.5","","","","1"
"2022-07","Alberta","2016A000248","Sulphur","Tonnes","288","units","0","v18153","4.7","","x","","","0"
"2022-07","British Columbia","2016A000259","Propane","Cubic metres","72","thousands","3","v18139","5.4","","x","","","1"
"2022-07","British Columbia","2016A000259","Butane","Cubic metres","72","thousands","3","v18144","5.5","","x","","","1"
"2022-07","British Columbia","2016A000259","Ethane","Cubic metres","72","thousands","3","v18149","5.6","","x","","","1"
"2022-07","British Columbia","2016A000259","Sulphur","Tonnes","288","units","0","v18154","5.7","","x","","","0"
"2022-08","Canada","2016A000011124","Propane","Cubic metres","72","thousands","3","v18135","1.4","1332.6","","","","1"
"2022-08","Canada","2016A000011124","Butane","Cubic metres","72","thousands","3","v18140","1.5","979.8","","","","1"
"2022-08","Canada","2016A000011124","Ethane","Cubic metres","72","thousands","3","v18145","1.6","1033.3","","","","1"
"2022-08","Canada","2016A000011124","Sulphur","Tonnes","288","units","0","v18150","1.7","353042","","","","0"
"2022-08","Nova Scotia","2016A000212","Propane","Cubic metres","72","thousands","3","v783740","6.4","","x","","","1"
"2022-08","Nova Scotia","2016A000212","Butane","Cubic metres","72","thousands","3","v783741","6.5","","x","","","1"
"2022-08","Ontario","2016A000235","Propane","Cubic metres","72","thousands","3","v107638452","7.4","","x","","","1"
"2022-08","Ontario","2016A000235","Butane","Cubic metres","72","thousands","3","v107638453","7.5","","x","","","1"
"2022-08","Saskatchewan","2016A000247","Propane","Cubic metres","72","thousands","3","v18137","3.4","33.8","","","","1"
"2022-08","Saskatchewan","2016A000247","Butane","Cubic metres","72","thousands","3","v18142","3.5","20.2","","","","1"
"2022-08","Saskatchewan","2016A000247","Ethane","Cubic metres","72","thousands","3","v18147","3.6","","x","","","1"
"2022-08","Alberta","2016A000248","Propane","Cubic metres","72","thousands","3","v18138","4.4","868.9","","","","1"
"2022-08","Alberta","2016A000248","Butane","Cubic metres","72","thousands","3","v18143","4.5","621.8","","","","1"
"2022-08","Alberta","2016A000248","Ethane","Cubic metres","72","thousands","3","v18148","4.6","1000.6","","","","1"
"2022-08","Alberta","2016A000248","Sulphur","Tonnes","288","units","0","v18153","4.7","","x","","","0"
"2022-08","British Columbia","2016A000259","Propane","Cubic metres","72","thousands","3","v18139","5.4","","x","","","1"
"2022-08","British Columbia","2016A000259","Butane","Cubic metres","72","thousands","3","v18144","5.5","","x","","","1"
"2022-08","British Columbia","2016A000259","Ethane","Cubic metres","72","thousands","3","v18149","5.6","","x","","","1"
"2022-08","British Columbia","2016A000259","Sulphur","Tonnes","288","units","0","v18154","5.7","","x","","","0"
"2022-09","Canada","2016A000011124","Propane","Cubic metres","72","thousands","3","v18135","1.4","1262.7","","","","1"
"2022-09","Canada","2016A000011124","Butane","Cubic metres","72","thousands","3","v18140","1.5","846.8","","","","1"
"2022-09","Canada","2016A000011124","Ethane","Cubic metres","72","thousands","3","v18145","1.6","849.9","","","","1"
"2022-09","Canada","2016A000011124","Sulphur","Tonnes","288","units","0","v18150","1.7","319738","","","","0"
"2022-09","Nova Scotia","2016A000212","Propane","Cubic metres","72","thousands","3","v783740","6.4","","x","","","1"
"2022-09","Nova Scotia","2016A000212","Butane","Cubic metres","72","thousands","3","v783741","6.5","","x","","","1"
"2022-09","Ontario","2016A000235","Propane","Cubic metres","72","thousands","3","v107638452","7.4","","x","","","1"
"2022-09","Ontario","2016A000235","Butane","Cubic metres","72","thousands","3","v107638453","7.5","","x","","","1"
"2022-09","Saskatchewan","2016A000247","Propane","Cubic metres","72","thousands","3","v18137","3.4","32.9","","","","1"
"2022-09","Saskatchewan","2016A000247","Butane","Cubic metres","72","thousands","3","v18142","3.5","20.0","","","","1"
"2022-09","Saskatchewan","2016A000247","Ethane","Cubic metres","72","thousands","3","v18147","3.6","","x","","","1"
"2022-09","Alberta","2016A000248","Propane","Cubic metres","72","thousands","3","v18138","4.4","765.0","","","","1"
"2022-09","Alberta","2016A000248","Butane","Cubic metres","72","thousands","3","v18143","4.5","525.3","","","","1"
"2022-09","Alberta","2016A000248","Ethane","Cubic metres","72","thousands","3","v18148","4.6","819.7","","","","1"
"2022-09","Alberta","2016A000248","Sulphur","Tonnes","288","units","0","v18153","4.7","","x","","","0"
"2022-09","British Columbia","2016A000259","Propane","Cubic metres","72","thousands","3","v18139","5.4","","x","","","1"
"2022-09","British Columbia","2016A000259","Butane","Cubic metres","72","thousands","3","v18144","5.5","","x","","","1"
"2022-09","British Columbia","2016A000259","Ethane","Cubic metres","72","thousands","3","v18149","5.6","","x","","","1"
"2022-09","British Columbia","2016A000259","Sulphur","Tonnes","288","units","0","v18154","5.7","","x","","","0"
"2022-10","Canada","2016A000011124","Propane","Cubic metres","72","thousands","3","v18135","1.4","1495.9","","","","1"
"2022-10","Canada","2016A000011124","Butane","Cubic metres","72","thousands","3","v18140","1.5","980.8","","","","1"
"2022-10","Canada","2016A000011124","Ethane","Cubic metres","72","thousands","3","v18145","1.6","1296.8","","","","1"
"2022-10","Canada","2016A000011124","Sulphur","Tonnes","288","units","0","v18150","1.7","343116","","","","0"
"2022-10","Nova Scotia","2016A000212","Propane","Cubic metres","72","thousands","3","v783740","6.4","","x","","","1"
"2022-10","Nova Scotia","2016A000212","Butane","Cubic metres","72","thousands","3","v783741","6.5","","x","","","1"
"2022-10","Ontario","2016A000235","Propane","Cubic metres","72","thousands","3","v107638452","7.4","","x","","","1"
"2022-10","Ontario","2016A000235","Butane","Cubic metres","72","thousands","3","v107638453","7.5","","x","","","1"
"2022-10","Saskatchewan","2016A000247","Propane","Cubic metres","72","thousands","3","v18137","3.4","34.5","","","","1"
"2022-10","Saskatchewan","2016A000247","Butane","Cubic metres","72","thousands","3","v18142","3.5","20.6","","","","1"
"2022-10","Saskatchewan","2016A000247","Ethane","Cubic metres","72","thousands","3","v18147","3.6","","x","","","1"
"2022-10","Alberta","2016A000248","Propane","Cubic metres","72","thousands","3","v18138","4.4","894.5","","","","1"
"2022-10","Alberta","2016A000248","Butane","Cubic metres","72","thousands","3","v18143","4.5","627.9","","","","1"
"2022-10","Alberta","2016A000248","Ethane","Cubic metres","72","thousands","3","v18148","4.6","1257.3","","","","1"
"2022-10","Alberta","2016A000248","Sulphur","Tonnes","288","units","0","v18153","4.7","","x","","","0"
"2022-10","British Columbia","2016A000259","Propane","Cubic metres","72","thousands","3","v18139","5.4","","x","","","1"
"2022-10","British Columbia","2016A000259","Butane","Cubic metres","72","thousands","3","v18144","5.5","","x","","","1"
"2022-10","British Columbia","2016A000259","Ethane","Cubic metres","72","thousands","3","v18149","5.6","","x","","","1"
"2022-10","British Columbia","2016A000259","Sulphur","Tonnes","288","units","0","v18154","5.7","","x","","","0"
"2022-11","Canada","2016A000011124","Propane","Cubic metres","72","thousands","3","v18135","1.4","1434.3","","","","1"
"2022-11","Canada","2016A000011124","Butane","Cubic metres","72","thousands","3","v18140","1.5","929.0","","","","1"
"2022-11","Canada","2016A000011124","Ethane","Cubic metres","72","thousands","3","v18145","1.6","1175.6","","","","1"
"2022-11","Canada","2016A000011124","Sulphur","Tonnes","288","units","0","v18150","1.7","372919","","","","0"
"2022-11","Nova Scotia","2016A000212","Propane","Cubic metres","72","thousands","3","v783740","6.4","","x","","","1"
"2022-11","Nova Scotia","2016A000212","Butane","Cubic metres","72","thousands","3","v783741","6.5","","x","","","1"
"2022-11","Ontario","2016A000235","Propane","Cubic metres","72","thousands","3","v107638452","7.4","","x","","","1"
"2022-11","Ontario","2016A000235","Butane","Cubic metres","72","thousands","3","v107638453","7.5","","x","","","1"
"2022-11","Saskatchewan","2016A000247","Propane","Cubic metres","72","thousands","3","v18137","3.4","32.9","","","","1"
"2022-11","Saskatchewan","2016A000247","Butane","Cubic metres","72","thousands","3","v18142","3.5","19.6","","","","1"
"2022-11","Saskatchewan","2016A000247","Ethane","Cubic metres","72","thousands","3","v18147","3.6","","x","","","1"
"2022-11","Alberta","2016A000248","Propane","Cubic metres","72","thousands","3","v18138","4.4","862.6","","","","1"
"2022-11","Alberta","2016A000248","Butane","Cubic metres","72","thousands","3","v18143","4.5","613.6","","","","1"
"2022-11","Alberta","2016A000248","Ethane","Cubic metres","72","thousands","3","v18148","4.6","1143.2","","","","1"
"2022-11","Alberta","2016A000248","Sulphur","Tonnes","288","units","0","v18153","4.7","","x","","","0"
"2022-11","British Columbia","2016A000259","Propane","Cubic metres","72","thousands","3","v18139","5.4","","x","","","1"
"2022-11","British Columbia","2016A000259","Butane","Cubic metres","72","thousands","3","v18144","5.5","","x","","","1"
"2022-11","British Columbia","2016A000259","Ethane","Cubic metres","72","thousands","3","v18149","5.6","","x","","","1"
"2022-11","British Columbia","2016A000259","Sulphur","Tonnes","288","units","0","v18154","5.7","","x","","","0"
"2022-12","Canada","2016A000011124","Propane","Cubic metres","72","thousands","3","v18135","1.4","1507.5","","","","1"
"2022-12","Canada","2016A000011124","Butane","Cubic metres","72","thousands","3","v18140","1.5","963.3","","","","1"
"2022-12","Canada","2016A000011124","Ethane","Cubic metres","72","thousands","3","v18145","1.6","1100.1","","","","1"
"2022-12","Canada","2016A000011124","Sulphur","Tonnes","288","units","0","v18150","1.7","380140","","","","0"
"2022-12","Nova Scotia","2016A000212","Propane","Cubic metres","72","thousands","3","v783740","6.4","","x","","","1"
"2022-12","Nova Scotia","2016A000212","Butane","Cubic metres","72","thousands","3","v783741","6.5","","x","","","1"
"2022-12","Ontario","2016A000235","Propane","Cubic metres","72","thousands","3","v107638452","7.4","","x","","","1"
"2022-12","Ontario","2016A000235","Butane","Cubic metres","72","thousands","3","v107638453","7.5","","x","","","1"
"2022-12","Saskatchewan","2016A000247","Propane","Cubic metres","72","thousands","3","v18137","3.4","31.9","","","","1"
"2022-12","Saskatchewan","2016A000247","Butane","Cubic metres","72","thousands","3","v18142","3.5","19.3","","","","1"
"2022-12","Saskatchewan","2016A000247","Ethane","Cubic metres","72","thousands","3","v18147","3.6","","x","","","1"
"2022-12","Alberta","2016A000248","Propane","Cubic metres","72","thousands","3","v18138","4.4","863.3","","","","1"
"2022-12","Alberta","2016A000248","Butane","Cubic metres","72","thousands","3","v18143","4.5","597.3","","","","1"
"2022-12","Alberta","2016A000248","Ethane","Cubic metres","72","thousands","3","v18148","4.6","1067.6","","","","1"
"2022-12","Alberta","2016A000248","Sulphur","Tonnes","288","units","0","v18153","4.7","","x","","","0"
"2022-12","British Columbia","2016A000259","Propane","Cubic metres","72","thousands","3","v18139","5.4","","x","","","1"
"2022-12","British Columbia","2016A000259","Butane","Cubic metres","72","thousands","3","v18144","5.5","","x","","","1"
"2022-12","British Columbia","2016A000259","Ethane","Cubic metres","72","thousands","3","v18149","5.6","","x","","","1"
"2022-12","British Columbia","2016A000259","Sulphur","Tonnes","288","units","0","v18154","5.7","","x","","","0"
"2023-01","Canada","2016A000011124","Propane","Cubic metres","72","thousands","3","v18135","1.4","1516.6","","","","1"
"2023-01","Canada","2016A000011124","Butane","Cubic metres","72","thousands","3","v18140","1.5","944.3","","","","1"
"2023-01","Canada","2016A000011124","Ethane","Cubic metres","72","thousands","3","v18145","1.6","1216.6","","","","1"
"2023-01","Canada","2016A000011124","Sulphur","Tonnes","288","units","0","v18150","1.7","364283","","","","0"
"2023-01","Nova Scotia","2016A000212","Propane","Cubic metres","72","thousands","3","v783740","6.4","","x","","","1"
"2023-01","Nova Scotia","2016A000212","Butane","Cubic metres","72","thousands","3","v783741","6.5","","x","","","1"
"2023-01","Ontario","2016A000235","Propane","Cubic metres","72","thousands","3","v107638452","7.4","","x","","","1"
"2023-01","Ontario","2016A000235","Butane","Cubic metres","72","thousands","3","v107638453","7.5","","x","","","1"
"2023-01","Saskatchewan","2016A000247","Propane","Cubic metres","72","thousands","3","v18137","3.4","32.4","","","","1"
"2023-01","Saskatchewan","2016A000247","Butane","Cubic metres","72","thousands","3","v18142","3.5","19.1","","","","1"
"2023-01","Saskatchewan","2016A000247","Ethane","Cubic metres","72","thousands","3","v18147","3.6","","x","","","1"
"2023-01","Alberta","2016A000248","Propane","Cubic metres","72","thousands","3","v18138","4.4","987.2","","","","1"
"2023-01","Alberta","2016A000248","Butane","Cubic metres","72","thousands","3","v18143","4.5","642.0","","","","1"
"2023-01","Alberta","2016A000248","Ethane","Cubic metres","72","thousands","3","v18148","4.6","1197.1","","","","1"
"2023-01","Alberta","2016A000248","Sulphur","Tonnes","288","units","0","v18153","4.7","","x","","","0"
"2023-01","British Columbia","2016A000259","Propane","Cubic metres","72","thousands","3","v18139","5.4","","x","","","1"
"2023-01","British Columbia","2016A000259","Butane","Cubic metres","72","thousands","3","v18144","5.5","","x","","","1"
"2023-01","British Columbia","2016A000259","Ethane","Cubic metres","72","thousands","3","v18149","5.6","","x","","","1"
"2023-01","British Columbia","2016A000259","Sulphur","Tonnes","288","units","0","v18154","5.7","","x","","","0"
"2023-02","Canada","2016A000011124","Propane","Cubic metres","72","thousands","3","v18135","1.4","1226.1","","","","1"
"2023-02","Canada","2016A000011124","Butane","Cubic metres","72","thousands","3","v18140","1.5","732.4","","","","1"
"2023-02","Canada","2016A000011124","Ethane","Cubic metres","72","thousands","3","v18145","1.6","1053.7","","","","1"
"2023-02","Canada","2016A000011124","Sulphur","Tonnes","288","units","0","v18150","1.7","363402","","","","0"
"2023-02","Nova Scotia","2016A000212","Propane","Cubic metres","72","thousands","3","v783740","6.4","","x","","","1"
"2023-02","Nova Scotia","2016A000212","Butane","Cubic metres","72","thousands","3","v783741","6.5","","x","","","1"
"2023-02","Ontario","2016A000235","Propane","Cubic metres","72","thousands","3","v107638452","7.4","","x","","","1"
"2023-02","Ontario","2016A000235","Butane","Cubic metres","72","thousands","3","v107638453","7.5","","x","","","1"
"2023-02","Saskatchewan","2016A000247","Propane","Cubic metres","72","thousands","3","v18137","3.4","29.4","","","","1"
"2023-02","Saskatchewan","2016A000247","Butane","Cubic metres","72","thousands","3","v18142","3.5","17.8","","","","1"
"2023-02","Saskatchewan","2016A000247","Ethane","Cubic metres","72","thousands","3","v18147","3.6","","x","","","1"
"2023-02","Alberta","2016A000248","Propane","Cubic metres","72","thousands","3","v18138","4.4","825.4","","","","1"
"2023-02","Alberta","2016A000248","Butane","Cubic metres","72","thousands","3","v18143","4.5","507.9","","","","1"
"2023-02","Alberta","2016A000248","Ethane","Cubic metres","72","thousands","3","v18148","4.6","1044.5","","","","1"
"2023-02","Alberta","2016A000248","Sulphur","Tonnes","288","units","0","v18153","4.7","","x","","","0"
"2023-02","British Columbia","2016A000259","Propane","Cubic metres","72","thousands","3","v18139","5.4","","x","","","1"
"2023-02","British Columbia","2016A000259","Butane","Cubic metres","72","thousands","3","v18144","5.5","","x","","","1"
"2023-02","British Columbia","2016A000259","Ethane","Cubic metres","72","thousands","3","v18149","5.6","","x","","","1"
"2023-02","British Columbia","2016A000259","Sulphur","Tonnes","288","units","0","v18154","5.7","","x","","","0"
"2023-03","Canada","2016A000011124","Propane","Cubic metres","72","thousands","3","v18135","1.4","1495.6","","","","1"
"2023-03","Canada","2016A000011124","Butane","Cubic metres","72","thousands","3","v18140","1.5","961.5","","","","1"
"2023-03","Canada","2016A000011124","Ethane","Cubic metres","72","thousands","3","v18145","1.6","1231.9","","","","1"
"2023-03","Canada","2016A000011124","Sulphur","Tonnes","288","units","0","v18150","1.7","400725","","","","0"
"2023-03","Nova Scotia","2016A000212","Propane","Cubic metres","72","thousands","3","v783740","6.4","","x","","","1"
"2023-03","Nova Scotia","2016A000212","Butane","Cubic metres","72","thousands","3","v783741","6.5","","x","","","1"
"2023-03","Ontario","2016A000235","Propane","Cubic metres","72","thousands","3","v107638452","7.4","","x","","","1"
"2023-03","Ontario","2016A000235","Butane","Cubic metres","72","thousands","3","v107638453","7.5","","x","","","1"
"2023-03","Saskatchewan","2016A000247","Propane","Cubic metres","72","thousands","3","v18137","3.4","33.2","","","","1"
"2023-03","Saskatchewan","2016A000247","Butane","Cubic metres","72","thousands","3","v18142","3.5","20.1","","","","1"
"2023-03","Saskatchewan","2016A000247","Ethane","Cubic metres","72","thousands","3","v18147","3.6","","x","","","1"
"2023-03","Alberta","2016A000248","Propane","Cubic metres","72","thousands","3","v18138","4.4","980.3","","","","1"
"2023-03","Alberta","2016A000248","Butane","Cubic metres","72","thousands","3","v18143","4.5","634.0","","","","1"
"2023-03","Alberta","2016A000248","Ethane","Cubic metres","72","thousands","3","v18148","4.6","1222.1","","","","1"
"2023-03","Alberta","2016A000248","Sulphur","Tonnes","288","units","0","v18153","4.7","","x","","","0"
"2023-03","British Columbia","2016A000259","Propane","Cubic metres","72","thousands","3","v18139","5.4","","x","","","1"
"2023-03","British Columbia","2016A000259","Butane","Cubic metres","72","thousands","3","v18144","5.5","","x","","","1"
"2023-03","British Columbia","2016A000259","Ethane","Cubic metres","72","thousands","3","v18149","5.6","","x","","","1"
"2023-03","British Columbia","2016A000259","Sulphur","Tonnes","288","units","0","v18154","5.7","","x","","","0"
"2023-04","Canada","2016A000011124","Propane","Cubic metres","72","thousands","3","v18135","1.4","1363.5","","","","1"
"2023-04","Canada","2016A000011124","Butane","Cubic metres","72","thousands","3","v18140","1.5","885.2","","","","1"
"2023-04","Canada","2016A000011124","Ethane","Cubic metres","72","thousands","3","v18145","1.6","1084.3","","","","1"
"2023-04","Canada","2016A000011124","Sulphur","Tonnes","288","units","0","v18150","1.7","343942","","","","0"
"2023-04","Nova Scotia","2016A000212","Propane","Cubic metres","72","thousands","3","v783740","6.4","","x","","","1"
"2023-04","Nova Scotia","2016A000212","Butane","Cubic metres","72","thousands","3","v783741","6.5","","x","","","1"
"2023-04","Ontario","2016A000235","Propane","Cubic metres","72","thousands","3","v107638452","7.4","","x","","","1"
"2023-04","Ontario","2016A000235","Butane","Cubic metres","72","thousands","3","v107638453","7.5","","x","","","1"
"2023-04","Saskatchewan","2016A000247","Propane","Cubic metres","72","thousands","3","v18137","3.4","30.6","","","","1"
"2023-04","Saskatchewan","2016A000247","Butane","Cubic metres","72","thousands","3","v18142","3.5","20.4","","","","1"
"2023-04","Saskatchewan","2016A000247","Ethane","Cubic metres","72","thousands","3","v18147","3.6","","x","","","1"
"2023-04","Alberta","2016A000248","Propane","Cubic metres","72","thousands","3","v18138","4.4","909.5","","","","1"
"2023-04","Alberta","2016A000248","Butane","Cubic metres","72","thousands","3","v18143","4.5","572.1","","","","1"
"2023-04","Alberta","2016A000248","Ethane","Cubic metres","72","thousands","3","v18148","4.6","1074.9","","","","1"
"2023-04","Alberta","2016A000248","Sulphur","Tonnes","288","units","0","v18153","4.7","","x","","","0"
"2023-04","British Columbia","2016A000259","Propane","Cubic metres","72","thousands","3","v18139","5.4","","x","","","1"
"2023-04","British Columbia","2016A000259","Butane","Cubic metres","72","thousands","3","v18144","5.5","","x","","","1"
"2023-04","British Columbia","2016A000259","Ethane","Cubic metres","72","thousands","3","v18149","5.6","","x","","","1"
"2023-04","British Columbia","2016A000259","Sulphur","Tonnes","288","units","0","v18154","5.7","","x","","","0"
"2023-05","Canada","2016A000011124","Propane","Cubic metres","72","thousands","3","v18135","1.4","1115.9","","","","1"
"2023-05","Canada","2016A000011124","Butane","Cubic metres","72","thousands","3","v18140","1.5","748.8","","","","1"
"2023-05","Canada","2016A000011124","Ethane","Cubic metres","72","thousands","3","v18145","1.6","916.6","","","","1"
"2023-05","Canada","2016A000011124","Sulphur","Tonnes","288","units","0","v18150","1.7","327319","","","","0"
"2023-05","Nova Scotia","2016A000212","Propane","Cubic metres","72","thousands","3","v783740","6.4","","x","","","1"
"2023-05","Nova Scotia","2016A000212","Butane","Cubic metres","72","thousands","3","v783741","6.5","","x","","","1"
"2023-05","Ontario","2016A000235","Propane","Cubic metres","72","thousands","3","v107638452","7.4","","x","","","1"
"2023-05","Ontario","2016A000235","Butane","Cubic metres","72","thousands","3","v107638453","7.5","","x","","","1"
"2023-05","Saskatchewan","2016A000247","Propane","Cubic metres","72","thousands","3","v18137","3.4","30.3","","","","1"
"2023-05","Saskatchewan","2016A000247","Butane","Cubic metres","72","thousands","3","v18142","3.5","21.2","","","","1"
"2023-05","Saskatchewan","2016A000247","Ethane","Cubic metres","72","thousands","3","v18147","3.6","","x","","","1"
"2023-05","Alberta","2016A000248","Propane","Cubic metres","72","thousands","3","v18138","4.4","805.7","","","","1"
"2023-05","Alberta","2016A000248","Butane","Cubic metres","72","thousands","3","v18143","4.5","520.5","","","","1"
"2023-05","Alberta","2016A000248","Ethane","Cubic metres","72","thousands","3","v18148","4.6","904.7","","","","1"
"2023-05","Alberta","2016A000248","Sulphur","Tonnes","288","units","0","v18153","4.7","","x","","","0"
"2023-05","British Columbia","2016A000259","Propane","Cubic metres","72","thousands","3","v18139","5.4","","x","","","1"
"2023-05","British Columbia","2016A000259","Butane","Cubic metres","72","thousands","3","v18144","5.5","","x","","","1"
"2023-05","British Columbia","2016A000259","Ethane","Cubic metres","72","thousands","3","v18149","5.6","","x","","","1"
"2023-05","British Columbia","2016A000259","Sulphur","Tonnes","288","units","0","v18154","5.7","","x","","","0"
"2023-06","Canada","2016A000011124","Propane","Cubic metres","72","thousands","3","v18135","1.4","1313.2","","","","1"
"2023-06","Canada","2016A000011124","Butane","Cubic metres","72","thousands","3","v18140","1.5","922.8","","","","1"
"2023-06","Canada","2016A000011124","Ethane","Cubic metres","72","thousands","3","v18145","1.6","1036.4","","","","1"
"2023-06","Canada","2016A000011124","Sulphur","Tonnes","288","units","0","v18150","1.7","329526","","","","0"
"2023-06","Nova Scotia","2016A000212","Propane","Cubic metres","72","thousands","3","v783740","6.4","","x","","","1"
"2023-06","Nova Scotia","2016A000212","Butane","Cubic metres","72","thousands","3","v783741","6.5","","x","","","1"
"2023-06","Ontario","2016A000235","Propane","Cubic metres","72","thousands","3","v107638452","7.4","","x","","","1"
"2023-06","Ontario","2016A000235","Butane","Cubic metres","72","thousands","3","v107638453","7.5","","x","","","1"
"2023-06","Saskatchewan","2016A000247","Propane","Cubic metres","72","thousands","3","v18137","3.4","27.6","","","","1"
"2023-06","Saskatchewan","2016A000247","Butane","Cubic metres","72","thousands","3","v18142","3.5","18.8","","","","1"
"2023-06","Saskatchewan","2016A000247","Ethane","Cubic metres","72","thousands","3","v18147","3.6","","x","","","1"
"2023-06","Alberta","2016A000248","Propane","Cubic metres","72","thousands","3","v18138","4.4","794.8","","","","1"
"2023-06","Alberta","2016A000248","Butane","Cubic metres","72","thousands","3","v18143","4.5","561.2","","","","1"
"2023-06","Alberta","2016A000248","Ethane","Cubic metres","72","thousands","3","v18148","4.6","1008.6","","","","1"
"2023-06","Alberta","2016A000248","Sulphur","Tonnes","288","units","0","v18153","4.7","","x","","","0"
"2023-06","British Columbia","2016A000259","Propane","Cubic metres","72","thousands","3","v18139","5.4","","x","","","1"
"2023-06","British Columbia","2016A000259","Butane","Cubic metres","72","thousands","3","v18144","5.5","","x","","","1"
"2023-06","British Columbia","2016A000259","Ethane","Cubic metres","72","thousands","3","v18149","5.6","","x","","","1"
"2023-06","British Columbia","2016A000259","Sulphur","Tonnes","288","units","0","v18154","5.7","","x","","","0"
"2023-07","Canada","2016A000011124","Propane","Cubic metres","72","thousands","3","v18135","1.4","1399.7","","","","1"
"2023-07","Canada","2016A000011124","Butane","Cubic metres","72","thousands","3","v18140","1.5","954.6","","","","1"
"2023-07","Canada","2016A000011124","Ethane","Cubic metres","72","thousands","3","v18145","1.6","1176.8","","","","1"
"2023-07","Canada","2016A000011124","Sulphur","Tonnes","288","units","0","v18150","1.7","404463","","","","0"
"2023-07","Nova Scotia","2016A000212","Propane","Cubic metres","72","thousands","3","v783740","6.4","","x","","","1"
"2023-07","Nova Scotia","2016A000212","Butane","Cubic metres","72","thousands","3","v783741","6.5","","x","","","1"
"2023-07","Ontario","2016A000235","Propane","Cubic metres","72","thousands","3","v107638452","7.4","","x","","","1"
"2023-07","Ontario","2016A000235","Butane","Cubic metres","72","thousands","3","v107638453","7.5","","x","","","1"
"2023-07","Saskatchewan","2016A000247","Propane","Cubic metres","72","thousands","3","v18137","3.4","33.8","","","","1"
"2023-07","Saskatchewan","2016A000247","Butane","Cubic metres","72","thousands","3","v18142","3.5","22.1","","","","1"
"2023-07","Saskatchewan","2016A000247","Ethane","Cubic metres","72","thousands","3","v18147","3.6","","x","","","1"
"2023-07","Alberta","2016A000248","Propane","Cubic metres","72","thousands","3","v18138","4.4","875.1","","","","1"
"2023-07","Alberta","2016A000248","Butane","Cubic metres","72","thousands","3","v18143","4.5","600.2","","","","1"
"2023-07","Alberta","2016A000248","Ethane","Cubic metres","72","thousands","3","v18148","4.6","1149.0","","","","1"
"2023-07","Alberta","2016A000248","Sulphur","Tonnes","288","units","0","v18153","4.7","","x","","","0"
"2023-07","British Columbia","2016A000259","Propane","Cubic metres","72","thousands","3","v18139","5.4","","x","","","1"
"2023-07","British Columbia","2016A000259","Butane","Cubic metres","72","thousands","3","v18144","5.5","","x","","","1"
"2023-07","British Columbia","2016A000259","Ethane","Cubic metres","72","thousands","3","v18149","5.6","","x","","","1"
"2023-07","British Columbia","2016A000259","Sulphur","Tonnes","288","units","0","v18154","5.7","","x","","","0"
"2023-08","Canada","2016A000011124","Propane","Cubic metres","72","thousands","3","v18135","1.4","1496.5","","","","1"
"2023-08","Canada","2016A000011124","Butane","Cubic metres","72","thousands","3","v18140","1.5","977.9","","","","1"
"2023-08","Canada","2016A000011124","Ethane","Cubic metres","72","thousands","3","v18145","1.6","1104.8","","","","1"
"2023-08","Canada","2016A000011124","Sulphur","Tonnes","288","units","0","v18150","1.7","396714","","","","0"
"2023-08","Nova Scotia","2016A000212","Propane","Cubic metres","72","thousands","3","v783740","6.4","","x","","","1"
"2023-08","Nova Scotia","2016A000212","Butane","Cubic metres","72","thousands","3","v783741","6.5","","x","","","1"
"2023-08","Ontario","2016A000235","Propane","Cubic metres","72","thousands","3","v107638452","7.4","","x","","","1"
"2023-08","Ontario","2016A000235","Butane","Cubic metres","72","thousands","3","v107638453","7.5","","x","","","1"
"2023-08","Saskatchewan","2016A000247","Propane","Cubic metres","72","thousands","3","v18137","3.4","34.0","","","","1"
"2023-08","Saskatchewan","2016A000247","Butane","Cubic metres","72","thousands","3","v18142","3.5","21.7","","","","1"
"2023-08","Saskatchewan","2016A000247","Ethane","Cubic metres","72","thousands","3","v18147","3.6","","x","","","1"
"2023-08","Alberta","2016A000248","Propane","Cubic metres","72","thousands","3","v18138","4.4","924.4","","","","1"
"2023-08","Alberta","2016A000248","Butane","Cubic metres","72","thousands","3","v18143","4.5","624.2","","","","1"
"2023-08","Alberta","2016A000248","Ethane","Cubic metres","72","thousands","3","v18148","4.6","1076.1","","","","1"
"2023-08","Alberta","2016A000248","Sulphur","Tonnes","288","units","0","v18153","4.7","","x","","","0"
"2023-08","British Columbia","2016A000259","Propane","Cubic metres","72","thousands","3","v18139","5.4","","x","","","1"
"2023-08","British Columbia","2016A000259","Butane","Cubic metres","72","thousands","3","v18144","5.5","","x","","","1"
"2023-08","British Columbia","2016A000259","Ethane","Cubic metres","72","thousands","3","v18149","5.6","","x","","","1"
"2023-08","British Columbia","2016A000259","Sulphur","Tonnes","288","units","0","v18154","5.7","","x","","","0"
"2023-09","Canada","2016A000011124","Propane","Cubic metres","72","thousands","3","v18135","1.4","1305.0","","","","1"
"2023-09","Canada","2016A000011124","Butane","Cubic metres","72","thousands","3","v18140","1.5","820.6","","","","1"
"2023-09","Canada","2016A000011124","Ethane","Cubic metres","72","thousands","3","v18145","1.6","1049.5","","","","1"
"2023-09","Canada","2016A000011124","Sulphur","Tonnes","288","units","0","v18150","1.7","332117","","","","0"
"2023-09","Nova Scotia","2016A000212","Propane","Cubic metres","72","thousands","3","v783740","6.4","","x","","","1"
"2023-09","Nova Scotia","2016A000212","Butane","Cubic metres","72","thousands","3","v783741","6.5","","x","","","1"
"2023-09","Ontario","2016A000235","Propane","Cubic metres","72","thousands","3","v107638452","7.4","","x","","","1"
"2023-09","Ontario","2016A000235","Butane","Cubic metres","72","thousands","3","v107638453","7.5","","x","","","1"
"2023-09","Saskatchewan","2016A000247","Propane","Cubic metres","72","thousands","3","v18137","3.4","31.7","","","","1"
"2023-09","Saskatchewan","2016A000247","Butane","Cubic metres","72","thousands","3","v18142","3.5","20.2","","","","1"
"2023-09","Saskatchewan","2016A000247","Ethane","Cubic metres","72","thousands","3","v18147","3.6","","x","","","1"
"2023-09","Alberta","2016A000248","Propane","Cubic metres","72","thousands","3","v18138","4.4","823.6","","","","1"
"2023-09","Alberta","2016A000248","Butane","Cubic metres","72","thousands","3","v18143","4.5","522.6","","","","1"
"2023-09","Alberta","2016A000248","Ethane","Cubic metres","72","thousands","3","v18148","4.6","1026.8","","","","1"
"2023-09","Alberta","2016A000248","Sulphur","Tonnes","288","units","0","v18153","4.7","","x","","","0"
"2023-09","British Columbia","2016A000259","Propane","Cubic metres","72","thousands","3","v18139","5.4","","x","","","1"
"2023-09","British Columbia","2016A000259","Butane","Cubic metres","72","thousands","3","v18144","5.5","","x","","","1"
"2023-09","British Columbia","2016A000259","Ethane","Cubic metres","72","thousands","3","v18149","5.6","","x","","","1"
"2023-09","British Columbia","2016A000259","Sulphur","Tonnes","288","units","0","v18154","5.7","","x","","","0"
"2023-10","Canada","2016A000011124","Propane","Cubic metres","72","thousands","3","v18135","1.4","1569.0","","","","1"
"2023-10","Canada","2016A000011124","Butane","Cubic metres","72","thousands","3","v18140","1.5","1000.8","","","","1"
"2023-10","Canada","2016A000011124","Ethane","Cubic metres","72","thousands","3","v18145","1.6","1229.5","","","","1"
"2023-10","Canada","2016A000011124","Sulphur","Tonnes","288","units","0","v18150","1.7","338453","","","","0"
"2023-10","Nova Scotia","2016A000212","Propane","Cubic metres","72","thousands","3","v783740","6.4","","x","","","1"
"2023-10","Nova Scotia","2016A000212","Butane","Cubic metres","72","thousands","3","v783741","6.5","","x","","","1"
"2023-10","Ontario","2016A000235","Propane","Cubic metres","72","thousands","3","v107638452","7.4","","x","","","1"
"2023-10","Ontario","2016A000235","Butane","Cubic metres","72","thousands","3","v107638453","7.5","","x","","","1"
"2023-10","Saskatchewan","2016A000247","Propane","Cubic metres","72","thousands","3","v18137","3.4","31.1","","","","1"
"2023-10","Saskatchewan","2016A000247","Butane","Cubic metres","72","thousands","3","v18142","3.5","21.8","","","","1"
"2023-10","Saskatchewan","2016A000247","Ethane","Cubic metres","72","thousands","3","v18147","3.6","","x","","","1"
"2023-10","Alberta","2016A000248","Propane","Cubic metres","72","thousands","3","v18138","4.4","1027.2","","","","1"
"2023-10","Alberta","2016A000248","Butane","Cubic metres","72","thousands","3","v18143","4.5","659.9","","","","1"
"2023-10","Alberta","2016A000248","Ethane","Cubic metres","72","thousands","3","v18148","4.6","1202.3","","","","1"
"2023-10","Alberta","2016A000248","Sulphur","Tonnes","288","units","0","v18153","4.7","","x","","","0"
"2023-10","British Columbia","2016A000259","Propane","Cubic metres","72","thousands","3","v18139","5.4","","x","","","1"
"2023-10","British Columbia","2016A000259","Butane","Cubic metres","72","thousands","3","v18144","5.5","","x","","","1"
"2023-10","British Columbia","2016A000259","Ethane","Cubic metres","72","thousands","3","v18149","5.6","","x","","","1"
"2023-10","British Columbia","2016A000259","Sulphur","Tonnes","288","units","0","v18154","5.7","","x","","","0"
"2023-11","Canada","2016A000011124","Propane","Cubic metres","72","thousands","3","v18135","1.4","1525.5","","","","1"
"2023-11","Canada","2016A000011124","Butane","Cubic metres","72","thousands","3","v18140","1.5","966.1","","","","1"
"2023-11","Canada","2016A000011124","Ethane","Cubic metres","72","thousands","3","v18145","1.6","1124.3","","","","1"
"2023-11","Canada","2016A000011124","Sulphur","Tonnes","288","units","0","v18150","1.7","408005","","","","0"
"2023-11","Nova Scotia","2016A000212","Propane","Cubic metres","72","thousands","3","v783740","6.4","","x","","","1"
"2023-11","Nova Scotia","2016A000212","Butane","Cubic metres","72","thousands","3","v783741","6.5","","x","","","1"
"2023-11","Ontario","2016A000235","Propane","Cubic metres","72","thousands","3","v107638452","7.4","","x","","","1"
"2023-11","Ontario","2016A000235","Butane","Cubic metres","72","thousands","3","v107638453","7.5","","x","","","1"
"2023-11","Saskatchewan","2016A000247","Propane","Cubic metres","72","thousands","3","v18137","3.4","32.4","","","","1"
"2023-11","Saskatchewan","2016A000247","Butane","Cubic metres","72","thousands","3","v18142","3.5","21.3","","","","1"
"2023-11","Saskatchewan","2016A000247","Ethane","Cubic metres","72","thousands","3","v18147","3.6","","x","","","1"
"2023-11","Alberta","2016A000248","Propane","Cubic metres","72","thousands","3","v18138","4.4","998.9","","","","1"
"2023-11","Alberta","2016A000248","Butane","Cubic metres","72","thousands","3","v18143","4.5","646.7","","","","1"
"2023-11","Alberta","2016A000248","Ethane","Cubic metres","72","thousands","3","v18148","4.6","1099.4","","","","1"
"2023-11","Alberta","2016A000248","Sulphur","Tonnes","288","units","0","v18153","4.7","","x","","","0"
"2023-11","British Columbia","2016A000259","Propane","Cubic metres","72","thousands","3","v18139","5.4","","x","","","1"
"2023-11","British Columbia","2016A000259","Butane","Cubic metres","72","thousands","3","v18144","5.5","","x","","","1"
"2023-11","British Columbia","2016A000259","Ethane","Cubic metres","72","thousands","3","v18149","5.6","","x","","","1"
"2023-11","British Columbia","2016A000259","Sulphur","Tonnes","288","units","0","v18154","5.7","","x","","","0"
"2023-12","Canada","2016A000011124","Propane","Cubic metres","72","thousands","3","v18135","1.4","1620.3","","","","1"
"2023-12","Canada","2016A000011124","Butane","Cubic metres","72","thousands","3","v18140","1.5","1042.6","","","","1"
"2023-12","Canada","2016A000011124","Ethane","Cubic metres","72","thousands","3","v18145","1.6","1224.2","","","","1"
"2023-12","Canada","2016A000011124","Sulphur","Tonnes","288","units","0","v18150","1.7","422482","","","","0"
"2023-12","Nova Scotia","2016A000212","Propane","Cubic metres","72","thousands","3","v783740","6.4","","x","","","1"
"2023-12","Nova Scotia","2016A000212","Butane","Cubic metres","72","thousands","3","v783741","6.5","","x","","","1"
"2023-12","Ontario","2016A000235","Propane","Cubic metres","72","thousands","3","v107638452","7.4","","x","","","1"
"2023-12","Ontario","2016A000235","Butane","Cubic metres","72","thousands","3","v107638453","7.5","","x","","","1"
"2023-12","Saskatchewan","2016A000247","Propane","Cubic metres","72","thousands","3","v18137","3.4","32.4","","","","1"
"2023-12","Saskatchewan","2016A000247","Butane","Cubic metres","72","thousands","3","v18142","3.5","23.0","","","","1"
"2023-12","Saskatchewan","2016A000247","Ethane","Cubic metres","72","thousands","3","v18147","3.6","","x","","","1"
"2023-12","Alberta","2016A000248","Propane","Cubic metres","72","thousands","3","v18138","4.4","1063.3","","","","1"
"2023-12","Alberta","2016A000248","Butane","Cubic metres","72","thousands","3","v18143","4.5","690.4","","","","1"
"2023-12","Alberta","2016A000248","Ethane","Cubic metres","72","thousands","3","v18148","4.6","1198.5","","","","1"
"2023-12","Alberta","2016A000248","Sulphur","Tonnes","288","units","0","v18153","4.7","","x","","","0"
"2023-12","British Columbia","2016A000259","Propane","Cubic metres","72","thousands","3","v18139","5.4","","x","","","1"
"2023-12","British Columbia","2016A000259","Butane","Cubic metres","72","thousands","3","v18144","5.5","","x","","","1"
"2023-12","British Columbia","2016A000259","Ethane","Cubic metres","72","thousands","3","v18149","5.6","","x","","","1"
"2023-12","British Columbia","2016A000259","Sulphur","Tonnes","288","units","0","v18154","5.7","","x","","","0"
"2024-01","Canada","2016A000011124","Propane","Cubic metres","72","thousands","3","v18135","1.4","1525.7","","","","1"
"2024-01","Canada","2016A000011124","Butane","Cubic metres","72","thousands","3","v18140","1.5","972.6","","","","1"
"2024-01","Canada","2016A000011124","Ethane","Cubic metres","72","thousands","3","v18145","1.6","1213.2","","","","1"
"2024-01","Canada","2016A000011124","Sulphur","Tonnes","288","units","0","v18150","1.7","396021","","","","0"
"2024-01","Nova Scotia","2016A000212","Propane","Cubic metres","72","thousands","3","v783740","6.4","","x","","","1"
"2024-01","Nova Scotia","2016A000212","Butane","Cubic metres","72","thousands","3","v783741","6.5","","x","","","1"
"2024-01","Ontario","2016A000235","Propane","Cubic metres","72","thousands","3","v107638452","7.4","","x","","","1"
"2024-01","Ontario","2016A000235","Butane","Cubic metres","72","thousands","3","v107638453","7.5","","x","","","1"
"2024-01","Saskatchewan","2016A000247","Propane","Cubic metres","72","thousands","3","v18137","3.4","30.7","","","","1"
"2024-01","Saskatchewan","2016A000247","Butane","Cubic metres","72","thousands","3","v18142","3.5","19.9","","","","1"
"2024-01","Saskatchewan","2016A000247","Ethane","Cubic metres","72","thousands","3","v18147","3.6","","x","","","1"
"2024-01","Alberta","2016A000248","Propane","Cubic metres","72","thousands","3","v18138","4.4","1014.4","","","","1"
"2024-01","Alberta","2016A000248","Butane","Cubic metres","72","thousands","3","v18143","4.5","640.7","","","","1"
"2024-01","Alberta","2016A000248","Ethane","Cubic metres","72","thousands","3","v18148","4.6","1184.2","","","","1"
"2024-01","Alberta","2016A000248","Sulphur","Tonnes","288","units","0","v18153","4.7","","x","","","0"
"2024-01","British Columbia","2016A000259","Propane","Cubic metres","72","thousands","3","v18139","5.4","","x","","","1"
"2024-01","British Columbia","2016A000259","Butane","Cubic metres","72","thousands","3","v18144","5.5","","x","","","1"
"2024-01","British Columbia","2016A000259","Ethane","Cubic metres","72","thousands","3","v18149","5.6","","x","","","1"
"2024-01","British Columbia","2016A000259","Sulphur","Tonnes","288","units","0","v18154","5.7","","x","","","0"
"2024-02","Canada","2016A000011124","Propane","Cubic metres","72","thousands","3","v18135","1.4","1539.7","","","","1"
"2024-02","Canada","2016A000011124","Butane","Cubic metres","72","thousands","3","v18140","1.5","961.3","","","","1"
"2024-02","Canada","2016A000011124","Ethane","Cubic metres","72","thousands","3","v18145","1.6","1196.2","","","","1"
"2024-02","Canada","2016A000011124","Sulphur","Tonnes","288","units","0","v18150","1.7","381004","","","","0"
"2024-02","Nova Scotia","2016A000212","Propane","Cubic metres","72","thousands","3","v783740","6.4","","x","","","1"
"2024-02","Nova Scotia","2016A000212","Butane","Cubic metres","72","thousands","3","v783741","6.5","","x","","","1"
"2024-02","Ontario","2016A000235","Propane","Cubic metres","72","thousands","3","v107638452","7.4","","x","","","1"
"2024-02","Ontario","2016A000235","Butane","Cubic metres","72","thousands","3","v107638453","7.5","","x","","","1"
"2024-02","Saskatchewan","2016A000247","Propane","Cubic metres","72","thousands","3","v18137","3.4","32.3","","","","1"
"2024-02","Saskatchewan","2016A000247","Butane","Cubic metres","72","thousands","3","v18142","3.5","20.3","","","","1"
"2024-02","Saskatchewan","2016A000247","Ethane","Cubic metres","72","thousands","3","v18147","3.6","","x","","","1"
"2024-02","Alberta","2016A000248","Propane","Cubic metres","72","thousands","3","v18138","4.4","980.3","","","","1"
"2024-02","Alberta","2016A000248","Butane","Cubic metres","72","thousands","3","v18143","4.5","615.4","","","","1"
"2024-02","Alberta","2016A000248","Ethane","Cubic metres","72","thousands","3","v18148","4.6","1163.9","","","","1"
"2024-02","Alberta","2016A000248","Sulphur","Tonnes","288","units","0","v18153","4.7","","x","","","0"
"2024-02","British Columbia","2016A000259","Propane","Cubic metres","72","thousands","3","v18139","5.4","","x","","","1"
"2024-02","British Columbia","2016A000259","Butane","Cubic metres","72","thousands","3","v18144","5.5","","x","","","1"
"2024-02","British Columbia","2016A000259","Ethane","Cubic metres","72","thousands","3","v18149","5.6","","x","","","1"
"2024-02","British Columbia","2016A000259","Sulphur","Tonnes","288","units","0","v18154","5.7","","x","","","0"
"2024-03","Canada","2016A000011124","Propane","Cubic metres","72","thousands","3","v18135","1.4","1576.0","","","","1"
"2024-03","Canada","2016A000011124","Butane","Cubic metres","72","thousands","3","v18140","1.5","1005.3","","","","1"
"2024-03","Canada","2016A000011124","Ethane","Cubic metres","72","thousands","3","v18145","1.6","1256.1","","","","1"
"2024-03","Canada","2016A000011124","Sulphur","Tonnes","288","units","0","v18150","1.7","388472","","","","0"
"2024-03","Nova Scotia","2016A000212","Propane","Cubic metres","72","thousands","3","v783740","6.4","","x","","","1"
"2024-03","Nova Scotia","2016A000212","Butane","Cubic metres","72","thousands","3","v783741","6.5","","x","","","1"
"2024-03","Ontario","2016A000235","Propane","Cubic metres","72","thousands","3","v107638452","7.4","","x","","","1"
"2024-03","Ontario","2016A000235","Butane","Cubic metres","72","thousands","3","v107638453","7.5","","x","","","1"
"2024-03","Saskatchewan","2016A000247","Propane","Cubic metres","72","thousands","3","v18137","3.4","34.1","","","","1"
"2024-03","Saskatchewan","2016A000247","Butane","Cubic metres","72","thousands","3","v18142","3.5","21.4","","","","1"
"2024-03","Saskatchewan","2016A000247","Ethane","Cubic metres","72","thousands","3","v18147","3.6","","x","","","1"
"2024-03","Alberta","2016A000248","Propane","Cubic metres","72","thousands","3","v18138","4.4","1006.9","","","","1"
"2024-03","Alberta","2016A000248","Butane","Cubic metres","72","thousands","3","v18143","4.5","650.6","","","","1"
"2024-03","Alberta","2016A000248","Ethane","Cubic metres","72","thousands","3","v18148","4.6","1229.8","","","","1"
"2024-03","Alberta","2016A000248","Sulphur","Tonnes","288","units","0","v18153","4.7","","x","","","0"
"2024-03","British Columbia","2016A000259","Propane","Cubic metres","72","thousands","3","v18139","5.4","","x","","","1"
"2024-03","British Columbia","2016A000259","Butane","Cubic metres","72","thousands","3","v18144","5.5","","x","","","1"
"2024-03","British Columbia","2016A000259","Ethane","Cubic metres","72","thousands","3","v18149","5.6","","x","","","1"
"2024-03","British Columbia","2016A000259","Sulphur","Tonnes","288","units","0","v18154","5.7","","x","","","0"
"2024-04","Canada","2016A000011124","Propane","Cubic metres","72","thousands","3","v18135","1.4","1509.6","","","","1"
"2024-04","Canada","2016A000011124","Butane","Cubic metres","72","thousands","3","v18140","1.5","955.0","","","","1"
"2024-04","Canada","2016A000011124","Ethane","Cubic metres","72","thousands","3","v18145","1.6","1100.8","","","","1"
"2024-04","Canada","2016A000011124","Sulphur","Tonnes","288","units","0","v18150","1.7","367011","","","","0"
"2024-04","Nova Scotia","2016A000212","Propane","Cubic metres","72","thousands","3","v783740","6.4","","x","","","1"
"2024-04","Nova Scotia","2016A000212","Butane","Cubic metres","72","thousands","3","v783741","6.5","","x","","","1"
"2024-04","Ontario","2016A000235","Propane","Cubic metres","72","thousands","3","v107638452","7.4","","x","","","1"
"2024-04","Ontario","2016A000235","Butane","Cubic metres","72","thousands","3","v107638453","7.5","","x","","","1"
"2024-04","Saskatchewan","2016A000247","Propane","Cubic metres","72","thousands","3","v18137","3.4","33.7","","","","1"
"2024-04","Saskatchewan","2016A000247","Butane","Cubic metres","72","thousands","3","v18142","3.5","20.5","","","","1"
"2024-04","Saskatchewan","2016A000247","Ethane","Cubic metres","72","thousands","3","v18147","3.6","","x","","","1"
"2024-04","Alberta","2016A000248","Propane","Cubic metres","72","thousands","3","v18138","4.4","965.4","","","","1"
"2024-04","Alberta","2016A000248","Butane","Cubic metres","72","thousands","3","v18143","4.5","609.1","","","","1"
"2024-04","Alberta","2016A000248","Ethane","Cubic metres","72","thousands","3","v18148","4.6","1077.2","","","","1"
"2024-04","Alberta","2016A000248","Sulphur","Tonnes","288","units","0","v18153","4.7","","x","","","0"
"2024-04","British Columbia","2016A000259","Propane","Cubic metres","72","thousands","3","v18139","5.4","","x","","","1"
"2024-04","British Columbia","2016A000259","Butane","Cubic metres","72","thousands","3","v18144","5.5","","x","","","1"
"2024-04","British Columbia","2016A000259","Ethane","Cubic metres","72","thousands","3","v18149","5.6","","x","","","1"
"2024-04","British Columbia","2016A000259","Sulphur","Tonnes","288","units","0","v18154","5.7","","x","","","0"
"2024-05","Canada","2016A000011124","Propane","Cubic metres","72","thousands","3","v18135","1.4","1437.8","","","","1"
"2024-05","Canada","2016A000011124","Butane","Cubic metres","72","thousands","3","v18140","1.5","936.5","","","","1"
"2024-05","Canada","2016A000011124","Ethane","Cubic metres","72","thousands","3","v18145","1.6","1062.7","","","","1"
"2024-05","Canada","2016A000011124","Sulphur","Tonnes","288","units","0","v18150","1.7","321443","","","","0"
"2024-05","Nova Scotia","2016A000212","Propane","Cubic metres","72","thousands","3","v783740","6.4","","x","","","1"
"2024-05","Nova Scotia","2016A000212","Butane","Cubic metres","72","thousands","3","v783741","6.5","","x","","","1"
"2024-05","Ontario","2016A000235","Propane","Cubic metres","72","thousands","3","v107638452","7.4","","x","","","1"
"2024-05","Ontario","2016A000235","Butane","Cubic metres","72","thousands","3","v107638453","7.5","","x","","","1"
"2024-05","Saskatchewan","2016A000247","Propane","Cubic metres","72","thousands","3","v18137","3.4","34.0","","","","1"
"2024-05","Saskatchewan","2016A000247","Butane","Cubic metres","72","thousands","3","v18142","3.5","20.5","","","","1"
"2024-05","Saskatchewan","2016A000247","Ethane","Cubic metres","72","thousands","3","v18147","3.6","","x","","","1"
"2024-05","Alberta","2016A000248","Propane","Cubic metres","72","thousands","3","v18138","4.4","933.4","","","","1"
"2024-05","Alberta","2016A000248","Butane","Cubic metres","72","thousands","3","v18143","4.5","606.0","","","","1"
"2024-05","Alberta","2016A000248","Ethane","Cubic metres","72","thousands","3","v18148","4.6","1042.4","","","","1"
"2024-05","Alberta","2016A000248","Sulphur","Tonnes","288","units","0","v18153","4.7","","x","","","0"
"2024-05","British Columbia","2016A000259","Propane","Cubic metres","72","thousands","3","v18139","5.4","","x","","","1"
"2024-05","British Columbia","2016A000259","Butane","Cubic metres","72","thousands","3","v18144","5.5","","x","","","1"
"2024-05","British Columbia","2016A000259","Ethane","Cubic metres","72","thousands","3","v18149","5.6","","x","","","1"
"2024-05","British Columbia","2016A000259","Sulphur","Tonnes","288","units","0","v18154","5.7","","x","","","0"
"2024-06","Canada","2016A000011124","Propane","Cubic metres","72","thousands","3","v18135","1.4","1522.1","","","","1"
"2024-06","Canada","2016A000011124","Butane","Cubic metres","72","thousands","3","v18140","1.5","958.8","","","","1"
"2024-06","Canada","2016A000011124","Ethane","Cubic metres","72","thousands","3","v18145","1.6","1168.6","","","","1"
"2024-06","Canada","2016A000011124","Sulphur","Tonnes","288","units","0","v18150","1.7","362042","","","","0"
"2024-06","Nova Scotia","2016A000212","Propane","Cubic metres","72","thousands","3","v783740","6.4","","x","","","1"
"2024-06","Nova Scotia","2016A000212","Butane","Cubic metres","72","thousands","3","v783741","6.5","","x","","","1"
"2024-06","Ontario","2016A000235","Propane","Cubic metres","72","thousands","3","v107638452","7.4","","x","","","1"
"2024-06","Ontario","2016A000235","Butane","Cubic metres","72","thousands","3","v107638453","7.5","","x","","","1"
"2024-06","Saskatchewan","2016A000247","Propane","Cubic metres","72","thousands","3","v18137","3.4","33.4","","","","1"
"2024-06","Saskatchewan","2016A000247","Butane","Cubic metres","72","thousands","3","v18142","3.5","18.1","","","","1"
"2024-06","Saskatchewan","2016A000247","Ethane","Cubic metres","72","thousands","3","v18147","3.6","","x","","","1"
"2024-06","Alberta","2016A000248","Propane","Cubic metres","72","thousands","3","v18138","4.4","978.9","","","","1"
"2024-06","Alberta","2016A000248","Butane","Cubic metres","72","thousands","3","v18143","4.5","612.8","","","","1"
"2024-06","Alberta","2016A000248","Ethane","Cubic metres","72","thousands","3","v18148","4.6","1145.4","","","","1"
"2024-06","Alberta","2016A000248","Sulphur","Tonnes","288","units","0","v18153","4.7","","x","","","0"
"2024-06","British Columbia","2016A000259","Propane","Cubic metres","72","thousands","3","v18139","5.4","","x","","","1"
"2024-06","British Columbia","2016A000259","Butane","Cubic metres","72","thousands","3","v18144","5.5","","x","","","1"
"2024-06","British Columbia","2016A000259","Ethane","Cubic metres","72","thousands","3","v18149","5.6","","x","","","1"
"2024-06","British Columbia","2016A000259","Sulphur","Tonnes","288","units","0","v18154","5.7","","x","","","0"
"2024-07","Canada","2016A000011124","Propane","Cubic metres","72","thousands","3","v18135","1.4","1499.4","","","","1"
"2024-07","Canada","2016A000011124","Butane","Cubic metres","72","thousands","3","v18140","1.5","973.6","","","","1"
"2024-07","Canada","2016A000011124","Ethane","Cubic metres","72","thousands","3","v18145","1.6","1232.1","","","","1"
"2024-07","Canada","2016A000011124","Sulphur","Tonnes","288","units","0","v18150","1.7","406015","","","","0"
"2024-07","Nova Scotia","2016A000212","Propane","Cubic metres","72","thousands","3","v783740","6.4","","x","","","1"
"2024-07","Nova Scotia","2016A000212","Butane","Cubic metres","72","thousands","3","v783741","6.5","","x","","","1"
"2024-07","Ontario","2016A000235","Propane","Cubic metres","72","thousands","3","v107638452","7.4","","x","","","1"
"2024-07","Ontario","2016A000235","Butane","Cubic metres","72","thousands","3","v107638453","7.5","","x","","","1"
"2024-07","Saskatchewan","2016A000247","Propane","Cubic metres","72","thousands","3","v18137","3.4","35.5","","","","1"
"2024-07","Saskatchewan","2016A000247","Butane","Cubic metres","72","thousands","3","v18142","3.5","18.2","","","","1"
"2024-07","Saskatchewan","2016A000247","Ethane","Cubic metres","72","thousands","3","v18147","3.6","","x","","","1"
"2024-07","Alberta","2016A000248","Propane","Cubic metres","72","thousands","3","v18138","4.4","935.8","","","","1"
"2024-07","Alberta","2016A000248","Butane","Cubic metres","72","thousands","3","v18143","4.5","600.2","","","","1"
"2024-07","Alberta","2016A000248","Ethane","Cubic metres","72","thousands","3","v18148","4.6","1207.7","","","","1"
"2024-07","Alberta","2016A000248","Sulphur","Tonnes","288","units","0","v18153","4.7","","x","","","0"
"2024-07","British Columbia","2016A000259","Propane","Cubic metres","72","thousands","3","v18139","5.4","","x","","","1"
"2024-07","British Columbia","2016A000259","Butane","Cubic metres","72","thousands","3","v18144","5.5","","x","","","1"
"2024-07","British Columbia","2016A000259","Ethane","Cubic metres","72","thousands","3","v18149","5.6","","x","","","1"
"2024-07","British Columbia","2016A000259","Sulphur","Tonnes","288","units","0","v18154","5.7","","x","","","0"
"2024-08","Canada","2016A000011124","Propane","Cubic metres","72","thousands","3","v18135","1.4","1524.8","","","","1"
"2024-08","Canada","2016A000011124","Butane","Cubic metres","72","thousands","3","v18140","1.5","1012.4","","","","1"
"2024-08","Canada","2016A000011124","Ethane","Cubic metres","72","thousands","3","v18145","1.6","1141.2","","","","1"
"2024-08","Canada","2016A000011124","Sulphur","Tonnes","288","units","0","v18150","1.7","399454","","","","0"
"2024-08","Nova Scotia","2016A000212","Propane","Cubic metres","72","thousands","3","v783740","6.4","","x","","","1"
"2024-08","Nova Scotia","2016A000212","Butane","Cubic metres","72","thousands","3","v783741","6.5","","x","","","1"
"2024-08","Ontario","2016A000235","Propane","Cubic metres","72","thousands","3","v107638452","7.4","","x","","","1"
"2024-08","Ontario","2016A000235","Butane","Cubic metres","72","thousands","3","v107638453","7.5","","x","","","1"
"2024-08","Saskatchewan","2016A000247","Propane","Cubic metres","72","thousands","3","v18137","3.4","34.1","","","","1"
"2024-08","Saskatchewan","2016A000247","Butane","Cubic metres","72","thousands","3","v18142","3.5","18.7","","","","1"
"2024-08","Saskatchewan","2016A000247","Ethane","Cubic metres","72","thousands","3","v18147","3.6","","x","","","1"
"2024-08","Alberta","2016A000248","Propane","Cubic metres","72","thousands","3","v18138","4.4","987.6","","","","1"
"2024-08","Alberta","2016A000248","Butane","Cubic metres","72","thousands","3","v18143","4.5","655.9","","","","1"
"2024-08","Alberta","2016A000248","Ethane","Cubic metres","72","thousands","3","v18148","4.6","1119.5","","","","1"
"2024-08","Alberta","2016A000248","Sulphur","Tonnes","288","units","0","v18153","4.7","","x","","","0"
"2024-08","British Columbia","2016A000259","Propane","Cubic metres","72","thousands","3","v18139","5.4","","x","","","1"
"2024-08","British Columbia","2016A000259","Butane","Cubic metres","72","thousands","3","v18144","5.5","","x","","","1"
"2024-08","British Columbia","2016A000259","Ethane","Cubic metres","72","thousands","3","v18149","5.6","","x","","","1"
"2024-08","British Columbia","2016A000259","Sulphur","Tonnes","288","units","0","v18154","5.7","","x","","","0"
"2024-09","Canada","2016A000011124","Propane","Cubic metres","72","thousands","3","v18135","1.4","1325.9","","","","1"
"2024-09","Canada","2016A000011124","Butane","Cubic metres","72","thousands","3","v18140","1.5","870.7","","","","1"
"2024-09","Canada","2016A000011124","Ethane","Cubic metres","72","thousands","3","v18145","1.6","975.4","","","","1"
"2024-09","Canada","2016A000011124","Sulphur","Tonnes","288","units","0","v18150","1.7","323102","","","","0"
"2024-09","Nova Scotia","2016A000212","Propane","Cubic metres","72","thousands","3","v783740","6.4","","x","","","1"
"2024-09","Nova Scotia","2016A000212","Butane","Cubic metres","72","thousands","3","v783741","6.5","","x","","","1"
"2024-09","Ontario","2016A000235","Propane","Cubic metres","72","thousands","3","v107638452","7.4","","x","","","1"
"2024-09","Ontario","2016A000235","Butane","Cubic metres","72","thousands","3","v107638453","7.5","","x","","","1"
"2024-09","Saskatchewan","2016A000247","Propane","Cubic metres","72","thousands","3","v18137","3.4","33.9","","","","1"
"2024-09","Saskatchewan","2016A000247","Butane","Cubic metres","72","thousands","3","v18142","3.5","18.2","","","","1"
"2024-09","Saskatchewan","2016A000247","Ethane","Cubic metres","72","thousands","3","v18147","3.6","","x","","","1"
"2024-09","Alberta","2016A000248","Propane","Cubic metres","72","thousands","3","v18138","4.4","786.9","","","","1"
"2024-09","Alberta","2016A000248","Butane","Cubic metres","72","thousands","3","v18143","4.5","506.3","","","","1"
"2024-09","Alberta","2016A000248","Ethane","Cubic metres","72","thousands","3","v18148","4.6","959.2","","","","1"
"2024-09","Alberta","2016A000248","Sulphur","Tonnes","288","units","0","v18153","4.7","","x","","","0"
"2024-09","British Columbia","2016A000259","Propane","Cubic metres","72","thousands","3","v18139","5.4","","x","","","1"
"2024-09","British Columbia","2016A000259","Butane","Cubic metres","72","thousands","3","v18144","5.5","","x","","","1"
"2024-09","British Columbia","2016A000259","Ethane","Cubic metres","72","thousands","3","v18149","5.6","","x","","","1"
"2024-09","British Columbia","2016A000259","Sulphur","Tonnes","288","units","0","v18154","5.7","","x","","","0"
"2024-10","Canada","2016A000011124","Propane","Cubic metres","72","thousands","3","v18135","1.4","1541.2","","","","1"
"2024-10","Canada","2016A000011124","Butane","Cubic metres","72","thousands","3","v18140","1.5","1032.8","","","","1"
"2024-10","Canada","2016A000011124","Ethane","Cubic metres","72","thousands","3","v18145","1.6","1343.1","","","","1"
"2024-10","Canada","2016A000011124","Sulphur","Tonnes","288","units","0","v18150","1.7","373330","","","","0"
"2024-10","Nova Scotia","2016A000212","Propane","Cubic metres","72","thousands","3","v783740","6.4","","x","","","1"
"2024-10","Nova Scotia","2016A000212","Butane","Cubic metres","72","thousands","3","v783741","6.5","","x","","","1"
"2024-10","Ontario","2016A000235","Propane","Cubic metres","72","thousands","3","v107638452","7.4","","x","","","1"
"2024-10","Ontario","2016A000235","Butane","Cubic metres","72","thousands","3","v107638453","7.5","","x","","","1"
"2024-10","Saskatchewan","2016A000247","Propane","Cubic metres","72","thousands","3","v18137","3.4","34.7","","","","1"
"2024-10","Saskatchewan","2016A000247","Butane","Cubic metres","72","thousands","3","v18142","3.5","21.2","","","","1"
"2024-10","Saskatchewan","2016A000247","Ethane","Cubic metres","72","thousands","3","v18147","3.6","","x","","","1"
"2024-10","Alberta","2016A000248","Propane","Cubic metres","72","thousands","3","v18138","4.4","1028.4","","","","1"
"2024-10","Alberta","2016A000248","Butane","Cubic metres","72","thousands","3","v18143","4.5","645.3","","","","1"
"2024-10","Alberta","2016A000248","Ethane","Cubic metres","72","thousands","3","v18148","4.6","1321.8","","","","1"
"2024-10","Alberta","2016A000248","Sulphur","Tonnes","288","units","0","v18153","4.7","","x","","","0"
"2024-10","British Columbia","2016A000259","Propane","Cubic metres","72","thousands","3","v18139","5.4","","x","","","1"
"2024-10","British Columbia","2016A000259","Butane","Cubic metres","72","thousands","3","v18144","5.5","","x","","","1"
"2024-10","British Columbia","2016A000259","Ethane","Cubic metres","72","thousands","3","v18149","5.6","","x","","","1"
"2024-10","British Columbia","2016A000259","Sulphur","Tonnes","288","units","0","v18154","5.7","","x","","","0"
"2024-11","Canada","2016A000011124","Propane","Cubic metres","72","thousands","3","v18135","1.4","1649.8","","","","1"
"2024-11","Canada","2016A000011124","Butane","Cubic metres","72","thousands","3","v18140","1.5","1043.6","","","","1"
"2024-11","Canada","2016A000011124","Ethane","Cubic metres","72","thousands","3","v18145","1.6","1126.0","","","","1"
"2024-11","Canada","2016A000011124","Sulphur","Tonnes","288","units","0","v18150","1.7","382852","","","","0"
"2024-11","Nova Scotia","2016A000212","Propane","Cubic metres","72","thousands","3","v783740","6.4","","x","","","1"
"2024-11","Nova Scotia","2016A000212","Butane","Cubic metres","72","thousands","3","v783741","6.5","","x","","","1"
"2024-11","Ontario","2016A000235","Propane","Cubic metres","72","thousands","3","v107638452","7.4","","x","","","1"
"2024-11","Ontario","2016A000235","Butane","Cubic metres","72","thousands","3","v107638453","7.5","","x","","","1"
"2024-11","Saskatchewan","2016A000247","Propane","Cubic metres","72","thousands","3","v18137","3.4","31.1","","","","1"
"2024-11","Saskatchewan","2016A000247","Butane","Cubic metres","72","thousands","3","v18142","3.5","20.2","","","","1"
"2024-11","Saskatchewan","2016A000247","Ethane","Cubic metres","72","thousands","3","v18147","3.6","","x","","","1"
"2024-11","Alberta","2016A000248","Propane","Cubic metres","72","thousands","3","v18138","4.4","1052.7","","","","1"
"2024-11","Alberta","2016A000248","Butane","Cubic metres","72","thousands","3","v18143","4.5","644.1","","","","1"
"2024-11","Alberta","2016A000248","Ethane","Cubic metres","72","thousands","3","v18148","4.6","1098.3","","","","1"
"2024-11","Alberta","2016A000248","Sulphur","Tonnes","288","units","0","v18153","4.7","","x","","","0"
"2024-11","British Columbia","2016A000259","Propane","Cubic metres","72","thousands","3","v18139","5.4","","x","","","1"
"2024-11","British Columbia","2016A000259","Butane","Cubic metres","72","thousands","3","v18144","5.5","","x","","","1"
"2024-11","British Columbia","2016A000259","Ethane","Cubic metres","72","thousands","3","v18149","5.6","","x","","","1"
"2024-11","British Columbia","2016A000259","Sulphur","Tonnes","288","units","0","v18154","5.7","","x","","","0"
"2024-12","Canada","2016A000011124","Propane","Cubic metres","72","thousands","3","v18135","1.4","1727.4","","","","1"
"2024-12","Canada","2016A000011124","Butane","Cubic metres","72","thousands","3","v18140","1.5","1114.7","","","","1"
"2024-12","Canada","2016A000011124","Ethane","Cubic metres","72","thousands","3","v18145","1.6","1141.1","","","","1"
"2024-12","Canada","2016A000011124","Sulphur","Tonnes","288","units","0","v18150","1.7","412306","","","","0"
"2024-12","Nova Scotia","2016A000212","Propane","Cubic metres","72","thousands","3","v783740","6.4","","x","","","1"
"2024-12","Nova Scotia","2016A000212","Butane","Cubic metres","72","thousands","3","v783741","6.5","","x","","","1"
"2024-12","Ontario","2016A000235","Propane","Cubic metres","72","thousands","3","v107638452","7.4","","x","","","1"
"2024-12","Ontario","2016A000235","Butane","Cubic metres","72","thousands","3","v107638453","7.5","","x","","","1"
"2024-12","Saskatchewan","2016A000247","Propane","Cubic metres","72","thousands","3","v18137","3.4","30.1","","","","1"
"2024-12","Saskatchewan","2016A000247","Butane","Cubic metres","72","thousands","3","v18142","3.5","19.8","","","","1"
"2024-12","Saskatchewan","2016A000247","Ethane","Cubic metres","72","thousands","3","v18147","3.6","","x","","","1"
"2024-12","Alberta","2016A000248","Propane","Cubic metres","72","thousands","3","v18138","4.4","1102.7","","","","1"
"2024-12","Alberta","2016A000248","Butane","Cubic metres","72","thousands","3","v18143","4.5","682.5","","","","1"
"2024-12","Alberta","2016A000248","Ethane","Cubic metres","72","thousands","3","v18148","4.6","1114.6","","","","1"
"2024-12","Alberta","2016A000248","Sulphur","Tonnes","288","units","0","v18153","4.7","","x","","","0"
"2024-12","British Columbia","2016A000259","Propane","Cubic metres","72","thousands","3","v18139","5.4","","x","","","1"
"2024-12","British Columbia","2016A000259","Butane","Cubic metres","72","thousands","3","v18144","5.5","","x","","","1"
"2024-12","British Columbia","2016A000259","Ethane","Cubic metres","72","thousands","3","v18149","5.6","","x","","","1"
"2024-12","British Columbia","2016A000259","Sulphur","Tonnes","288","units","0","v18154","5.7","","x","","","0"
"2025-01","Canada","2016A000011124","Propane","Cubic metres","72","thousands","3","v18135","1.4","1741.1","","","","1"
"2025-01","Canada","2016A000011124","Butane","Cubic metres","72","thousands","3","v18140","1.5","1112.8","","","","1"
"2025-01","Canada","2016A000011124","Ethane","Cubic metres","72","thousands","3","v18145","1.6","1205.0","","","","1"
"2025-01","Canada","2016A000011124","Sulphur","Tonnes","288","units","0","v18150","1.7","420848","","","","0"
"2025-01","Nova Scotia","2016A000212","Propane","Cubic metres","72","thousands","3","v783740","6.4","","x","","","1"
"2025-01","Nova Scotia","2016A000212","Butane","Cubic metres","72","thousands","3","v783741","6.5","","x","","","1"
"2025-01","Ontario","2016A000235","Propane","Cubic metres","72","thousands","3","v107638452","7.4","","x","","","1"
"2025-01","Ontario","2016A000235","Butane","Cubic metres","72","thousands","3","v107638453","7.5","","x","","","1"
"2025-01","Saskatchewan","2016A000247","Propane","Cubic metres","72","thousands","3","v18137","3.4","30.1","","","","1"
"2025-01","Saskatchewan","2016A000247","Butane","Cubic metres","72","thousands","3","v18142","3.5","19.1","","","","1"
"2025-01","Saskatchewan","2016A000247","Ethane","Cubic metres","72","thousands","3","v18147","3.6","","x","","","1"
"2025-01","Alberta","2016A000248","Propane","Cubic metres","72","thousands","3","v18138","4.4","1157.3","","","","1"
"2025-01","Alberta","2016A000248","Butane","Cubic metres","72","thousands","3","v18143","4.5","712.3","","","","1"
"2025-01","Alberta","2016A000248","Ethane","Cubic metres","72","thousands","3","v18148","4.6","1180.6","","","","1"
"2025-01","Alberta","2016A000248","Sulphur","Tonnes","288","units","0","v18153","4.7","","x","","","0"
"2025-01","British Columbia","2016A000259","Propane","Cubic metres","72","thousands","3","v18139","5.4","","x","","","1"
"2025-01","British Columbia","2016A000259","Butane","Cubic metres","72","thousands","3","v18144","5.5","","x","","","1"
"2025-01","British Columbia","2016A000259","Ethane","Cubic metres","72","thousands","3","v18149","5.6","","x","","","1"
"2025-01","British Columbia","2016A000259","Sulphur","Tonnes","288","units","0","v18154","5.7","","x","","","0"
"2025-02","Canada","2016A000011124","Propane","Cubic metres","72","thousands","3","v18135","1.4","1559.6","","","","1"
"2025-02","Canada","2016A000011124","Butane","Cubic metres","72","thousands","3","v18140","1.5","1000.5","","","","1"
"2025-02","Canada","2016A000011124","Ethane","Cubic metres","72","thousands","3","v18145","1.6","1163.6","","","","1"
"2025-02","Canada","2016A000011124","Sulphur","Tonnes","288","units","0","v18150","1.7","360920","","","","0"
"2025-02","Nova Scotia","2016A000212","Propane","Cubic metres","72","thousands","3","v783740","6.4","","x","","","1"
"2025-02","Nova Scotia","2016A000212","Butane","Cubic metres","72","thousands","3","v783741","6.5","","x","","","1"
"2025-02","Ontario","2016A000235","Propane","Cubic metres","72","thousands","3","v107638452","7.4","","x","","","1"
"2025-02","Ontario","2016A000235","Butane","Cubic metres","72","thousands","3","v107638453","7.5","","x","","","1"
"2025-02","Saskatchewan","2016A000247","Propane","Cubic metres","72","thousands","3","v18137","3.4","25.5","","","","1"
"2025-02","Saskatchewan","2016A000247","Butane","Cubic metres","72","thousands","3","v18142","3.5","16.2","","","","1"
"2025-02","Saskatchewan","2016A000247","Ethane","Cubic metres","72","thousands","3","v18147","3.6","","x","","","1"
"2025-02","Alberta","2016A000248","Propane","Cubic metres","72","thousands","3","v18138","4.4","1004.6","","","","1"
"2025-02","Alberta","2016A000248","Butane","Cubic metres","72","thousands","3","v18143","4.5","616.5","","","","1"
"2025-02","Alberta","2016A000248","Ethane","Cubic metres","72","thousands","3","v18148","4.6","1141.0","","","","1"
"2025-02","Alberta","2016A000248","Sulphur","Tonnes","288","units","0","v18153","4.7","","x","","","0"
"2025-02","British Columbia","2016A000259","Propane","Cubic metres","72","thousands","3","v18139","5.4","","x","","","1"
"2025-02","British Columbia","2016A000259","Butane","Cubic metres","72","thousands","3","v18144","5.5","","x","","","1"
"2025-02","British Columbia","2016A000259","Ethane","Cubic metres","72","thousands","3","v18149","5.6","","x","","","1"
"2025-02","British Columbia","2016A000259","Sulphur","Tonnes","288","units","0","v18154","5.7","","x","","","0"
"2025-03","Canada","2016A000011124","Propane","Cubic metres","72","thousands","3","v18135","1.4","1747.4","","","","1"
"2025-03","Canada","2016A000011124","Butane","Cubic metres","72","thousands","3","v18140","1.5","1108.0","","","","1"
"2025-03","Canada","2016A000011124","Ethane","Cubic metres","72","thousands","3","v18145","1.6","1323.0","","","","1"
"2025-03","Canada","2016A000011124","Sulphur","Tonnes","288","units","0","v18150","1.7","385636","","","","0"
"2025-03","Nova Scotia","2016A000212","Propane","Cubic metres","72","thousands","3","v783740","6.4","","x","","","1"
"2025-03","Nova Scotia","2016A000212","Butane","Cubic metres","72","thousands","3","v783741","6.5","","x","","","1"
"2025-03","Ontario","2016A000235","Propane","Cubic metres","72","thousands","3","v107638452","7.4","","x","","","1"
"2025-03","Ontario","2016A000235","Butane","Cubic metres","72","thousands","3","v107638453","7.5","","x","","","1"
"2025-03","Saskatchewan","2016A000247","Propane","Cubic metres","72","thousands","3","v18137","3.4","34.4","","","","1"
"2025-03","Saskatchewan","2016A000247","Butane","Cubic metres","72","thousands","3","v18142","3.5","19.2","","","","1"
"2025-03","Saskatchewan","2016A000247","Ethane","Cubic metres","72","thousands","3","v18147","3.6","","x","","","1"
"2025-03","Alberta","2016A000248","Propane","Cubic metres","72","thousands","3","v18138","4.4","1135.9","","","","1"
"2025-03","Alberta","2016A000248","Butane","Cubic metres","72","thousands","3","v18143","4.5","704.9","","","","1"
"2025-03","Alberta","2016A000248","Ethane","Cubic metres","72","thousands","3","v18148","4.6","1298.1","","","","1"
"2025-03","Alberta","2016A000248","Sulphur","Tonnes","288","units","0","v18153","4.7","","x","","","0"
"2025-03","British Columbia","2016A000259","Propane","Cubic metres","72","thousands","3","v18139","5.4","","x","","","1"
"2025-03","British Columbia","2016A000259","Butane","Cubic metres","72","thousands","3","v18144","5.5","","x","","","1"
"2025-03","British Columbia","2016A000259","Ethane","Cubic metres","72","thousands","3","v18149","5.6","","x","","","1"
"2025-03","British Columbia","2016A000259","Sulphur","Tonnes","288","units","0","v18154","5.7","","x","","","0"
"2025-04","Canada","2016A000011124","Propane","Cubic metres","72","thousands","3","v18135","1.4","1624.0","","","","1"
"2025-04","Canada","2016A000011124","Butane","Cubic metres","72","thousands","3","v18140","1.5","1039.4","","","","1"
"2025-04","Canada","2016A000011124","Ethane","Cubic metres","72","thousands","3","v18145","1.6","1254.4","","","","1"
"2025-04","Canada","2016A000011124","Sulphur","Tonnes","288","units","0","v18150","1.7","350205","","","","0"
"2025-04","Nova Scotia","2016A000212","Propane","Cubic metres","72","thousands","3","v783740","6.4","","x","","","1"
"2025-04","Nova Scotia","2016A000212","Butane","Cubic metres","72","thousands","3","v783741","6.5","","x","","","1"
"2025-04","Ontario","2016A000235","Propane","Cubic metres","72","thousands","3","v107638452","7.4","","x","","","1"
"2025-04","Ontario","2016A000235","Butane","Cubic metres","72","thousands","3","v107638453","7.5","","x","","","1"
"2025-04","Saskatchewan","2016A000247","Propane","Cubic metres","72","thousands","3","v18137","3.4","30.9","","","","1"
"2025-04","Saskatchewan","2016A000247","Butane","Cubic metres","72","thousands","3","v18142","3.5","16.8","","","","1"
"2025-04","Saskatchewan","2016A000247","Ethane","Cubic metres","72","thousands","3","v18147","3.6","","x","","","1"
"2025-04","Alberta","2016A000248","Propane","Cubic metres","72","thousands","3","v18138","4.4","1099.8","","","","1"
"2025-04","Alberta","2016A000248","Butane","Cubic metres","72","thousands","3","v18143","4.5","690.7","","","","1"
"2025-04","Alberta","2016A000248","Ethane","Cubic metres","72","thousands","3","v18148","4.6","1229.2","","","","1"
"2025-04","Alberta","2016A000248","Sulphur","Tonnes","288","units","0","v18153","4.7","","x","","","0"
"2025-04","British Columbia","2016A000259","Propane","Cubic metres","72","thousands","3","v18139","5.4","","x","","","1"
"2025-04","British Columbia","2016A000259","Butane","Cubic metres","72","thousands","3","v18144","5.5","","x","","","1"
"2025-04","British Columbia","2016A000259","Ethane","Cubic metres","72","thousands","3","v18149","5.6","","x","","","1"
"2025-04","British Columbia","2016A000259","Sulphur","Tonnes","288","units","0","v18154","5.7","","x","","","0"
"2025-05","Canada","2016A000011124","Propane","Cubic metres","72","thousands","3","v18135","1.4","1600.7","","","","1"
"2025-05","Canada","2016A000011124","Butane","Cubic metres","72","thousands","3","v18140","1.5","1036.6","","","","1"
"2025-05","Canada","2016A000011124","Ethane","Cubic metres","72","thousands","3","v18145","1.6","1116.0","","","","1"
"2025-05","Canada","2016A000011124","Sulphur","Tonnes","288","units","0","v18150","1.7","314207","","","","0"
"2025-05","Nova Scotia","2016A000212","Propane","Cubic metres","72","thousands","3","v783740","6.4","","x","","","1"
"2025-05","Nova Scotia","2016A000212","Butane","Cubic metres","72","thousands","3","v783741","6.5","","x","","","1"
"2025-05","Ontario","2016A000235","Propane","Cubic metres","72","thousands","3","v107638452","7.4","","x","","","1"
"2025-05","Ontario","2016A000235","Butane","Cubic metres","72","thousands","3","v107638453","7.5","","x","","","1"
"2025-05","Saskatchewan","2016A000247","Propane","Cubic metres","72","thousands","3","v18137","3.4","30.8","","","","1"
"2025-05","Saskatchewan","2016A000247","Butane","Cubic metres","72","thousands","3","v18142","3.5","17.9","","","","1"
"2025-05","Saskatchewan","2016A000247","Ethane","Cubic metres","72","thousands","3","v18147","3.6","","x","","","1"
"2025-05","Alberta","2016A000248","Propane","Cubic metres","72","thousands","3","v18138","4.4","1014.2","","","","1"
"2025-05","Alberta","2016A000248","Butane","Cubic metres","72","thousands","3","v18143","4.5","637.4","","","","1"
"2025-05","Alberta","2016A000248","Ethane","Cubic metres","72","thousands","3","v18148","4.6","1090.5","","","","1"
"2025-05","Alberta","2016A000248","Sulphur","Tonnes","288","units","0","v18153","4.7","","x","","","0"
"2025-05","British Columbia","2016A000259","Propane","Cubic metres","72","thousands","3","v18139","5.4","","x","","","1"
"2025-05","British Columbia","2016A000259","Butane","Cubic metres","72","thousands","3","v18144","5.5","","x","","","1"
"2025-05","British Columbia","2016A000259","Ethane","Cubic metres","72","thousands","3","v18149","5.6","","x","","","1"
"2025-05","British Columbia","2016A000259","Sulphur","Tonnes","288","units","0","v18154","5.7","","x","","","0"
"2025-06","Canada","2016A000011124","Propane","Cubic metres","72","thousands","3","v18135","1.4","1491.0","","","","1"
"2025-06","Canada","2016A000011124","Butane","Cubic metres","72","thousands","3","v18140","1.5","947.3","","","","1"
"2025-06","Canada","2016A000011124","Ethane","Cubic metres","72","thousands","3","v18145","1.6","1041.9","","","","1"
"2025-06","Canada","2016A000011124","Sulphur","Tonnes","288","units","0","v18150","1.7","330168","","","","0"
"2025-06","Nova Scotia","2016A000212","Propane","Cubic metres","72","thousands","3","v783740","6.4","","x","","","1"
"2025-06","Nova Scotia","2016A000212","Butane","Cubic metres","72","thousands","3","v783741","6.5","","x","","","1"
"2025-06","Ontario","2016A000235","Propane","Cubic metres","72","thousands","3","v107638452","7.4","","x","","","1"
"2025-06","Ontario","2016A000235","Butane","Cubic metres","72","thousands","3","v107638453","7.5","","x","","","1"
"2025-06","Saskatchewan","2016A000247","Propane","Cubic metres","72","thousands","3","v18137","3.4","32.5","","","","1"
"2025-06","Saskatchewan","2016A000247","Butane","Cubic metres","72","thousands","3","v18142","3.5","18.1","","","","1"
"2025-06","Saskatchewan","2016A000247","Ethane","Cubic metres","72","thousands","3","v18147","3.6","","x","","","1"
"2025-06","Alberta","2016A000248","Propane","Cubic metres","72","thousands","3","v18138","4.4","945.5","","","","1"
"2025-06","Alberta","2016A000248","Butane","Cubic metres","72","thousands","3","v18143","4.5","589.4","","","","1"
"2025-06","Alberta","2016A000248","Ethane","Cubic metres","72","thousands","3","v18148","4.6","1013.8","","","","1"
"2025-06","Alberta","2016A000248","Sulphur","Tonnes","288","units","0","v18153","4.7","","x","","","0"
"2025-06","British Columbia","2016A000259","Propane","Cubic metres","72","thousands","3","v18139","5.4","","x","","","1"
"2025-06","British Columbia","2016A000259","Butane","Cubic metres","72","thousands","3","v18144","5.5","","x","","","1"
"2025-06","British Columbia","2016A000259","Ethane","Cubic metres","72","thousands","3","v18149","5.6","","x","","","1"
"2025-06","British Columbia","2016A000259","Sulphur","Tonnes","288","units","0","v18154","5.7","","x","","","0"
"2025-07","Canada","2016A000011124","Propane","Cubic metres","72","thousands","3","v18135","1.4","1710.5","","","","1"
"2025-07","Canada","2016A000011124","Butane","Cubic metres","72","thousands","3","v18140","1.5","1071.2","","","","1"
"2025-07","Canada","2016A000011124","Ethane","Cubic metres","72","thousands","3","v18145","1.6","1210.2","","","","1"
"2025-07","Canada","2016A000011124","Sulphur","Tonnes","288","units","0","v18150","1.7","378959","","","","0"
"2025-07","Nova Scotia","2016A000212","Propane","Cubic metres","72","thousands","3","v783740","6.4","","x","","","1"
"2025-07","Nova Scotia","2016A000212","Butane","Cubic metres","72","thousands","3","v783741","6.5","","x","","","1"
"2025-07","Ontario","2016A000235","Propane","Cubic metres","72","thousands","3","v107638452","7.4","","x","","","1"
"2025-07","Ontario","2016A000235","Butane","Cubic metres","72","thousands","3","v107638453","7.5","","x","","","1"
"2025-07","Saskatchewan","2016A000247","Propane","Cubic metres","72","thousands","3","v18137","3.4","33.9","","","","1"
"2025-07","Saskatchewan","2016A000247","Butane","Cubic metres","72","thousands","3","v18142","3.5","17.7","","","","1"
"2025-07","Saskatchewan","2016A000247","Ethane","Cubic metres","72","thousands","3","v18147","3.6","","x","","","1"
"2025-07","Alberta","2016A000248","Propane","Cubic metres","72","thousands","3","v18138","4.4","1136.4","","","","1"
"2025-07","Alberta","2016A000248","Butane","Cubic metres","72","thousands","3","v18143","4.5","688.8","","","","1"
"2025-07","Alberta","2016A000248","Ethane","Cubic metres","72","thousands","3","v18148","4.6","1180.9","","","","1"
"2025-07","Alberta","2016A000248","Sulphur","Tonnes","288","units","0","v18153","4.7","","x","","","0"
"2025-07","British Columbia","2016A000259","Propane","Cubic metres","72","thousands","3","v18139","5.4","","x","","","1"
"2025-07","British Columbia","2016A000259","Butane","Cubic metres","72","thousands","3","v18144","5.5","","x","","","1"
"2025-07","British Columbia","2016A000259","Ethane","Cubic metres","72","thousands","3","v18149","5.6","","x","","","1"
"2025-07","British Columbia","2016A000259","Sulphur","Tonnes","288","units","0","v18154","5.7","","x","","","0"
"2025-08","Canada","2016A000011124","Propane","Cubic metres","72","thousands","3","v18135","1.4","1660.9","","","","1"
"2025-08","Canada","2016A000011124","Butane","Cubic metres","72","thousands","3","v18140","1.5","1074.1","","","","1"
"2025-08","Canada","2016A000011124","Ethane","Cubic metres","72","thousands","3","v18145","1.6","1262.3","","","","1"
"2025-08","Canada","2016A000011124","Sulphur","Tonnes","288","units","0","v18150","1.7","375989","","","","0"
"2025-08","Nova Scotia","2016A000212","Propane","Cubic metres","72","thousands","3","v783740","6.4","","x","","","1"
"2025-08","Nova Scotia","2016A000212","Butane","Cubic metres","72","thousands","3","v783741","6.5","","x","","","1"
"2025-08","Ontario","2016A000235","Propane","Cubic metres","72","thousands","3","v107638452","7.4","","x","","","1"
"2025-08","Ontario","2016A000235","Butane","Cubic metres","72","thousands","3","v107638453","7.5","","x","","","1"
"2025-08","Saskatchewan","2016A000247","Propane","Cubic metres","72","thousands","3","v18137","3.4","35.9","","","","1"
"2025-08","Saskatchewan","2016A000247","Butane","Cubic metres","72","thousands","3","v18142","3.5","17.5","","","","1"
"2025-08","Saskatchewan","2016A000247","Ethane","Cubic metres","72","thousands","3","v18147","3.6","","x","","","1"
"2025-08","Alberta","2016A000248","Propane","Cubic metres","72","thousands","3","v18138","4.4","1131.8","","","","1"
"2025-08","Alberta","2016A000248","Butane","Cubic metres","72","thousands","3","v18143","4.5","698.0","","","","1"
"2025-08","Alberta","2016A000248","Ethane","Cubic metres","72","thousands","3","v18148","4.6","1233.5","","","","1"
"2025-08","Alberta","2016A000248","Sulphur","Tonnes","288","units","0","v18153","4.7","","x","","","0"
"2025-08","British Columbia","2016A000259","Propane","Cubic metres","72","thousands","3","v18139","5.4","","x","","","1"
"2025-08","British Columbia","2016A000259","Butane","Cubic metres","72","thousands","3","v18144","5.5","","x","","","1"
"2025-08","British Columbia","2016A000259","Ethane","Cubic metres","72","thousands","3","v18149","5.6","","x","","","1"
"2025-08","British Columbia","2016A000259","Sulphur","Tonnes","288","units","0","v18154","5.7","","x","","","0"
"2025-09","Canada","2016A000011124","Propane","Cubic metres","72","thousands","3","v18135","1.4","1386.5","","","","1"
"2025-09","Canada","2016A000011124","Butane","Cubic metres","72","thousands","3","v18140","1.5","891.2","","","","1"
"2025-09","Canada","2016A000011124","Ethane","Cubic metres","72","thousands","3","v18145","1.6","1154.6","","","","1"
"2025-09","Canada","2016A000011124","Sulphur","Tonnes","288","units","0","v18150","1.7","357108","","","","0"
"2025-09","Nova Scotia","2016A000212","Propane","Cubic metres","72","thousands","3","v783740","6.4","","x","","","1"
"2025-09","Nova Scotia","2016A000212","Butane","Cubic metres","72","thousands","3","v783741","6.5","","x","","","1"
"2025-09","Ontario","2016A000235","Propane","Cubic metres","72","thousands","3","v107638452","7.4","","x","","","1"
"2025-09","Ontario","2016A000235","Butane","Cubic metres","72","thousands","3","v107638453","7.5","","x","","","1"
"2025-09","Saskatchewan","2016A000247","Propane","Cubic metres","72","thousands","3","v18137","3.4","31.1","","","","1"
"2025-09","Saskatchewan","2016A000247","Butane","Cubic metres","72","thousands","3","v18142","3.5","17.0","","","","1"
"2025-09","Saskatchewan","2016A000247","Ethane","Cubic metres","72","thousands","3","v18147","3.6","","x","","","1"
"2025-09","Alberta","2016A000248","Propane","Cubic metres","72","thousands","3","v18138","4.4","1015.2","","","","1"
"2025-09","Alberta","2016A000248","Butane","Cubic metres","72","thousands","3","v18143","4.5","612.8","","","","1"
"2025-09","Alberta","2016A000248","Ethane","Cubic metres","72","thousands","3","v18148","4.6","1130.8","","","","1"
"2025-09","Alberta","2016A000248","Sulphur","Tonnes","288","units","0","v18153","4.7","","x","","","0"
"2025-09","British Columbia","2016A000259","Propane","Cubic metres","72","thousands","3","v18139","5.4","","x","","","1"
"2025-09","British Columbia","2016A000259","Butane","Cubic metres","72","thousands","3","v18144","5.5","","x","","","1"
"2025-09","British Columbia","2016A000259","Ethane","Cubic metres","72","thousands","3","v18149","5.6","","x","","","1"
"2025-09","British Columbia","2016A000259","Sulphur","Tonnes","288","units","0","v18154","5.7","","x","","","0"
"2025-10","Canada","2016A000011124","Propane","Cubic metres","72","thousands","3","v18135","1.4","1589.7","","","","1"
"2025-10","Canada","2016A000011124","Butane","Cubic metres","72","thousands","3","v18140","1.5","1086.1","","","","1"
"2025-10","Canada","2016A000011124","Ethane","Cubic metres","72","thousands","3","v18145","1.6","1236.0","","","","1"
"2025-10","Canada","2016A000011124","Sulphur","Tonnes","288","units","0","v18150","1.7","379968","","","","0"
"2025-10","Nova Scotia","2016A000212","Propane","Cubic metres","72","thousands","3","v783740","6.4","","x","","","1"
"2025-10","Nova Scotia","2016A000212","Butane","Cubic metres","72","thousands","3","v783741","6.5","","x","","","1"
"2025-10","Ontario","2016A000235","Propane","Cubic metres","72","thousands","3","v107638452","7.4","","x","","","1"
"2025-10","Ontario","2016A000235","Butane","Cubic metres","72","thousands","3","v107638453","7.5","","x","","","1"
"2025-10","Saskatchewan","2016A000247","Propane","Cubic metres","72","thousands","3","v18137","3.4","32.9","","","","1"
"2025-10","Saskatchewan","2016A000247","Butane","Cubic metres","72","thousands","3","v18142","3.5","18.9","","","","1"
"2025-10","Saskatchewan","2016A000247","Ethane","Cubic metres","72","thousands","3","v18147","3.6","","x","","","1"
"2025-10","Alberta","2016A000248","Propane","Cubic metres","72","thousands","3","v18138","4.4","1025.5","","","","1"
"2025-10","Alberta","2016A000248","Butane","Cubic metres","72","thousands","3","v18143","4.5","670.8","","","","1"
"2025-10","Alberta","2016A000248","Ethane","Cubic metres","72","thousands","3","v18148","4.6","1208.1","","","","1"
"2025-10","Alberta","2016A000248","Sulphur","Tonnes","288","units","0","v18153","4.7","","x","","","0"
"2025-10","British Columbia","2016A000259","Propane","Cubic metres","72","thousands","3","v18139","5.4","","x","","","1"
"2025-10","British Columbia","2016A000259","Butane","Cubic metres","72","thousands","3","v18144","5.5","","x","","","1"
"2025-10","British Columbia","2016A000259","Ethane","Cubic metres","72","thousands","3","v18149","5.6","","x","","","1"
"2025-10","British Columbia","2016A000259","Sulphur","Tonnes","288","units","0","v18154","5.7","","x","","","0"
"2025-11","Canada","2016A000011124","Propane","Cubic metres","72","thousands","3","v18135","1.4","1785.8","","","","1"
"2025-11","Canada","2016A000011124","Butane","Cubic metres","72","thousands","3","v18140","1.5","1112.5","","","","1"
"2025-11","Canada","2016A000011124","Ethane","Cubic metres","72","thousands","3","v18145","1.6","1281.4","","","","1"
"2025-11","Canada","2016A000011124","Sulphur","Tonnes","288","units","0","v18150","1.7","402302","","","","0"
"2025-11","Nova Scotia","2016A000212","Propane","Cubic metres","72","thousands","3","v783740","6.4","","x","","","1"
"2025-11","Nova Scotia","2016A000212","Butane","Cubic metres","72","thousands","3","v783741","6.5","","x","","","1"
"2025-11","Ontario","2016A000235","Propane","Cubic metres","72","thousands","3","v107638452","7.4","","x","","","1"
"2025-11","Ontario","2016A000235","Butane","Cubic metres","72","thousands","3","v107638453","7.5","","x","","","1"
"2025-11","Saskatchewan","2016A000247","Propane","Cubic metres","72","thousands","3","v18137","3.4","33.5","","","","1"
"2025-11","Saskatchewan","2016A000247","Butane","Cubic metres","72","thousands","3","v18142","3.5","19.1","","","","1"
"2025-11","Saskatchewan","2016A000247","Ethane","Cubic metres","72","thousands","3","v18147","3.6","","x","","","1"
"2025-11","Alberta","2016A000248","Propane","Cubic metres","72","thousands","3","v18138","4.4","1163.5","","","","1"
"2025-11","Alberta","2016A000248","Butane","Cubic metres","72","thousands","3","v18143","4.5","718.4","","","","1"
"2025-11","Alberta","2016A000248","Ethane","Cubic metres","72","thousands","3","v18148","4.6","1252.6","","","","1"
"2025-11","Alberta","2016A000248","Sulphur","Tonnes","288","units","0","v18153","4.7","","x","","","0"
"2025-11","British Columbia","2016A000259","Propane","Cubic metres","72","thousands","3","v18139","5.4","","x","","","1"
"2025-11","British Columbia","2016A000259","Butane","Cubic metres","72","thousands","3","v18144","5.5","","x","","","1"
"2025-11","British Columbia","2016A000259","Ethane","Cubic metres","72","thousands","3","v18149","5.6","","x","","","1"
"2025-11","British Columbia","2016A000259","Sulphur","Tonnes","288","units","0","v18154","5.7","","x","","","0"
"2025-12","Canada","2016A000011124","Propane","Cubic metres","72","thousands","3","v18135","1.4","1736.9","","","","1"
"2025-12","Canada","2016A000011124","Butane","Cubic metres","72","thousands","3","v18140","1.5","1151.0","","","","1"
"2025-12","Canada","2016A000011124","Ethane","Cubic metres","72","thousands","3","v18145","1.6","1242.2","","","","1"
"2025-12","Canada","2016A000011124","Sulphur","Tonnes","288","units","0","v18150","1.7","378449","","","","0"
"2025-12","Nova Scotia","2016A000212","Propane","Cubic metres","72","thousands","3","v783740","6.4","","x","","","1"
"2025-12","Nova Scotia","2016A000212","Butane","Cubic metres","72","thousands","3","v783741","6.5","","x","","","1"
"2025-12","Ontario","2016A000235","Propane","Cubic metres","72","thousands","3","v107638452","7.4","","x","","","1"
"2025-12","Ontario","2016A000235","Butane","Cubic metres","72","thousands","3","v107638453","7.5","","x","","","1"
"2025-12","Saskatchewan","2016A000247","Propane","Cubic metres","72","thousands","3","v18137","3.4","29.4","","","","1"
"2025-12","Saskatchewan","2016A000247","Butane","Cubic metres","72","thousands","3","v18142","3.5","17.6","","","","1"
"2025-12","Saskatchewan","2016A000247","Ethane","Cubic metres","72","thousands","3","v18147","3.6","","x","","","1"
"2025-12","Alberta","2016A000248","Propane","Cubic metres","72","thousands","3","v18138","4.4","1157.0","","","","1"
"2025-12","Alberta","2016A000248","Butane","Cubic metres","72","thousands","3","v18143","4.5","753.6","","","","1"
"2025-12","Alberta","2016A000248","Ethane","Cubic metres","72","thousands","3","v18148","4.6","1212.0","","","","1"
"2025-12","Alberta","2016A000248","Sulphur","Tonnes","288","units","0","v18153","4.7","","x","","","0"
"2025-12","British Columbia","2016A000259","Propane","Cubic metres","72","thousands","3","v18139","5.4","","x","","","1"
"2025-12","British Columbia","2016A000259","Butane","Cubic metres","72","thousands","3","v18144","5.5","","x","","","1"
"2025-12","British Columbia","2016A000259","Ethane","Cubic metres","72","thousands","3","v18149","5.6","","x","","","1"
"2025-12","British Columbia","2016A000259","Sulphur","Tonnes","288","units","0","v18154","5.7","","x","","","0"
"2026-01","Canada","2016A000011124","Propane","Cubic metres","72","thousands","3","v18135","1.4","1777.2","","","","1"
"2026-01","Canada","2016A000011124","Butane","Cubic metres","72","thousands","3","v18140","1.5","1152.9","","","","1"
"2026-01","Canada","2016A000011124","Ethane","Cubic metres","72","thousands","3","v18145","1.6","1269.7","","","","1"
"2026-01","Canada","2016A000011124","Sulphur","Tonnes","288","units","0","v18150","1.7","376114","","","","0"
"2026-01","Nova Scotia","2016A000212","Propane","Cubic metres","72","thousands","3","v783740","6.4","","x","","","1"
"2026-01","Nova Scotia","2016A000212","Butane","Cubic metres","72","thousands","3","v783741","6.5","","x","","","1"
"2026-01","Ontario","2016A000235","Propane","Cubic metres","72","thousands","3","v107638452","7.4","","x","","","1"
"2026-01","Ontario","2016A000235","Butane","Cubic metres","72","thousands","3","v107638453","7.5","","x","","","1"
"2026-01","Saskatchewan","2016A000247","Propane","Cubic metres","72","thousands","3","v18137","3.4","29.5","","","","1"
"2026-01","Saskatchewan","2016A000247","Butane","Cubic metres","72","thousands","3","v18142","3.5","17.3","","","","1"
"2026-01","Saskatchewan","2016A000247","Ethane","Cubic metres","72","thousands","3","v18147","3.6","","x","","","1"
"2026-01","Alberta","2016A000248","Propane","Cubic metres","72","thousands","3","v18138","4.4","1197.0","","","","1"
"2026-01","Alberta","2016A000248","Butane","Cubic metres","72","thousands","3","v18143","4.5","756.6","","","","1"
"2026-01","Alberta","2016A000248","Ethane","Cubic metres","72","thousands","3","v18148","4.6","1240.2","","","","1"
"2026-01","Alberta","2016A000248","Sulphur","Tonnes","288","units","0","v18153","4.7","","x","","","0"
"2026-01","British Columbia","2016A000259","Propane","Cubic metres","72","thousands","3","v18139","5.4","","x","","","1"
"2026-01","British Columbia","2016A000259","Butane","Cubic metres","72","thousands","3","v18144","5.5","","x","","","1"
"2026-01","British Columbia","2016A000259","Ethane","Cubic metres","72","thousands","3","v18149","5.6","","x","","","1"
"2026-01","British Columbia","2016A000259","Sulphur","Tonnes","288","units","0","v18154","5.7","","x","","","0"
"2026-02","Canada","2016A000011124","Propane","Cubic metres","72","thousands","3","v18135","1.4","1627.8","","","","1"
"2026-02","Canada","2016A000011124","Butane","Cubic metres","72","thousands","3","v18140","1.5","1033.1","","","","1"
"2026-02","Canada","2016A000011124","Ethane","Cubic metres","72","thousands","3","v18145","1.6","1169.5","","","","1"
"2026-02","Canada","2016A000011124","Sulphur","Tonnes","288","units","0","v18150","1.7","336485","","","","0"
"2026-02","Nova Scotia","2016A000212","Propane","Cubic metres","72","thousands","3","v783740","6.4","","x","","","1"
"2026-02","Nova Scotia","2016A000212","Butane","Cubic metres","72","thousands","3","v783741","6.5","","x","","","1"
"2026-02","Ontario","2016A000235","Propane","Cubic metres","72","thousands","3","v107638452","7.4","","x","","","1"
"2026-02","Ontario","2016A000235","Butane","Cubic metres","72","thousands","3","v107638453","7.5","","x","","","1"
"2026-02","Saskatchewan","2016A000247","Propane","Cubic metres","72","thousands","3","v18137","3.4","28.6","","","","1"
"2026-02","Saskatchewan","2016A000247","Butane","Cubic metres","72","thousands","3","v18142","3.5","17.7","","","","1"
"2026-02","Saskatchewan","2016A000247","Ethane","Cubic metres","72","thousands","3","v18147","3.6","","x","","","1"
"2026-02","Alberta","2016A000248","Propane","Cubic metres","72","thousands","3","v18138","4.4","1098.1","","","","1"
"2026-02","Alberta","2016A000248","Butane","Cubic metres","72","thousands","3","v18143","4.5","669.5","","","","1"
"2026-02","Alberta","2016A000248","Ethane","Cubic metres","72","thousands","3","v18148","4.6","1141.8","","","","1"
"2026-02","Alberta","2016A000248","Sulphur","Tonnes","288","units","0","v18153","4.7","","x","","","0"
"2026-02","British Columbia","2016A000259","Propane","Cubic metres","72","thousands","3","v18139","5.4","","x","","","1"
"2026-02","British Columbia","2016A000259","Butane","Cubic metres","72","thousands","3","v18144","5.5","","x","","","1"
"2026-02","British Columbia","2016A000259","Ethane","Cubic metres","72","thousands","3","v18149","5.6","","x","","","1"
"2026-02","British Columbia","2016A000259","Sulphur","Tonnes","288","units","0","v18154","5.7","","x","","","0"
"2026-03","Canada","2016A000011124","Propane","Cubic metres","72","thousands","3","v18135","1.4","1747.9","","","","1"
"2026-03","Canada","2016A000011124","Butane","Cubic metres","72","thousands","3","v18140","1.5","1130.4","","","","1"
"2026-03","Canada","2016A000011124","Ethane","Cubic metres","72","thousands","3","v18145","1.6","1292.2","","","","1"
"2026-03","Canada","2016A000011124","Sulphur","Tonnes","288","units","0","v18150","1.7","368252","","","","0"
"2026-03","Nova Scotia","2016A000212","Propane","Cubic metres","72","thousands","3","v783740","6.4","","x","","","1"
"2026-03","Nova Scotia","2016A000212","Butane","Cubic metres","72","thousands","3","v783741","6.5","","x","","","1"
"2026-03","Ontario","2016A000235","Propane","Cubic metres","72","thousands","3","v107638452","7.4","","x","","","1"
"2026-03","Ontario","2016A000235","Butane","Cubic metres","72","thousands","3","v107638453","7.5","","x","","","1"
"2026-03","Saskatchewan","2016A000247","Propane","Cubic metres","72","thousands","3","v18137","3.4","32.9","","","","1"
"2026-03","Saskatchewan","2016A000247","Butane","Cubic metres","72","thousands","3","v18142","3.5","18.0","","","","1"
"2026-03","Saskatchewan","2016A000247","Ethane","Cubic metres","72","thousands","3","v18147","3.6","","x","","","1"
"2026-03","Alberta","2016A000248","Propane","Cubic metres","72","thousands","3","v18138","4.4","1196.6","","","","1"
"2026-03","Alberta","2016A000248","Butane","Cubic metres","72","thousands","3","v18143","4.5","750.8","","","","1"
"2026-03","Alberta","2016A000248","Ethane","Cubic metres","72","thousands","3","v18148","4.6","1261.5","","","","1"
"2026-03","Alberta","2016A000248","Sulphur","Tonnes","288","units","0","v18153","4.7","","x","","","0"
"2026-03","British Columbia","2016A000259","Propane","Cubic metres","72","thousands","3","v18139","5.4","","x","","","1"
"2026-03","British Columbia","2016A000259","Butane","Cubic metres","72","thousands","3","v18144","5.5","","x","","","1"
"2026-03","British Columbia","2016A000259","Ethane","Cubic metres","72","thousands","3","v18149","5.6","","x","","","1"
"2026-03","British Columbia","2016A000259","Sulphur","Tonnes","288","units","0","v18154","5.7","","x","","","0"
"2026-04","Canada","2016A000011124","Propane","Cubic metres","72","thousands","3","v18135","1.4","1640.5","","","","1"
"2026-04","Canada","2016A000011124","Butane","Cubic metres","72","thousands","3","v18140","1.5","1060.9","","","","1"
"2026-04","Canada","2016A000011124","Ethane","Cubic metres","72","thousands","3","v18145","1.6","1279.6","","","","1"
"2026-04","Canada","2016A000011124","Sulphur","Tonnes","288","units","0","v18150","1.7","366472","","","","0"
"2026-04","Nova Scotia","2016A000212","Propane","Cubic metres","72","thousands","3","v783740","6.4","","x","","","1"
"2026-04","Nova Scotia","2016A000212","Butane","Cubic metres","72","thousands","3","v783741","6.5","","x","","","1"
"2026-04","Ontario","2016A000235","Propane","Cubic metres","72","thousands","3","v107638452","7.4","","x","","","1"
"2026-04","Ontario","2016A000235","Butane","Cubic metres","72","thousands","3","v107638453","7.5","","x","","","1"
"2026-04","Saskatchewan","2016A000247","Propane","Cubic metres","72","thousands","3","v18137","3.4","32.4","","","","1"
"2026-04","Saskatchewan","2016A000247","Butane","Cubic metres","72","thousands","3","v18142","3.5","16.1","","","","1"
"2026-04","Saskatchewan","2016A000247","Ethane","Cubic metres","72","thousands","3","v18147","3.6","","x","","","1"
"2026-04","Alberta","2016A000248","Propane","Cubic metres","72","thousands","3","v18138","4.4","1097.5","","","","1"
"2026-04","Alberta","2016A000248","Butane","Cubic metres","72","thousands","3","v18143","4.5","687.8","","","","1"
"2026-04","Alberta","2016A000248","Ethane","Cubic metres","72","thousands","3","v18148","4.6","1253.4","","","","1"
"2026-04","Alberta","2016A000248","Sulphur","Tonnes","288","units","0","v18153","4.7","","x","","","0"
"2026-04","British Columbia","2016A000259","Propane","Cubic metres","72","thousands","3","v18139","5.4","","x","","","1"
"2026-04","British Columbia","2016A000259","Butane","Cubic metres","72","thousands","3","v18144","5.5","","x","","","1"
"2026-04","British Columbia","2016A000259","Ethane","Cubic metres","72","thousands","3","v18149","5.6","","x","","","1"
"2026-04","British Columbia","2016A000259","Sulphur","Tonnes","288","units","0","v18154","5.7","","x","","","0"
"2026-05","Canada","2016A000011124","Propane","Cubic metres","72","thousands","3","v18135","1.4","1576.8","","","","1"
"2026-05","Canada","2016A000011124","Butane","Cubic metres","72","thousands","3","v18140","1.5","1004.7","","","","1"
"2026-05","Canada","2016A000011124","Ethane","Cubic metres","72","thousands","3","v18145","1.6","1209.9","","","","1"
"2026-05","Canada","2016A000011124","Sulphur","Tonnes","288","units","0","v18150","1.7","367153","","","","0"
"2026-05","Nova Scotia","2016A000212","Propane","Cubic metres","72","thousands","3","v783740","6.4","","x","","","1"
"2026-05","Nova Scotia","2016A000212","Butane","Cubic metres","72","thousands","3","v783741","6.5","","x","","","1"
"2026-05","Ontario","2016A000235","Propane","Cubic metres","72","thousands","3","v107638452","7.4","","x","","","1"
"2026-05","Ontario","2016A000235","Butane","Cubic metres","72","thousands","3","v107638453","7.5","","x","","","1"
"2026-05","Saskatchewan","2016A000247","Propane","Cubic metres","72","thousands","3","v18137","3.4","32.2","","","","1"
"2026-05","Saskatchewan","2016A000247","Butane","Cubic metres","72","thousands","3","v18142","3.5","18.6","","","","1"
"2026-05","Saskatchewan","2016A000247","Ethane","Cubic metres","72","thousands","3","v18147","3.6","","x","","","1"
"2026-05","Alberta","2016A000248","Propane","Cubic metres","72","thousands","3","v18138","4.4","1044.5","","","","1"
"2026-05","Alberta","2016A000248","Butane","Cubic metres","72","thousands","3","v18143","4.5","640.9","","","","1"
"2026-05","Alberta","2016A000248","Ethane","Cubic metres","72","thousands","3","v18148","4.6","1185.8","","","","1"
"2026-05","Alberta","2016A000248","Sulphur","Tonnes","288","units","0","v18153","4.7","","x","","","0"
"2026-05","British Columbia","2016A000259","Propane","Cubic metres","72","thousands","3","v18139","5.4","","x","","","1"
"2026-05","British Columbia","2016A000259","Butane","Cubic metres","72","thousands","3","v18144","5.5","","x","","","1"
"2026-05","British Columbia","2016A000259","Ethane","Cubic metres","72","thousands","3","v18149","5.6","","x","","","1"
"2026-05","British Columbia","2016A000259","Sulphur","Tonnes","288","units","0","v18154","5.7","","x","","","0"
"2026-06","Canada","2016A000011124","Propane","Cubic metres","72","thousands","3","v18135","1.4","1662.1","","","","1"
"2026-06","Canada","2016A000011124","Butane","Cubic metres","72","thousands","3","v18140","1.5","1117.3","","","","1"
"2026-06","Canada","2016A000011124","Ethane","Cubic metres","72","thousands","3","v18145","1.6","1061.1","","","","1"
"2026-06","Canada","2016A000011124","Sulphur","Tonnes","288","units","0","v18150","1.7","355809","","","","0"
"2026-06","Nova Scotia","2016A000212","Propane","Cubic metres","72","thousands","3","v783740","6.4","","x","","","1"
"2026-06","Nova Scotia","2016A000212","Butane","Cubic metres","72","thousands","3","v783741","6.5","","x","","","1"
"2026-06","Ontario","2016A000235","Propane","Cubic metres","72","thousands","3","v107638452","7.4","","x","","","1"
"2026-06","Ontario","2016A000235","Butane","Cubic metres","72","thousands","3","v107638453","7.5","","x","","","1"
"2026-06","Saskatchewan","2016A000247","Propane","Cubic metres","72","thousands","3","v18137","3.4","32.2","","","","1"
"2026-06","Saskatchewan","2016A000247","Butane","Cubic metres","72","thousands","3","v18142","3.5","18.5","","","","1"
"2026-06","Saskatchewan","2016A000247","Ethane","Cubic metres","72","thousands","3","v18147","3.6","","x","","","1"
"2026-06","Alberta","2016A000248","Propane","Cubic metres","72","thousands","3","v18138","4.4","1121.0","","","","1"
"2026-06","Alberta","2016A000248","Butane","Cubic metres","72","thousands","3","v18143","4.5","746.3","","","","1"
"2026-06","Alberta","2016A000248","Ethane","Cubic metres","72","thousands","3","v18148","4.6","1031.2","","","","1"
"2026-06","Alberta","2016A000248","Sulphur","Tonnes","288","units","0","v18153","4.7","","x","","","0"
"2026-06","British Columbia","2016A000259","Propane","Cubic metres","72","thousands","3","v18139","5.4","","x","","","1"
"2026-06","British Columbia","2016A000259","Butane","Cubic metres","72","thousands","3","v18144","5.5","","x","","","1"
"2026-06","British Columbia","2016A000259","Ethane","Cubic metres","72","thousands","3","v18149","5.6","","x","","","1"
"2026-06","British Columbia","2016A000259","Sulphur","Tonnes","288","units","0","v18154","5.7","","x","","","0"
"2026-07","Canada","2016A000011124","Propane","Cubic metres","72","thousands","3","v18135","1.4","1662.4","","","","1"
"2026-07","Canada","2016A000011124","Butane","Cubic metres","72","thousands","3","v18140","1.5","1101.1","","","","1"
"2026-07","Canada","2016A000011124","Ethane","Cubic metres","72","thousands","3","v18145","1.6","1347.9","","","","1"
"2026-07","Canada","2016A000011124","Sulphur","Tonnes","288","units","0","v18150","1.7","398751","","","","0"
"2026-07","Nova Scotia","2016A000212","Propane","Cubic metres","72","thousands","3","v783740","6.4","","x","","","1"
"2026-07","Nova Scotia","2016A000212","Butane","Cubic metres","72","thousands","3","v783741","6.5","","x","","","1"
"2026-07","Ontario","2016A000235","Propane","Cubic metres","72","thousands","3","v107638452","7.4","","x","","","1"
"2026-07","Ontario","2016A000235","Butane","Cubic metres","72","thousands","3","v107638453","7.5","","x","","","1"
"2026-07","Saskatchewan","2016A000247","Propane","Cubic metres","72","thousands","3","v18137","3.4","33.2","","","","1"
"2026-07","Saskatchewan","2016A000247","Butane","Cubic metres","72","thousands","3","v18142","3.5","18.0","","","","1"
"2026-07","Saskatchewan","2016A000247","Ethane","Cubic metres","72","thousands","3","v18147","3.6","","x","","","1"
"2026-07","Alberta","2016A000248","Propane","Cubic metres","72","thousands","3","v18138","4.4","1132.9","","","","1"
"2026-07","Alberta","2016A000248","Butane","Cubic metres","72","thousands","3","v18143","4.5","737.6","","","","1"
"2026-07","Alberta","2016A000248","Ethane","Cubic metres","72","thousands","3","v18148","4.6","1320.0","","","","1"
"2026-07","Alberta","2016A000248","Sulphur","Tonnes","288","units","0","v18153","4.7","","x","","","0"
"2026-07","British Columbia","2016A000259","Propane","Cubic metres","72","thousands","3","v18139","5.4","","x","","","1"
"2026-07","British Columbia","2016A000259","Butane","Cubic metres","72","thousands","3","v18144","5.5","","x","","","1"
"2026-07","British Columbia","2016A000259","Ethane","Cubic metres","72","thousands","3","v18149","5.6","","x","","","1"
"2026-07","British Columbia","2016A000259","Sulphur","Tonnes","288","units","0","v18154","5.7","","x","","","0"
